timestamp,demand_kw,Biomass,Energy storage,Geothermal,Hydro Pumped Storage,Hydro Run-of-river and poundage,Hydro Water Reservoir,Other renewable,Solar,Wind Offshore,Wind Onshore
2026-01-01 00:00:00+00:00,9014.424804,0.0,0.0,0.0,216.85,681.400024,721.08,0.0,0.10175,0.0,8.22827
2026-01-01 01:00:00+00:00,7862.649414,0.0,0.0,0.0,214.95,681.5,714.0,0.0,0.041343,0.0,2.791026
2026-01-01 02:00:00+00:00,7952.032226,0.0,0.0,0.0,219.45,682.200012,616.9,0.0,0.0,0.0,0.953883
2026-01-01 03:00:00+00:00,8343.797851,0.0,0.0,0.0,220.8,683.599975,473.35,0.0,0.0,0.0,1.180615
2026-01-01 04:00:00+00:00,8301.338867,0.0,0.0,0.0,216.68,685.599975,746.62,0.0,0.0,0.0,1.819647
2026-01-01 05:00:00+00:00,8304.816406,0.0,0.0,0.0,280.8,688.5,657.35,0.0,0.0,0.0,1.693879
2026-01-01 06:00:00+00:00,8652.700195,0.0,0.0,0.0,316.5,692.099975,1075.68,0.0,0.0,0.0,1.994592
2026-01-01 07:00:00+00:00,8104.954589,0.0,0.0,0.0,295.75,696.700012,1209.58,0.0,30.072677,0.0,7.05963
2026-01-01 08:00:00+00:00,8400.686523,0.0,0.0,0.0,205.3,702.200012,1014.28,0.0,265.969573,0.0,13.131772
2026-01-01 09:00:00+00:00,8395.696289,0.0,0.0,0.0,66.78,708.599975,345.58,0.0,647.360778,0.0,32.626838
2026-01-01 10:00:00+00:00,7482.493164,0.0,0.0,0.0,32.18,716.200012,228.6,0.0,978.430358,0.0,36.139442
2026-01-01 11:00:00+00:00,7828.388671,0.0,0.0,0.0,30.22,724.799987,227.25,0.0,1104.200439,0.0,38.739868
2026-01-01 12:00:00+00:00,8266.338867,0.0,0.0,0.0,28.78,734.599975,292.32,0.0,987.73236,0.0,41.275478
2026-01-01 13:00:00+00:00,8045.893066,0.0,0.0,0.0,30.58,745.400024,271.8,0.0,707.17987,0.0,49.172382
2026-01-01 14:00:00+00:00,8045.449707,0.0,0.0,0.0,33.18,757.200012,402.92,0.0,342.80426,0.0,39.706325
2026-01-01 15:00:00+00:00,8092.728515,0.0,0.0,0.0,46.52,769.799987,834.05,0.0,63.661224,0.0,43.86671
2026-01-01 16:00:00+00:00,8412.382812,0.0,0.0,0.0,284.52,783.200012,1191.3,0.0,2.926275,0.0,52.786888
2026-01-01 17:00:00+00:00,8455.132812,0.0,0.0,0.0,534.32,797.099975,1062.32,0.0,2.723235,0.0,59.759941
2026-01-01 18:00:00+00:00,9021.063476,0.0,0.0,0.0,192.35,811.599975,1113.92,0.0,1.824805,0.0,68.356216
2026-01-01 19:00:00+00:00,8364.977539,0.0,0.0,0.0,236.28,826.5,969.6,0.0,1.173113,0.0,57.047191
2026-01-01 20:00:00+00:00,8239.276367,0.0,0.0,0.0,138.05,841.599975,781.2,0.0,0.87256,0.0,63.337284
2026-01-01 21:00:00+00:00,8017.606445,0.0,0.0,0.0,76.32,857.0,766.3,0.0,0.593868,0.0,66.150749
2026-01-01 22:00:00+00:00,8776.549804,0.0,0.0,0.0,81.35,872.400024,638.82,0.0,0.415794,0.0,61.84671
2026-01-01 23:00:00+00:00,8851.041015,0.0,0.0,0.0,21.08,677.900024,458.5,0.0,0.241245,0.0,60.26456
2026-01-02 00:00:00+00:00,8820.33496,0.0,0.0,0.0,19.15,674.299987,322.65,0.0,0.157359,0.0,54.716793
2026-01-02 01:00:00+00:00,7945.146972,0.0,0.0,0.0,24.12,671.200012,270.22,0.0,0.06009,0.0,50.553924
2026-01-02 02:00:00+00:00,8821.784179,0.0,0.0,0.0,26.18,668.599975,168.62,0.0,0.015495,0.0,56.326965
2026-01-02 03:00:00+00:00,8898.774414,0.0,0.0,0.0,17.4,666.599975,194.35,0.0,0.0,0.0,54.030441
2026-01-02 04:00:00+00:00,8030.497558,0.0,0.0,0.0,25.1,665.099975,252.82,0.0,0.0,0.0,52.606353
2026-01-02 05:00:00+00:00,8334.208007,0.0,0.0,0.0,58.78,664.400024,494.32,0.0,0.0,0.0,52.556392
2026-01-02 06:00:00+00:00,8558.660156,0.0,0.0,0.0,325.28,664.5,700.98,0.0,0.0,0.0,48.765804
2026-01-02 07:00:00+00:00,8244.659179,0.0,0.0,0.0,303.22,665.400024,705.6,0.0,22.259685,0.0,42.125595
2026-01-02 08:00:00+00:00,8902.538085,0.0,0.0,0.0,359.4,667.200012,725.38,0.0,150.498458,0.0,42.731746
2026-01-02 09:00:00+00:00,8783.905273,0.0,0.0,0.0,56.2,670.0,545.4,0.0,342.681121,0.0,46.124927
2026-01-02 10:00:00+00:00,8339.964843,0.0,0.0,0.0,47.22,673.900024,438.08,0.0,493.57257,0.0,38.426631
2026-01-02 11:00:00+00:00,7838.875,0.0,0.0,0.0,46.75,679.0,371.18,0.0,607.140869,0.0,38.345298
2026-01-02 12:00:00+00:00,8429.012695,0.0,0.0,0.0,55.88,685.200012,413.95,0.0,505.557739,0.0,35.601715
2026-01-02 13:00:00+00:00,7788.53125,0.0,0.0,0.0,53.2,692.5,679.5,0.0,279.341583,0.0,29.976716
2026-01-02 14:00:00+00:00,8163.205566,0.0,0.0,0.0,105.9,700.900024,798.98,0.0,133.94931,0.0,23.438888
2026-01-02 15:00:00+00:00,8226.487304,0.0,0.0,0.0,424.7,710.099975,1251.02,0.0,19.622507,0.0,20.230571
2026-01-02 16:00:00+00:00,9069.037109,0.0,0.0,0.0,1127.18,720.200012,1408.92,0.0,0.783031,0.0,20.660213
2026-01-02 17:00:00+00:00,8706.391601,0.0,0.0,0.0,1432.65,731.0,1339.65,0.0,0.724586,0.0,24.049383
2026-01-02 18:00:00+00:00,8878.42871,0.0,0.0,0.0,1426.2,742.299987,1314.4,0.0,0.303011,0.0,22.301908
2026-01-02 19:00:00+00:00,8278.887695,0.0,0.0,0.0,1001.02,754.200012,1084.08,0.0,0.081896,0.0,20.495735
2026-01-02 20:00:00+00:00,7983.933593,0.0,0.0,0.0,471.22,766.400024,926.88,0.0,0.007227,0.0,21.086019
2026-01-02 21:00:00+00:00,8510.557617,0.0,0.0,0.0,316.52,778.900024,714.05,0.0,0.0,0.0,18.118785
2026-01-02 22:00:00+00:00,8776.065429,0.0,0.0,0.0,143.05,791.700012,585.02,0.0,0.0,0.0,12.156395
2026-01-02 23:00:00+00:00,8989.360351,0.0,0.0,0.0,25.68,662.0,425.28,0.0,0.0,0.0,10.267202
2026-01-03 00:00:00+00:00,7337.293457,0.0,0.0,0.0,27.98,660.900024,223.4,0.0,0.0,0.0,10.190864
2026-01-03 01:00:00+00:00,8355.930664,0.0,0.0,0.0,26.12,660.099975,178.92,0.0,0.0,0.0,10.097182
2026-01-03 02:00:00+00:00,8793.970703,0.0,0.0,0.0,24.92,659.700012,162.2,0.0,0.0,0.0,9.594326
2026-01-03 03:00:00+00:00,7887.260742,0.0,0.0,0.0,15.78,659.700012,261.0,0.0,0.0,0.0,7.794568
2026-01-03 04:00:00+00:00,8197.940429,0.0,0.0,0.0,24.52,660.200012,272.45,0.0,0.0,0.0,7.49894
2026-01-03 05:00:00+00:00,7168.079589,0.0,0.0,0.0,28.42,661.099975,482.2,0.0,0.0,0.0,6.354416
2026-01-03 06:00:00+00:00,7323.618652,0.0,0.0,0.0,34.52,662.5,508.02,0.0,0.0,0.0,5.261164
2026-01-03 07:00:00+00:00,7686.784667,0.0,0.0,0.0,118.48,664.400024,562.92,0.0,4.002781,0.0,6.803623
2026-01-03 08:00:00+00:00,8098.854492,0.0,0.0,0.0,160.25,666.900024,614.85,0.0,46.79718,0.0,9.934199
2026-01-03 09:00:00+00:00,7867.875976,0.0,0.0,0.0,107.65,669.900024,651.32,0.0,138.433486,0.0,11.207367
2026-01-03 10:00:00+00:00,8189.5,0.0,0.0,0.0,34.05,673.599975,460.52,0.0,268.722656,0.0,12.787962
2026-01-03 11:00:00+00:00,8191.88916,0.0,0.0,0.0,30.88,678.0,392.92,0.0,361.204895,0.0,12.010433
2026-01-03 12:00:00+00:00,8221.943359,0.0,0.0,0.0,30.6,683.0,231.8,0.0,390.743835,0.0,17.106527
2026-01-03 13:00:00+00:00,7981.145507,0.0,0.0,0.0,37.35,688.599975,376.62,0.0,316.814788,0.0,21.246604
2026-01-03 14:00:00+00:00,8012.030273,0.0,0.0,0.0,135.98,694.900024,517.78,0.0,162.038909,0.0,22.022958
2026-01-03 15:00:00+00:00,8466.315429,0.0,0.0,0.0,346.92,701.599975,858.88,0.0,25.822656,0.0,32.137077
2026-01-03 16:00:00+00:00,8637.52539,0.0,0.0,0.0,846.8,708.900024,1495.58,0.0,0.505009,0.0,27.318477
2026-01-03 17:00:00+00:00,8523.359375,0.0,0.0,0.0,1061.55,716.5,1448.12,0.0,0.503095,0.0,23.31796
2026-01-03 18:00:00+00:00,8869.28125,0.0,0.0,0.0,1168.6,724.599975,1374.78,0.0,0.138952,0.0,19.680587
2026-01-03 19:00:00+00:00,8540.52832,0.0,0.0,0.0,837.02,732.900024,1057.52,0.0,0.0,0.0,17.19807
2026-01-03 20:00:00+00:00,7865.184082,0.0,0.0,0.0,204.42,741.5,625.82,0.0,0.0,0.0,16.36337
2026-01-03 21:00:00+00:00,8245.107421,0.0,0.0,0.0,89.15,750.299987,618.25,0.0,0.0,0.0,11.629564
2026-01-03 22:00:00+00:00,7838.700683,0.0,0.0,0.0,58.98,759.299987,464.9,0.0,0.0,0.0,9.011783
2026-01-03 23:00:00+00:00,7980.539062,0.0,0.0,0.0,30.05,655.099975,407.0,0.0,0.0,0.0,9.717539
2026-01-04 00:00:00+00:00,8121.050292,0.0,0.0,0.0,47.55,653.599975,287.75,0.0,0.0,0.0,8.588013
2026-01-04 01:00:00+00:00,8137.077148,0.0,0.0,0.0,30.68,652.5,236.8,0.0,0.0,0.0,8.686757
2026-01-04 02:00:00+00:00,7967.675781,0.0,0.0,0.0,29.35,651.900024,204.42,0.0,0.0,0.0,4.995812
2026-01-04 03:00:00+00:00,8069.525878,0.0,0.0,0.0,31.95,651.700012,198.08,0.0,0.0,0.0,2.256587
2026-01-04 04:00:00+00:00,8001.08496,0.0,0.0,0.0,36.88,652.0,296.28,0.0,0.0,0.0,1.047289
2026-01-04 05:00:00+00:00,8034.983886,0.0,0.0,0.0,39.68,652.900024,414.45,0.0,0.0,0.0,0.0
2026-01-04 06:00:00+00:00,8071.540527,0.0,0.0,0.0,43.58,654.400024,497.08,0.0,0.0,0.0,0.245949
2026-01-04 07:00:00+00:00,8354.577148,0.0,0.0,0.0,61.22,656.599975,595.22,0.0,11.159042,0.0,1.649997
2026-01-04 08:00:00+00:00,8428.984375,0.0,0.0,0.0,197.78,659.5,571.88,0.0,116.495872,0.0,4.670683
2026-01-04 09:00:00+00:00,8419.327148,0.0,0.0,0.0,248.0,663.200012,509.18,0.0,289.929046,0.0,5.613315
2026-01-04 10:00:00+00:00,7700.738281,0.0,0.0,0.0,125.28,667.700012,451.95,0.0,458.022186,0.0,3.488271
2026-01-04 11:00:00+00:00,8210.198242,0.0,0.0,0.0,47.62,673.099975,727.8,0.0,547.029357,0.0,1.607363
2026-01-04 12:00:00+00:00,7780.07373,0.0,0.0,0.0,34.3,679.400024,528.18,0.0,531.761352,0.0,0.304775
2026-01-04 13:00:00+00:00,8038.455566,0.0,0.0,0.0,36.88,686.599975,435.75,0.0,406.056182,0.0,0.490929
2026-01-04 14:00:00+00:00,7673.192382,0.0,0.0,0.0,40.45,694.5,571.28,0.0,197.101837,0.0,1.543116
2026-01-04 15:00:00+00:00,8755.70996,0.0,0.0,0.0,140.92,703.200012,893.0,0.0,31.747688,0.0,2.440637
2026-01-04 16:00:00+00:00,8373.367187,0.0,0.0,0.0,1139.0,712.400024,1692.6,0.0,1.209756,0.0,3.478578
2026-01-04 17:00:00+00:00,8390.591796,0.0,0.0,0.0,1411.12,722.200012,2276.1,0.0,1.169601,0.0,3.899087
2026-01-04 18:00:00+00:00,8454.958984,0.0,0.0,0.0,1203.98,732.400024,2052.38,0.0,0.529347,0.0,3.560396
2026-01-04 19:00:00+00:00,8286.876953,0.0,0.0,0.0,863.0,743.0,1702.08,0.0,0.253996,0.0,3.657543
2026-01-04 20:00:00+00:00,8179.4375,0.0,0.0,0.0,379.2,753.900024,839.35,0.0,0.048401,0.0,5.49161
2026-01-04 21:00:00+00:00,7912.043945,0.0,0.0,0.0,256.98,765.0,620.58,0.0,0.0,0.0,6.809438
2026-01-04 22:00:00+00:00,7873.519042,0.0,0.0,0.0,142.7,776.299987,503.0,0.0,0.0,0.0,6.943424
2026-01-04 23:00:00+00:00,8280.066406,0.0,0.0,0.0,50.15,840.599975,417.58,0.0,0.0,0.0,4.94233
2026-01-05 00:00:00+00:00,8639.302734,0.0,0.0,0.0,38.1,854.299987,340.18,0.0,0.0,0.0,3.512263
2026-01-05 01:00:00+00:00,8727.839843,0.0,0.0,0.0,26.6,867.799987,322.22,0.0,0.0,0.0,2.11794
2026-01-05 02:00:00+00:00,8728.170898,0.0,0.0,0.0,23.65,880.900024,327.45,0.0,0.0,0.0,1.338088
2026-01-05 03:00:00+00:00,8722.197265,0.0,0.0,0.0,27.85,893.599975,300.08,0.0,0.0,0.0,1.011501
2026-01-05 04:00:00+00:00,8907.113281,0.0,0.0,0.0,72.42,905.700012,523.82,0.0,0.0,0.0,0.334904
2026-01-05 05:00:00+00:00,8675.18164,0.0,0.0,0.0,392.35,917.200012,1213.02,0.0,0.0,0.0,0.001784
2026-01-05 06:00:00+00:00,9734.425781,0.0,0.0,0.0,2052.88,927.900024,2708.58,0.0,0.0,0.0,1.357421
2026-01-05 07:00:00+00:00,9502.229492,0.0,0.0,0.0,3722.9,937.799987,3155.4,0.0,6.58411,0.0,2.461735
2026-01-05 08:00:00+00:00,9729.198242,0.0,0.0,0.0,3934.5,946.700012,3252.65,0.0,72.330825,0.0,3.057749
2026-01-05 09:00:00+00:00,9695.695312,0.0,0.0,0.0,3911.85,954.5,3188.08,0.0,199.342254,0.0,2.804564
2026-01-05 10:00:00+00:00,9916.942382,0.0,0.0,0.0,3911.32,961.200012,3064.2,0.0,356.195129,0.0,2.377162
2026-01-05 11:00:00+00:00,9685.021484,0.0,0.0,0.0,3359.0,966.700012,2691.78,0.0,477.505218,0.0,2.801064
2026-01-05 12:00:00+00:00,9342.473632,0.0,0.0,0.0,3231.25,970.799987,2228.75,0.0,500.262207,0.0,3.784274
2026-01-05 13:00:00+00:00,8887.77832,0.0,0.0,0.0,3265.82,973.599975,2322.95,0.0,393.340087,0.0,5.267312
2026-01-05 14:00:00+00:00,9301.257812,0.0,0.0,0.0,3997.72,975.200012,2922.15,0.0,199.544769,0.0,7.277693
2026-01-05 15:00:00+00:00,9643.632812,0.0,0.0,0.0,4334.82,975.700012,3271.3,0.0,33.411167,0.0,8.802595
2026-01-05 16:00:00+00:00,9638.330078,0.0,0.0,0.0,4408.2,975.099975,3623.28,0.0,0.582585,0.0,10.906619
2026-01-05 17:00:00+00:00,9809.894531,0.0,0.0,0.0,4487.9,973.599975,3674.88,0.0,0.780056,0.0,7.150083
2026-01-05 18:00:00+00:00,9189.49121,0.0,0.0,0.0,4338.68,971.099975,3490.7,0.0,0.369762,0.0,8.150838
2026-01-05 19:00:00+00:00,9625.410156,0.0,0.0,0.0,4091.4,967.799987,3304.48,0.0,0.034787,0.0,8.195738
2026-01-05 20:00:00+00:00,9302.644531,0.0,0.0,0.0,3237.88,963.799987,2601.62,0.0,0.0,0.0,9.064353
2026-01-05 21:00:00+00:00,8835.24414,0.0,0.0,0.0,2252.95,959.200012,2211.0,0.0,0.0,0.0,9.581616
2026-01-05 22:00:00+00:00,8700.24414,0.0,0.0,0.0,1178.22,953.900024,1704.58,0.0,0.0,0.0,10.527476
2026-01-05 23:00:00+00:00,8804.253906,0.0,0.0,0.0,420.65,1169.900024,962.05,0.0,0.0,0.0,8.9788
2026-01-06 00:00:00+00:00,8529.058593,0.0,0.0,0.0,294.22,1176.099975,768.4,0.0,0.0,0.0,7.662027
2026-01-06 01:00:00+00:00,8957.649414,0.0,0.0,0.0,306.88,1181.300048,673.62,0.0,0.0,0.0,7.232197
2026-01-06 02:00:00+00:00,8962.333984,0.0,0.0,0.0,298.9,1185.400024,641.32,0.0,0.0,0.0,8.016233
2026-01-06 03:00:00+00:00,8940.828125,0.0,0.0,0.0,338.3,1188.5,913.02,0.0,0.0,0.0,7.096874
2026-01-06 04:00:00+00:00,8300.324218,0.0,0.0,0.0,872.88,1190.400024,1494.72,0.0,0.0,0.0,6.854874
2026-01-06 05:00:00+00:00,8366.027343,0.0,0.0,0.0,1988.08,1191.199951,1816.58,0.0,0.0,0.0,7.504406
2026-01-06 06:00:00+00:00,9356.702148,0.0,0.0,0.0,3728.62,1190.699951,2894.02,0.0,0.0,0.0,6.31708
2026-01-06 07:00:00+00:00,9360.032226,0.0,0.0,0.0,4231.12,1189.0,3328.2,0.0,13.35152,0.0,8.389969
2026-01-06 08:00:00+00:00,9347.720703,0.0,0.0,0.0,4184.62,1186.0,3058.32,0.0,112.472457,0.0,8.874024
2026-01-06 09:00:00+00:00,9087.489257,0.0,0.0,0.0,4078.32,1181.699951,3256.35,0.0,246.045349,0.0,7.781696
2026-01-06 10:00:00+00:00,8619.799804,0.0,0.0,0.0,3827.72,1176.0,2803.38,0.0,362.386901,0.0,8.193121
2026-01-06 11:00:00+00:00,8946.345703,0.0,0.0,0.0,3742.08,1168.800048,2599.5,0.0,416.36911,0.0,9.464963
2026-01-06 12:00:00+00:00,8879.132812,0.0,0.0,0.0,3463.58,1160.199951,2403.95,0.0,380.311584,0.0,10.83098
2026-01-06 13:00:00+00:00,8043.006347,0.0,0.0,0.0,3035.2,1150.300048,2508.52,0.0,272.427337,0.0,12.714044
2026-01-06 14:00:00+00:00,8771.666992,0.0,0.0,0.0,3507.02,1139.099975,2719.22,0.0,120.866226,0.0,15.519738
2026-01-06 15:00:00+00:00,9671.885742,0.0,0.0,0.0,3968.08,1126.699951,3089.65,0.0,20.597515,0.0,17.454137
2026-01-06 16:00:00+00:00,9500.461914,0.0,0.0,0.0,4048.52,1113.400024,3176.72,0.0,0.148082,0.0,15.721246
2026-01-06 17:00:00+00:00,9446.84082,0.0,0.0,0.0,3931.75,1099.099975,3259.58,0.0,0.337238,0.0,15.529904
2026-01-06 18:00:00+00:00,9196.435546,0.0,0.0,0.0,3701.55,1084.0,2996.42,0.0,0.091701,0.0,11.328984
2026-01-06 19:00:00+00:00,8411.608398,0.0,0.0,0.0,1388.52,1068.300048,2395.38,0.0,0.0,0.0,5.344308
2026-01-06 20:00:00+00:00,8424.865234,0.0,0.0,0.0,421.6,1051.900024,978.62,0.0,0.0,0.0,4.540552
2026-01-06 21:00:00+00:00,8616.107421,0.0,0.0,0.0,312.88,1035.199951,749.65,0.0,0.0,0.0,5.372757
2026-01-06 22:00:00+00:00,8120.76416,0.0,0.0,0.0,284.55,1018.0,577.8,0.0,0.0,0.0,4.228165
2026-01-06 23:00:00+00:00,8085.467773,0.0,0.0,0.0,132.42,1099.5,926.28,0.0,0.0,0.0,1.389025
2026-01-07 00:00:00+00:00,8239.005859,0.0,0.0,0.0,76.6,1090.199951,557.72,0.0,0.0,0.0,2.210358
2026-01-07 01:00:00+00:00,8284.932617,0.0,0.0,0.0,40.62,1080.5,486.12,0.0,0.0,0.0,2.174238
2026-01-07 02:00:00+00:00,8225.655273,0.0,0.0,0.0,37.28,1070.599975,503.35,0.0,0.0,0.0,0.566193
2026-01-07 03:00:00+00:00,8226.12207,0.0,0.0,0.0,53.02,1060.5,598.45,0.0,0.0,0.0,1.418374
2026-01-07 04:00:00+00:00,8035.77539,0.0,0.0,0.0,95.3,1050.099975,771.98,0.0,0.0,0.0,1.325151
2026-01-07 05:00:00+00:00,9331.046875,0.0,0.0,0.0,685.15,1039.5,1808.42,0.0,0.0,0.0,1.229473
2026-01-07 06:00:00+00:00,9596.766601,0.0,0.0,0.0,2143.75,1028.800048,2604.9,0.0,0.0,0.0,4.06328
2026-01-07 07:00:00+00:00,9597.506835,0.0,0.0,0.0,2795.42,1018.0,2805.48,0.0,9.572264,0.0,3.756472
2026-01-07 08:00:00+00:00,9464.511718,0.0,0.0,0.0,3041.55,1007.099975,2975.55,0.0,102.384727,0.0,4.93579
2026-01-07 09:00:00+00:00,9363.440429,0.0,0.0,0.0,1715.65,996.099975,2574.25,0.0,263.98117,0.0,6.981903
2026-01-07 10:00:00+00:00,9361.4375,0.0,0.0,0.0,1241.05,985.099975,2322.1,0.0,443.493652,0.0,8.797095
2026-01-07 11:00:00+00:00,9352.200195,0.0,0.0,0.0,1047.05,974.200012,2013.45,0.0,571.369934,0.0,9.548069
2026-01-07 12:00:00+00:00,9461.613281,0.0,0.0,0.0,1171.28,963.200012,2084.52,0.0,558.800598,0.0,8.046589
2026-01-07 13:00:00+00:00,9477.558593,0.0,0.0,0.0,1400.58,952.400024,2372.18,0.0,385.501007,0.0,12.380827
2026-01-07 14:00:00+00:00,9405.001953,0.0,0.0,0.0,1988.95,941.599975,2604.4,0.0,162.417022,0.0,32.412952
2026-01-07 15:00:00+00:00,9717.45996,0.0,0.0,0.0,2009.2,930.900024,3051.55,0.0,21.337535,0.0,38.429367
2026-01-07 16:00:00+00:00,9717.948242,0.0,0.0,0.0,2117.05,920.299987,3059.22,0.0,0.848783,0.0,44.149597
2026-01-07 17:00:00+00:00,9716.920898,0.0,0.0,0.0,2051.8,909.900024,3121.95,0.0,0.861283,0.0,41.167659
2026-01-07 18:00:00+00:00,9453.788085,0.0,0.0,0.0,2085.72,899.599975,2981.45,0.0,0.417359,0.0,38.516784
2026-01-07 19:00:00+00:00,8515.096679,0.0,0.0,0.0,1723.52,889.5,2681.92,0.0,0.130595,0.0,30.18675
2026-01-07 20:00:00+00:00,8760.429687,0.0,0.0,0.0,1014.35,879.5,2226.72,0.0,0.0,0.0,24.144876
2026-01-07 21:00:00+00:00,8831.100585,0.0,0.0,0.0,829.32,869.799987,1395.28,0.0,0.0,0.0,14.895326
2026-01-07 22:00:00+00:00,7758.280273,0.0,0.0,0.0,494.25,860.299987,822.58,0.0,0.0,0.0,13.098963
2026-01-07 23:00:00+00:00,8269.173828,0.0,0.0,0.0,261.58,1002.599975,540.58,0.0,0.0,0.0,15.456199
2026-01-08 00:00:00+00:00,8748.568359,0.0,0.0,0.0,269.48,1003.599975,472.08,0.0,0.0,0.0,20.977794
2026-01-08 01:00:00+00:00,9162.43457,0.0,0.0,0.0,64.9,1004.400024,424.1,0.0,0.0,0.0,23.764493
2026-01-08 02:00:00+00:00,9581.199218,0.0,0.0,0.0,50.22,1004.900024,362.02,0.0,0.0,0.0,25.275302
2026-01-08 03:00:00+00:00,9476.80957,0.0,0.0,0.0,96.38,1005.099975,318.05,0.0,0.0,0.0,31.286336
2026-01-08 04:00:00+00:00,8562.599609,0.0,0.0,0.0,114.02,1004.799987,715.4,0.0,0.0,0.0,35.867355
2026-01-08 05:00:00+00:00,8894.127929,0.0,0.0,0.0,703.22,1004.099975,1659.75,0.0,0.0,0.0,36.037094
2026-01-08 06:00:00+00:00,9579.874023,0.0,0.0,0.0,1788.58,1002.799987,2520.38,0.0,0.0,0.0,35.720794
2026-01-08 07:00:00+00:00,9706.998046,0.0,0.0,0.0,3457.72,1000.799987,2874.05,0.0,3.765575,0.0,40.335334
2026-01-08 08:00:00+00:00,9285.273437,0.0,0.0,0.0,3502.0,998.099975,2525.6,0.0,23.728218,0.0,37.797843
2026-01-08 09:00:00+00:00,9670.311523,0.0,0.0,0.0,3431.5,994.599975,3016.95,0.0,50.257411,0.0,26.26786
2026-01-08 10:00:00+00:00,9686.95996,0.0,0.0,0.0,3294.4,990.200012,3081.7,0.0,73.705238,0.0,24.614049
2026-01-08 11:00:00+00:00,9214.782226,0.0,0.0,0.0,3078.7,984.799987,2979.12,0.0,90.7444,0.0,24.982418
2026-01-08 12:00:00+00:00,9763.057617,0.0,0.0,0.0,2867.88,978.400024,2836.82,0.0,109.986732,0.0,42.812995
2026-01-08 13:00:00+00:00,9336.336914,0.0,0.0,0.0,1848.25,971.0,2461.98,0.0,95.749946,0.0,51.562335
2026-01-08 14:00:00+00:00,9408.609375,0.0,0.0,0.0,3502.62,962.700012,3172.6,0.0,45.524848,0.0,45.917667
2026-01-08 15:00:00+00:00,9500.912109,0.0,0.0,0.0,3668.75,953.599975,3157.02,0.0,5.728652,0.0,54.683956
2026-01-08 16:00:00+00:00,9432.585937,0.0,0.0,0.0,3115.58,943.799987,3130.75,0.0,0.0,0.0,63.872928
2026-01-08 17:00:00+00:00,9686.802734,0.0,0.0,0.0,2979.68,933.299987,2890.95,0.0,0.0,0.0,68.979736
2026-01-08 18:00:00+00:00,8987.047851,0.0,0.0,0.0,2384.75,922.299987,2861.55,0.0,0.0,0.0,69.194274
2026-01-08 19:00:00+00:00,9144.046875,0.0,0.0,0.0,2276.08,910.799987,2435.3,0.0,0.0,0.0,63.836036
2026-01-08 20:00:00+00:00,8229.870117,0.0,0.0,0.0,887.22,898.900024,1921.1,0.0,0.0,0.0,62.536273
2026-01-08 21:00:00+00:00,7614.733886,0.0,0.0,0.0,351.35,886.700012,1216.32,0.0,0.0,0.0,65.240226
2026-01-08 22:00:00+00:00,8408.78125,0.0,0.0,0.0,303.12,874.200012,722.72,0.0,0.0,0.0,66.494995
2026-01-08 23:00:00+00:00,8819.211914,0.0,0.0,0.0,84.4,1046.300048,579.25,0.0,0.0,0.0,71.794425
2026-01-09 00:00:00+00:00,8511.970703,0.0,0.0,0.0,66.5,1044.300048,449.92,0.0,0.0,0.0,72.665481
2026-01-09 01:00:00+00:00,8492.429687,0.0,0.0,0.0,60.62,1041.800048,309.82,0.0,0.0,0.0,72.858474
2026-01-09 02:00:00+00:00,7677.580078,0.0,0.0,0.0,60.6,1038.800048,331.25,0.0,0.0,0.0,71.968017
2026-01-09 03:00:00+00:00,8073.112304,0.0,0.0,0.0,63.6,1035.099975,361.85,0.0,0.0,0.0,66.983016
2026-01-09 04:00:00+00:00,8431.512695,0.0,0.0,0.0,116.62,1031.0,813.78,0.0,0.0,0.0,66.341476
2026-01-09 05:00:00+00:00,9117.612304,0.0,0.0,0.0,648.92,1026.099975,1573.18,0.0,0.0,0.0,67.72866
2026-01-09 06:00:00+00:00,9451.842773,0.0,0.0,0.0,1343.02,1020.700012,2440.18,0.0,0.0,0.0,65.437652
2026-01-09 07:00:00+00:00,8939.894531,0.0,0.0,0.0,1654.48,1014.599975,2748.0,0.0,17.988569,0.0,59.242294
2026-01-09 08:00:00+00:00,9515.663085,0.0,0.0,0.0,1467.0,1007.900024,2589.25,0.0,116.542114,0.0,59.369045
2026-01-09 09:00:00+00:00,9362.469726,0.0,0.0,0.0,1333.3,1000.400024,2646.7,0.0,202.649398,0.0,62.001235
2026-01-09 10:00:00+00:00,9446.125976,0.0,0.0,0.0,1297.05,992.200012,2533.62,0.0,269.069183,0.0,63.396484
2026-01-09 11:00:00+00:00,9079.474609,0.0,0.0,0.0,1050.32,983.299987,2178.52,0.0,412.172546,0.0,63.539783
2026-01-09 12:00:00+00:00,8818.49707,0.0,0.0,0.0,955.28,973.599975,1975.15,0.0,484.757476,0.0,66.737373
2026-01-09 13:00:00+00:00,8931.779296,0.0,0.0,0.0,1352.95,963.200012,2139.98,0.0,383.729766,0.0,64.045562
2026-01-09 14:00:00+00:00,9036.655273,0.0,0.0,0.0,1335.88,952.200012,2129.08,0.0,224.277175,0.0,63.207962
2026-01-09 15:00:00+00:00,9383.99414,0.0,0.0,0.0,1511.68,940.700012,2306.68,0.0,44.110877,0.0,62.278129
2026-01-09 16:00:00+00:00,9480.816406,0.0,0.0,0.0,1991.25,928.599975,2662.38,0.0,0.487507,0.0,57.429405
2026-01-09 17:00:00+00:00,9127.423828,0.0,0.0,0.0,1821.25,916.200012,2803.35,0.0,0.495074,0.0,59.804248
2026-01-09 18:00:00+00:00,8949.949218,0.0,0.0,0.0,1844.8,903.400024,2932.18,0.0,0.146557,0.0,61.277763
2026-01-09 19:00:00+00:00,9247.943359,0.0,0.0,0.0,798.75,890.400024,2378.88,0.0,0.0,0.0,57.480663
2026-01-09 20:00:00+00:00,8893.909179,0.0,0.0,0.0,658.95,877.099975,1887.92,0.0,0.0,0.0,54.675754
2026-01-09 21:00:00+00:00,8473.448242,0.0,0.0,0.0,299.5,863.799987,942.38,0.0,0.0,0.0,50.361831
2026-01-09 22:00:00+00:00,7945.296386,0.0,0.0,0.0,167.95,850.299987,672.15,0.0,0.0,0.0,45.211505
2026-01-09 23:00:00+00:00,8875.213867,0.0,0.0,0.0,128.18,914.700012,843.58,0.0,0.0,0.0,51.2551
2026-01-10 00:00:00+00:00,7986.102539,0.0,0.0,0.0,125.42,905.799987,543.42,0.0,0.0,0.0,53.640422
2026-01-10 01:00:00+00:00,8485.048828,0.0,0.0,0.0,67.4,896.799987,533.58,0.0,0.0,0.0,53.69281
2026-01-10 02:00:00+00:00,8264.698242,0.0,0.0,0.0,47.52,887.900024,468.9,0.0,0.0,0.0,58.289951
2026-01-10 03:00:00+00:00,7542.80371,0.0,0.0,0.0,52.4,878.900024,498.85,0.0,0.0,0.0,63.005355
2026-01-10 04:00:00+00:00,8431.047851,0.0,0.0,0.0,57.68,869.900024,515.72,0.0,0.0,0.0,55.640747
2026-01-10 05:00:00+00:00,8714.759765,0.0,0.0,0.0,267.7,861.0,948.45,0.0,0.0,0.0,60.725124
2026-01-10 06:00:00+00:00,7696.905761,0.0,0.0,0.0,424.38,852.099975,1575.7,0.0,0.0,0.0,65.419357
2026-01-10 07:00:00+00:00,8396.0625,0.0,0.0,0.0,757.35,843.400024,2156.32,0.0,4.920859,0.0,61.71556
2026-01-10 08:00:00+00:00,8232.5625,0.0,0.0,0.0,693.65,834.700012,2423.95,0.0,38.428016,0.0,60.327884
2026-01-10 09:00:00+00:00,8729.18164,0.0,0.0,0.0,512.2,826.200012,1642.25,0.0,91.00521,0.0,60.226856
2026-01-10 10:00:00+00:00,8671.740234,0.0,0.0,0.0,435.9,817.900024,1310.1,0.0,139.189102,0.0,55.450225
2026-01-10 11:00:00+00:00,8328.238281,0.0,0.0,0.0,383.82,809.799987,1103.15,0.0,169.893615,0.0,57.806217
2026-01-10 12:00:00+00:00,8352.96289,0.0,0.0,0.0,179.5,802.0,918.95,0.0,172.597015,0.0,57.940555
2026-01-10 13:00:00+00:00,8306.618164,0.0,0.0,0.0,107.68,794.299987,1013.52,0.0,128.22734,0.0,62.613086
2026-01-10 14:00:00+00:00,8425.490234,0.0,0.0,0.0,304.52,787.0,1501.22,0.0,57.528034,0.0,56.047576
2026-01-10 15:00:00+00:00,8263.995117,0.0,0.0,0.0,756.88,779.799987,2284.9,0.0,9.540847,0.0,58.85456
2026-01-10 16:00:00+00:00,8432.483398,0.0,0.0,0.0,604.92,772.900024,2403.25,0.0,0.0,0.0,54.31945
2026-01-10 17:00:00+00:00,8438.433593,0.0,0.0,0.0,540.65,766.299987,2581.48,0.0,0.0,0.0,49.939155
2026-01-10 18:00:00+00:00,8681.935546,0.0,0.0,0.0,230.62,759.900024,1867.22,0.0,0.0,0.0,57.701835
2026-01-10 19:00:00+00:00,8451.730468,0.0,0.0,0.0,116.08,753.799987,1155.8,0.0,0.0,0.0,50.730548
2026-01-10 20:00:00+00:00,8314.350585,0.0,0.0,0.0,145.75,748.0,783.72,0.0,0.0,0.0,37.16574
2026-01-10 21:00:00+00:00,8186.566406,0.0,0.0,0.0,82.42,742.400024,435.1,0.0,0.0,0.0,27.017875
2026-01-10 22:00:00+00:00,7220.192382,0.0,0.0,0.0,86.25,737.099975,355.58,0.0,0.0,0.0,24.652547
2026-01-10 23:00:00+00:00,7764.40332,0.0,0.0,0.0,36.12,710.799987,275.32,0.0,0.0,0.0,22.861051
2026-01-11 00:00:00+00:00,7669.268554,0.0,0.0,0.0,20.98,703.200012,171.98,0.0,0.0,0.0,23.044307
2026-01-11 01:00:00+00:00,8141.898437,0.0,0.0,0.0,23.05,696.0,171.12,0.0,0.0,0.0,23.912672
2026-01-11 02:00:00+00:00,8292.552734,0.0,0.0,0.0,48.15,689.200012,155.35,0.0,0.0,0.0,21.58621
2026-01-11 03:00:00+00:00,7845.507324,0.0,0.0,0.0,21.68,682.799987,204.8,0.0,0.0,0.0,22.593784
2026-01-11 04:00:00+00:00,7927.124023,0.0,0.0,0.0,21.52,676.799987,155.1,0.0,0.0,0.0,21.747537
2026-01-11 05:00:00+00:00,7729.605468,0.0,0.0,0.0,39.2,671.400024,223.25,0.0,0.0,0.0,17.917507
2026-01-11 06:00:00+00:00,7826.385742,0.0,0.0,0.0,69.92,666.400024,318.52,0.0,0.0,0.0,17.425584
2026-01-11 07:00:00+00:00,7956.507324,0.0,0.0,0.0,162.22,662.099975,431.82,0.0,2.195045,0.0,11.519341
2026-01-11 08:00:00+00:00,7825.266601,0.0,0.0,0.0,120.35,658.299987,618.22,0.0,21.220573,0.0,6.445265
2026-01-11 09:00:00+00:00,8117.94873,0.0,0.0,0.0,62.95,655.099975,343.0,0.0,75.725555,0.0,7.380561
2026-01-11 10:00:00+00:00,7855.60498,0.0,0.0,0.0,42.25,652.599975,295.08,0.0,162.68254,0.0,6.61287
2026-01-11 11:00:00+00:00,7729.334472,0.0,0.0,0.0,40.22,650.799987,329.42,0.0,235.803771,0.0,8.324561
2026-01-11 12:00:00+00:00,8312.708007,0.0,0.0,0.0,39.9,649.700012,287.05,0.0,249.638626,0.0,6.265857
2026-01-11 13:00:00+00:00,7739.115234,0.0,0.0,0.0,40.82,649.299987,274.55,0.0,198.432373,0.0,3.892894
2026-01-11 14:00:00+00:00,8358.493164,0.0,0.0,0.0,47.38,649.5,670.02,0.0,103.500961,0.0,1.385476
2026-01-11 15:00:00+00:00,8414.908203,0.0,0.0,0.0,256.4,650.200012,909.98,0.0,18.513092,0.0,2.328987
2026-01-11 16:00:00+00:00,8146.191894,0.0,0.0,0.0,502.28,651.599975,1318.72,0.0,0.072629,0.0,3.055545
2026-01-11 17:00:00+00:00,8196.694335,0.0,0.0,0.0,551.58,653.400024,1570.7,0.0,0.138761,0.0,3.496088
2026-01-11 18:00:00+00:00,8235.138671,0.0,0.0,0.0,672.18,655.599975,1918.02,0.0,0.0,0.0,5.018132
2026-01-11 19:00:00+00:00,8633.33789,0.0,0.0,0.0,504.38,658.299987,1524.4,0.0,0.0,0.0,5.763043
2026-01-11 20:00:00+00:00,8107.336425,0.0,0.0,0.0,225.98,661.400024,895.65,0.0,0.0,0.0,7.067635
2026-01-11 21:00:00+00:00,7827.229492,0.0,0.0,0.0,148.88,664.799987,611.95,0.0,0.0,0.0,9.202594
2026-01-11 22:00:00+00:00,8011.990722,0.0,0.0,0.0,100.6,668.400024,344.45,0.0,0.0,0.0,11.577077
2026-01-11 23:00:00+00:00,8346.219726,0.0,0.0,0.0,21.08,847.400024,429.5,0.0,0.0,0.0,13.928088
2026-01-12 00:00:00+00:00,8516.412109,0.0,0.0,0.0,25.68,865.799987,253.3,0.0,0.0,0.0,15.2194
2026-01-12 01:00:00+00:00,8398.989257,0.0,0.0,0.0,28.08,883.700012,214.45,0.0,0.0,0.0,17.233871
2026-01-12 02:00:00+00:00,8205.461914,0.0,0.0,0.0,24.25,901.099975,245.98,0.0,0.0,0.0,20.947813
2026-01-12 03:00:00+00:00,8298.685546,0.0,0.0,0.0,20.05,917.799987,304.78,0.0,0.0,0.0,22.610548
2026-01-12 04:00:00+00:00,8949.943359,0.0,0.0,0.0,77.12,933.400024,886.75,0.0,0.0,0.0,21.564609
2026-01-12 05:00:00+00:00,8321.972656,0.0,0.0,0.0,840.6,948.0,1986.9,0.0,0.0,0.0,23.882499
2026-01-12 06:00:00+00:00,9372.943359,0.0,0.0,0.0,2185.78,961.200012,3154.72,0.0,0.0,0.0,25.505121
2026-01-12 07:00:00+00:00,9664.855468,0.0,0.0,0.0,3097.08,973.0,3100.6,0.0,8.286602,0.0,39.04317
2026-01-12 08:00:00+00:00,9125.362304,0.0,0.0,0.0,2948.75,983.099975,3125.9,0.0,60.241542,0.0,67.323295
2026-01-12 09:00:00+00:00,9060.420898,0.0,0.0,0.0,2890.6,991.299987,3048.55,0.0,147.470306,0.0,65.77758
2026-01-12 10:00:00+00:00,8914.635742,0.0,0.0,0.0,2323.95,997.5,2962.38,0.0,246.05249,0.0,61.236412
2026-01-12 11:00:00+00:00,8437.936523,0.0,0.0,0.0,1481.45,1001.400024,2315.7,0.0,308.722686,0.0,57.777606
2026-01-12 12:00:00+00:00,9147.160156,0.0,0.0,0.0,1798.4,1003.0,2572.08,0.0,296.11975,0.0,49.37228
2026-01-12 13:00:00+00:00,9129.583984,0.0,0.0,0.0,2342.12,1002.400024,2747.18,0.0,217.882354,0.0,45.902004
2026-01-12 14:00:00+00:00,9016.958984,0.0,0.0,0.0,2916.92,999.599975,3021.15,0.0,106.10205,0.0,38.611576
2026-01-12 15:00:00+00:00,8882.637695,0.0,0.0,0.0,3187.98,994.900024,3148.65,0.0,22.56961,0.0,32.500007
2026-01-12 16:00:00+00:00,8252.373046,0.0,0.0,0.0,3556.52,988.5,3216.28,0.0,0.0,0.0,43.929393
2026-01-12 17:00:00+00:00,8491.702148,0.0,0.0,0.0,3721.85,980.299987,3250.38,0.0,0.207381,0.0,43.378974
2026-01-12 18:00:00+00:00,7930.729492,0.0,0.0,0.0,2862.65,970.799987,3147.42,0.0,0.0,0.0,50.108673
2026-01-12 19:00:00+00:00,8461.973632,0.0,0.0,0.0,1968.6,959.799987,2598.12,0.0,0.0,0.0,51.776912
2026-01-12 20:00:00+00:00,8398.790039,0.0,0.0,0.0,1283.88,947.700012,2266.48,0.0,0.0,0.0,61.969299
2026-01-12 21:00:00+00:00,8335.186523,0.0,0.0,0.0,939.85,934.599975,1916.4,0.0,0.0,0.0,64.308914
2026-01-12 22:00:00+00:00,8105.149414,0.0,0.0,0.0,324.38,920.700012,884.8,0.0,0.0,0.0,56.765571
2026-01-12 23:00:00+00:00,8307.49414,0.0,0.0,0.0,176.48,1163.199951,561.52,0.0,0.0,0.0,56.671993
2026-01-13 00:00:00+00:00,7381.08789,0.0,0.0,0.0,150.1,1165.099975,550.38,0.0,0.0,0.0,52.351745
2026-01-13 01:00:00+00:00,7580.291992,0.0,0.0,0.0,132.05,1165.800048,539.4,0.0,0.0,0.0,45.216274
2026-01-13 02:00:00+00:00,7956.868164,0.0,0.0,0.0,145.62,1165.400024,500.12,0.0,0.0,0.0,45.335403
2026-01-13 03:00:00+00:00,7842.698242,0.0,0.0,0.0,130.12,1163.699951,731.68,0.0,0.0,0.0,39.851455
2026-01-13 04:00:00+00:00,8096.113769,0.0,0.0,0.0,435.78,1160.900024,1101.98,0.0,0.0,0.0,27.99686
2026-01-13 05:00:00+00:00,9023.813476,0.0,0.0,0.0,1188.42,1156.800048,2148.78,0.0,0.0,0.0,21.779865
2026-01-13 06:00:00+00:00,9295.442382,0.0,0.0,0.0,2456.95,1151.599975,2703.12,0.0,0.0,0.0,25.950078
2026-01-13 07:00:00+00:00,8883.913085,0.0,0.0,0.0,3102.12,1145.0,2852.2,0.0,17.276599,0.0,40.22792
2026-01-13 08:00:00+00:00,8674.296875,0.0,0.0,0.0,2387.78,1137.199951,2711.28,0.0,120.845176,0.0,48.618003
2026-01-13 09:00:00+00:00,8570.204101,0.0,0.0,0.0,2435.98,1128.199951,2647.92,0.0,235.547332,0.0,55.783088
2026-01-13 10:00:00+00:00,8781.713867,0.0,0.0,0.0,1915.7,1117.800048,2412.08,0.0,393.613372,0.0,60.62363
2026-01-13 11:00:00+00:00,8277.008789,0.0,0.0,0.0,1633.85,1106.199951,2278.3,0.0,558.737426,0.0,53.762077
2026-01-13 12:00:00+00:00,9163.498046,0.0,0.0,0.0,1467.08,1093.300048,2278.05,0.0,616.034973,0.0,56.677852
2026-01-13 13:00:00+00:00,8369.013671,0.0,0.0,0.0,2040.32,1079.199951,2196.55,0.0,567.976562,0.0,51.895668
2026-01-13 14:00:00+00:00,8499.978515,0.0,0.0,0.0,2182.92,1064.0,2385.18,0.0,318.155822,0.0,54.415325
2026-01-13 15:00:00+00:00,8323.509765,0.0,0.0,0.0,3114.18,1047.900024,2695.38,0.0,64.998291,0.0,56.032749
2026-01-13 16:00:00+00:00,8447.822265,0.0,0.0,0.0,3438.68,1030.900024,2808.8,0.0,1.594478,0.0,59.238727
2026-01-13 17:00:00+00:00,8560.33496,0.0,0.0,0.0,2954.2,1013.200012,2737.15,0.0,1.587259,0.0,63.662742
2026-01-13 18:00:00+00:00,8812.273437,0.0,0.0,0.0,2806.38,994.900024,2702.78,0.0,0.971118,0.0,67.870368
2026-01-13 19:00:00+00:00,8459.345703,0.0,0.0,0.0,2130.42,976.200012,2365.08,0.0,0.476218,0.0,70.562171
2026-01-13 20:00:00+00:00,7599.527343,0.0,0.0,0.0,1545.28,957.099975,2231.5,0.0,0.217325,0.0,60.830986
2026-01-13 21:00:00+00:00,7439.92041,0.0,0.0,0.0,544.12,937.700012,1862.28,0.0,0.036339,0.0,58.383335
2026-01-13 22:00:00+00:00,7694.689453,0.0,0.0,0.0,367.08,918.299987,1086.85,0.0,0.0,0.0,66.193771
2026-01-13 23:00:00+00:00,8154.846191,0.0,0.0,0.0,235.4,1133.0,897.38,0.0,0.0,0.0,75.056526
2026-01-14 00:00:00+00:00,8023.113769,0.0,0.0,0.0,55.8,1125.199951,824.55,0.0,0.0,0.0,74.104835
2026-01-14 01:00:00+00:00,8145.796875,0.0,0.0,0.0,55.8,1117.0,563.95,0.0,0.0,0.0,67.790802
2026-01-14 02:00:00+00:00,8063.175781,0.0,0.0,0.0,53.55,1108.400024,690.55,0.0,0.0,0.0,66.692146
2026-01-14 03:00:00+00:00,8139.316406,0.0,0.0,0.0,86.12,1099.400024,652.38,0.0,0.0,0.0,70.034111
2026-01-14 04:00:00+00:00,7745.713867,0.0,0.0,0.0,253.45,1090.0,802.35,0.0,0.0,0.0,71.545997
2026-01-14 05:00:00+00:00,9301.30664,0.0,0.0,0.0,634.25,1080.199951,1206.12,0.0,0.0,0.0,65.592315
2026-01-14 06:00:00+00:00,9148.519531,0.0,0.0,0.0,1996.45,1070.0,2205.35,0.0,0.0,0.0,59.112384
2026-01-14 07:00:00+00:00,9353.887695,0.0,0.0,0.0,2541.85,1059.400024,2149.62,0.0,23.687694,0.0,58.30561
2026-01-14 08:00:00+00:00,9440.313476,0.0,0.0,0.0,2053.4,1048.5,2330.45,0.0,198.307861,0.0,41.659076
2026-01-14 09:00:00+00:00,8884.857421,0.0,0.0,0.0,1356.98,1037.199951,1890.05,0.0,521.819458,0.0,33.223911
2026-01-14 10:00:00+00:00,9115.859375,0.0,0.0,0.0,651.8,1025.5,1763.0,0.0,795.471191,0.0,29.613212
2026-01-14 11:00:00+00:00,8855.862304,0.0,0.0,0.0,330.58,1013.5,880.5,0.0,895.788879,0.0,19.132225
2026-01-14 12:00:00+00:00,8454.063476,0.0,0.0,0.0,346.02,1001.099975,974.12,0.0,830.832824,0.0,12.480969
2026-01-14 13:00:00+00:00,8503.265625,0.0,0.0,0.0,536.6,988.400024,1641.12,0.0,640.618835,0.0,9.194315
2026-01-14 14:00:00+00:00,9166.783203,0.0,0.0,0.0,1609.52,975.400024,2045.0,0.0,349.206695,0.0,8.205355
2026-01-14 15:00:00+00:00,9006.935546,0.0,0.0,0.0,2771.52,962.299987,2517.72,0.0,93.665458,0.0,14.254968
2026-01-14 16:00:00+00:00,8548.171875,0.0,0.0,0.0,3499.75,948.900024,2543.6,0.0,2.57586,0.0,15.885414
2026-01-14 17:00:00+00:00,8875.883789,0.0,0.0,0.0,3447.28,935.5,2984.12,0.0,2.271903,0.0,20.994247
2026-01-14 18:00:00+00:00,9175.228515,0.0,0.0,0.0,3087.72,922.0,2985.15,0.0,1.467042,0.0,25.014135
2026-01-14 19:00:00+00:00,8930.958984,0.0,0.0,0.0,1466.95,908.400024,2584.48,0.0,0.86986,0.0,33.858707
2026-01-14 20:00:00+00:00,7466.474121,0.0,0.0,0.0,1041.88,894.900024,2179.88,0.0,0.518396,0.0,42.480091
2026-01-14 21:00:00+00:00,8190.851074,0.0,0.0,0.0,482.1,881.400024,1129.62,0.0,0.281238,0.0,44.547576
2026-01-14 22:00:00+00:00,7791.026367,0.0,0.0,0.0,249.15,868.0,817.92,0.0,0.126045,0.0,43.839897
2026-01-14 23:00:00+00:00,8069.518066,0.0,0.0,0.0,136.22,1050.199951,369.25,0.0,0.080953,0.0,43.835987
2026-01-15 00:00:00+00:00,7718.377929,0.0,0.0,0.0,54.6,1049.199951,269.58,0.0,0.0,0.0,45.400863
2026-01-15 01:00:00+00:00,7287.547363,0.0,0.0,0.0,67.98,1047.800048,261.62,0.0,0.0,0.0,36.563583
2026-01-15 02:00:00+00:00,7679.324218,0.0,0.0,0.0,65.72,1046.0,356.65,0.0,0.0,0.0,35.709903
2026-01-15 03:00:00+00:00,7880.082519,0.0,0.0,0.0,61.72,1043.800048,463.82,0.0,0.0,0.0,34.480369
2026-01-15 04:00:00+00:00,7727.2583,0.0,0.0,0.0,214.82,1041.099975,670.35,0.0,0.0,0.0,27.480154
2026-01-15 05:00:00+00:00,9372.038085,0.0,0.0,0.0,542.82,1037.699951,1529.2,0.0,0.0,0.0,29.661649
2026-01-15 06:00:00+00:00,9352.820312,0.0,0.0,0.0,1751.58,1033.699951,2611.3,0.0,0.0,0.0,41.156982
2026-01-15 07:00:00+00:00,9094.638671,0.0,0.0,0.0,2115.15,1028.900024,3055.22,0.0,30.569726,0.0,33.57666
2026-01-15 08:00:00+00:00,9094.33496,0.0,0.0,0.0,1678.82,1023.299987,3003.95,0.0,214.388748,0.0,31.21787
2026-01-15 09:00:00+00:00,8766.71875,0.0,0.0,0.0,1367.35,1016.900024,2643.05,0.0,519.878051,0.0,35.048431
2026-01-15 10:00:00+00:00,8428.623046,0.0,0.0,0.0,1025.58,1009.400024,2216.75,0.0,861.174133,0.0,30.117568
2026-01-15 11:00:00+00:00,7952.909179,0.0,0.0,0.0,440.7,1001.0,1148.25,0.0,1012.88684,0.0,31.632217
2026-01-15 12:00:00+00:00,9099.597656,0.0,0.0,0.0,340.38,991.5,1179.02,0.0,965.589111,0.0,31.375211
2026-01-15 13:00:00+00:00,8711.479492,0.0,0.0,0.0,550.35,981.0,1637.1,0.0,749.650756,0.0,32.216812
2026-01-15 14:00:00+00:00,9366.594726,0.0,0.0,0.0,1067.0,969.599975,2283.3,0.0,402.823303,0.0,34.12265
2026-01-15 15:00:00+00:00,8357.498046,0.0,0.0,0.0,1900.08,957.299987,3020.9,0.0,87.081466,0.0,44.309593
2026-01-15 16:00:00+00:00,8395.364257,0.0,0.0,0.0,2720.92,944.400024,3070.02,0.0,3.078674,0.0,47.593288
2026-01-15 17:00:00+00:00,8632.780273,0.0,0.0,0.0,2179.42,930.900024,2923.42,0.0,2.822498,0.0,47.986522
2026-01-15 18:00:00+00:00,8260.267578,0.0,0.0,0.0,1822.42,916.799987,2840.08,0.0,1.864329,0.0,44.082889
2026-01-15 19:00:00+00:00,8427.523437,0.0,0.0,0.0,1571.18,902.299987,2661.42,0.0,1.216353,0.0,46.739395
2026-01-15 20:00:00+00:00,8621.419921,0.0,0.0,0.0,1041.65,887.5,2264.25,0.0,0.774223,0.0,49.122768
2026-01-15 21:00:00+00:00,8136.943847,0.0,0.0,0.0,341.82,872.400024,1298.3,0.0,0.488127,0.0,53.811191
2026-01-15 22:00:00+00:00,7680.186035,0.0,0.0,0.0,90.32,857.200012,801.42,0.0,0.316223,0.0,55.650882
2026-01-15 23:00:00+00:00,7535.407226,0.0,0.0,0.0,39.6,1055.400024,801.18,0.0,0.185287,0.0,54.05764
2026-01-16 00:00:00+00:00,8323.61621,0.0,0.0,0.0,38.98,1054.5,578.05,0.0,0.075986,0.0,51.427864
2026-01-16 01:00:00+00:00,8377.411132,0.0,0.0,0.0,38.8,1053.099975,669.45,0.0,0.0,0.0,47.35445
2026-01-16 02:00:00+00:00,7659.352539,0.0,0.0,0.0,40.78,1051.099975,596.42,0.0,0.0,0.0,51.401733
2026-01-16 03:00:00+00:00,7239.095703,0.0,0.0,0.0,51.55,1048.599975,687.35,0.0,0.0,0.0,55.238182
2026-01-16 04:00:00+00:00,8143.415527,0.0,0.0,0.0,228.98,1045.400024,943.3,0.0,0.0,0.0,56.566799
2026-01-16 05:00:00+00:00,8001.323242,0.0,0.0,0.0,910.2,1041.599975,1708.18,0.0,0.0,0.0,45.652835
2026-01-16 06:00:00+00:00,8947.089843,0.0,0.0,0.0,2553.92,1037.099975,2829.3,0.0,0.029961,0.0,43.498962
2026-01-16 07:00:00+00:00,9453.269531,0.0,0.0,0.0,3235.62,1031.800048,2978.7,0.0,32.94989,0.0,34.691333
2026-01-16 08:00:00+00:00,9470.46582,0.0,0.0,0.0,2997.7,1025.699951,2858.0,0.0,226.189239,0.0,34.435165
2026-01-16 09:00:00+00:00,8652.641601,0.0,0.0,0.0,2111.85,1018.799987,2561.58,0.0,479.368286,0.0,28.936706
2026-01-16 10:00:00+00:00,8706.985351,0.0,0.0,0.0,1159.18,1011.0,2137.78,0.0,736.462524,0.0,24.103103
2026-01-16 11:00:00+00:00,8427.015625,0.0,0.0,0.0,636.78,1002.299987,1147.45,0.0,842.960937,0.0,17.730731
2026-01-16 12:00:00+00:00,8361.802734,0.0,0.0,0.0,562.88,992.599975,929.55,0.0,836.211303,0.0,15.106988
2026-01-16 13:00:00+00:00,7896.782226,0.0,0.0,0.0,671.55,982.0,1610.4,0.0,621.378295,0.0,10.98855
2026-01-16 14:00:00+00:00,8059.673339,0.0,0.0,0.0,992.25,970.599975,2425.7,0.0,291.456542,0.0,12.361069
2026-01-16 15:00:00+00:00,8544.516601,0.0,0.0,0.0,2011.9,958.5,2697.78,0.0,74.272178,0.0,22.130975
2026-01-16 16:00:00+00:00,8472.749023,0.0,0.0,0.0,2463.55,945.700012,3058.7,0.0,2.226822,0.0,32.717559
2026-01-16 17:00:00+00:00,8270.289062,0.0,0.0,0.0,2322.52,932.400024,2890.4,0.0,2.016235,0.0,34.758468
2026-01-16 18:00:00+00:00,7873.206542,0.0,0.0,0.0,1760.52,918.5,2623.25,0.0,1.248215,0.0,21.267526
2026-01-16 19:00:00+00:00,8359.655273,0.0,0.0,0.0,725.95,904.299987,1904.7,0.0,0.758594,0.0,13.492732
2026-01-16 20:00:00+00:00,7404.822753,0.0,0.0,0.0,240.68,889.700012,900.45,0.0,0.438262,0.0,8.002817
2026-01-16 21:00:00+00:00,8216.49414,0.0,0.0,0.0,116.7,874.799987,516.0,0.0,0.242271,0.0,8.011045
2026-01-16 22:00:00+00:00,7592.398437,0.0,0.0,0.0,123.48,859.700012,505.08,0.0,0.136222,0.0,7.479422
2026-01-16 23:00:00+00:00,7961.729492,0.0,0.0,0.0,77.05,896.099975,490.6,0.0,0.075651,0.0,8.710077
2026-01-17 00:00:00+00:00,7524.351074,0.0,0.0,0.0,53.18,883.200012,321.32,0.0,0.0,0.0,6.424802
2026-01-17 01:00:00+00:00,7095.749023,0.0,0.0,0.0,41.12,870.200012,307.15,0.0,0.0,0.0,6.835223
2026-01-17 02:00:00+00:00,6652.400878,0.0,0.0,0.0,40.05,857.099975,237.3,0.0,0.0,0.0,9.068365
2026-01-17 03:00:00+00:00,7334.911621,0.0,0.0,0.0,40.2,844.099975,198.12,0.0,0.0,0.0,13.453051
2026-01-17 04:00:00+00:00,6762.35791,0.0,0.0,0.0,37.55,831.200012,241.4,0.0,0.0,0.0,14.94269
2026-01-17 05:00:00+00:00,7220.646972,0.0,0.0,0.0,157.25,818.299987,530.42,0.0,0.0,0.0,19.423503
2026-01-17 06:00:00+00:00,7925.481933,0.0,0.0,0.0,564.65,805.700012,649.55,0.0,0.0,0.0,25.788423
2026-01-17 07:00:00+00:00,7743.808105,0.0,0.0,0.0,629.52,793.400024,797.32,0.0,38.015773,0.0,35.271133
2026-01-17 08:00:00+00:00,7997.160156,0.0,0.0,0.0,691.22,781.299987,727.3,0.0,215.325775,0.0,38.055557
2026-01-17 09:00:00+00:00,7429.887695,0.0,0.0,0.0,180.0,769.599975,553.05,0.0,436.37268,0.0,49.83348
2026-01-17 10:00:00+00:00,7570.436035,0.0,0.0,0.0,106.5,758.299987,304.6,0.0,618.550964,0.0,35.212459
2026-01-17 11:00:00+00:00,7606.680175,0.0,0.0,0.0,44.62,747.5,185.98,0.0,660.023681,0.0,35.208812
2026-01-17 12:00:00+00:00,7494.924316,0.0,0.0,0.0,29.75,737.200012,257.02,0.0,584.985473,0.0,33.721714
2026-01-17 13:00:00+00:00,7675.401367,0.0,0.0,0.0,89.7,727.400024,370.0,0.0,495.085327,0.0,26.479701
2026-01-17 14:00:00+00:00,8142.902832,0.0,0.0,0.0,203.8,718.299987,518.82,0.0,274.188568,0.0,23.313714
2026-01-17 15:00:00+00:00,7655.030273,0.0,0.0,0.0,627.2,709.700012,1280.9,0.0,73.897033,0.0,18.407482
2026-01-17 16:00:00+00:00,7480.600097,0.0,0.0,0.0,1053.6,701.700012,1930.52,0.0,1.856262,0.0,17.22013
2026-01-17 17:00:00+00:00,7656.002441,0.0,0.0,0.0,1234.48,694.400024,2204.75,0.0,1.618808,0.0,13.721271
2026-01-17 18:00:00+00:00,8122.66455,0.0,0.0,0.0,1075.95,687.700012,1605.55,0.0,1.009325,0.0,26.147186
2026-01-17 19:00:00+00:00,8583.072265,0.0,0.0,0.0,286.78,681.700012,815.48,0.0,0.633487,0.0,23.864446
2026-01-17 20:00:00+00:00,7656.138671,0.0,0.0,0.0,158.32,676.400024,657.72,0.0,0.392455,0.0,32.930885
2026-01-17 21:00:00+00:00,7733.668457,0.0,0.0,0.0,85.22,671.799987,320.18,0.0,0.245836,0.0,48.263343
2026-01-17 22:00:00+00:00,6378.975585,0.0,0.0,0.0,51.72,667.900024,296.9,0.0,0.133962,0.0,44.877185
2026-01-17 23:00:00+00:00,7015.134765,0.0,0.0,0.0,45.15,669.5,245.5,0.0,0.021046,0.0,54.078655
2026-01-18 00:00:00+00:00,7732.726074,0.0,0.0,0.0,48.98,666.200012,190.58,0.0,0.0,0.0,42.585948
2026-01-18 01:00:00+00:00,7638.313964,0.0,0.0,0.0,53.52,663.799987,192.42,0.0,0.0,0.0,29.407379
2026-01-18 02:00:00+00:00,7080.344238,0.0,0.0,0.0,40.28,662.200012,198.48,0.0,0.0,0.0,23.485776
2026-01-18 03:00:00+00:00,7821.462402,0.0,0.0,0.0,23.6,661.5,180.45,0.0,0.0,0.0,24.838701
2026-01-18 04:00:00+00:00,7119.104492,0.0,0.0,0.0,26.8,661.599975,186.1,0.0,0.0,0.0,22.739044
2026-01-18 05:00:00+00:00,7481.618652,0.0,0.0,0.0,81.98,662.700012,237.9,0.0,0.0,0.0,21.122041
2026-01-18 06:00:00+00:00,7358.686523,0.0,0.0,0.0,116.65,664.700012,396.3,0.0,0.0,0.0,21.224613
2026-01-18 07:00:00+00:00,7618.899902,0.0,0.0,0.0,244.98,667.700012,474.58,0.0,20.211566,0.0,21.381038
2026-01-18 08:00:00+00:00,7236.68457,0.0,0.0,0.0,257.05,671.700012,523.25,0.0,130.007781,0.0,24.730552
2026-01-18 09:00:00+00:00,7024.85205,0.0,0.0,0.0,253.68,676.799987,400.08,0.0,287.950378,0.0,19.673391
2026-01-18 10:00:00+00:00,8046.574707,0.0,0.0,0.0,210.68,682.900024,330.78,0.0,438.04953,0.0,24.971414
2026-01-18 11:00:00+00:00,7953.796386,0.0,0.0,0.0,181.3,690.099975,382.42,0.0,520.768005,0.0,41.939865
2026-01-18 12:00:00+00:00,7028.149414,0.0,0.0,0.0,154.4,698.400024,301.48,0.0,518.99176,0.0,24.003896
2026-01-18 13:00:00+00:00,8276.817382,0.0,0.0,0.0,143.48,707.700012,400.6,0.0,408.531555,0.0,15.063125
2026-01-18 14:00:00+00:00,7016.463378,0.0,0.0,0.0,263.98,718.099975,450.6,0.0,224.706192,0.0,13.724246
2026-01-18 15:00:00+00:00,7326.205078,0.0,0.0,0.0,320.12,729.299987,604.0,0.0,53.145492,0.0,16.685678
2026-01-18 16:00:00+00:00,7831.190429,0.0,0.0,0.0,454.5,741.400024,930.42,0.0,1.259233,0.0,22.220134
2026-01-18 17:00:00+00:00,8042.658203,0.0,0.0,0.0,542.72,754.299987,919.75,0.0,0.940423,0.0,22.035017
2026-01-18 18:00:00+00:00,6968.570312,0.0,0.0,0.0,677.68,767.799987,847.15,0.0,0.491315,0.0,25.310794
2026-01-18 19:00:00+00:00,7745.221679,0.0,0.0,0.0,310.4,782.0,678.02,0.0,0.215794,0.0,25.041149
2026-01-18 20:00:00+00:00,7723.599609,0.0,0.0,0.0,110.98,796.700012,522.7,0.0,0.045924,0.0,20.296152
2026-01-18 21:00:00+00:00,7176.520996,0.0,0.0,0.0,39.72,811.900024,400.25,0.0,0.0,0.0,19.497289
2026-01-18 22:00:00+00:00,7044.123535,0.0,0.0,0.0,78.45,827.5,232.05,0.0,0.0,0.0,17.727516
2026-01-18 23:00:00+00:00,7415.091796,0.0,0.0,0.0,38.72,699.5,267.2,0.0,0.0,0.0,19.037437
2026-01-19 00:00:00+00:00,7918.432617,0.0,0.0,0.0,29.42,702.5,258.02,0.0,0.0,0.0,27.845716
2026-01-19 01:00:00+00:00,7821.959472,0.0,0.0,0.0,27.6,706.099975,201.38,0.0,0.0,0.0,33.577907
2026-01-19 02:00:00+00:00,7657.35498,0.0,0.0,0.0,31.7,710.400024,172.28,0.0,0.0,0.0,31.979087
2026-01-19 03:00:00+00:00,7723.177734,0.0,0.0,0.0,41.88,715.400024,185.5,0.0,0.0,0.0,32.659973
2026-01-19 04:00:00+00:00,7887.324218,0.0,0.0,0.0,219.05,721.299987,504.15,0.0,0.0,0.0,19.62079
2026-01-19 05:00:00+00:00,8238.194335,0.0,0.0,0.0,758.42,728.099975,1201.28,0.0,0.0,0.0,11.399162
2026-01-19 06:00:00+00:00,9059.013671,0.0,0.0,0.0,1714.92,735.799987,2429.35,0.0,0.0,0.0,13.002375
2026-01-19 07:00:00+00:00,8985.070312,0.0,0.0,0.0,1675.65,744.5,2123.7,0.0,29.015293,0.0,10.823814
2026-01-19 08:00:00+00:00,8673.816406,0.0,0.0,0.0,1749.95,754.299987,2097.42,0.0,186.971313,0.0,10.726921
2026-01-19 09:00:00+00:00,9138.316406,0.0,0.0,0.0,1022.8,765.099975,1832.28,0.0,413.668701,0.0,8.088296
2026-01-19 10:00:00+00:00,8744.679687,0.0,0.0,0.0,848.3,777.200012,1431.72,0.0,619.983703,0.0,5.772159
2026-01-19 11:00:00+00:00,8056.996093,0.0,0.0,0.0,291.7,790.5,969.8,0.0,735.365783,0.0,7.932254
2026-01-19 12:00:00+00:00,8758.012695,0.0,0.0,0.0,440.0,805.0,1030.12,0.0,717.854553,0.0,8.658816
2026-01-19 13:00:00+00:00,8507.469726,0.0,0.0,0.0,461.0,820.599975,1355.98,0.0,552.164306,0.0,8.332613
2026-01-19 14:00:00+00:00,8830.228515,0.0,0.0,0.0,1376.62,837.299987,2003.25,0.0,291.315765,0.0,7.710147
2026-01-19 15:00:00+00:00,8143.189453,0.0,0.0,0.0,2772.2,854.799987,2525.95,0.0,69.731636,0.0,8.93539
2026-01-19 16:00:00+00:00,8224.825195,0.0,0.0,0.0,3122.0,873.099975,2401.68,0.0,2.258408,0.0,10.848371
2026-01-19 17:00:00+00:00,8454.315429,0.0,0.0,0.0,2622.18,891.900024,1768.18,0.0,1.546689,0.0,11.474342
2026-01-19 18:00:00+00:00,8729.155273,0.0,0.0,0.0,1378.0,911.200012,1861.3,0.0,0.905192,0.0,14.587099
2026-01-19 19:00:00+00:00,8760.77832,0.0,0.0,0.0,872.7,930.799987,1830.95,0.0,0.53435,0.0,16.597957
2026-01-19 20:00:00+00:00,7783.302734,0.0,0.0,0.0,718.02,950.599975,1454.3,0.0,0.280396,0.0,16.256294
2026-01-19 21:00:00+00:00,8113.093261,0.0,0.0,0.0,176.02,970.5,769.48,0.0,0.069842,0.0,15.070779
2026-01-19 22:00:00+00:00,7390.593261,0.0,0.0,0.0,170.58,990.200012,559.78,0.0,0.0,0.0,20.672182
2026-01-19 23:00:00+00:00,7892.60205,0.0,0.0,0.0,101.85,866.400024,443.95,0.0,0.0,0.0,31.983844
2026-01-20 00:00:00+00:00,8738.925781,0.0,0.0,0.0,59.15,870.900024,326.22,0.0,0.0,0.0,32.205513
2026-01-20 01:00:00+00:00,7846.332031,0.0,0.0,0.0,59.6,875.400024,317.92,0.0,0.0,0.0,27.740524
2026-01-20 02:00:00+00:00,8614.475585,0.0,0.0,0.0,57.12,879.799987,240.72,0.0,0.0,0.0,24.533317
2026-01-20 03:00:00+00:00,8296.250976,0.0,0.0,0.0,81.68,884.200012,338.88,0.0,0.0,0.0,29.148935
2026-01-20 04:00:00+00:00,8323.480468,0.0,0.0,0.0,287.65,888.599975,670.28,0.0,0.0,0.0,32.940895
2026-01-20 05:00:00+00:00,9227.830078,0.0,0.0,0.0,1578.3,892.900024,1849.0,0.0,0.0,0.0,24.975214
2026-01-20 06:00:00+00:00,9334.652343,0.0,0.0,0.0,3136.78,897.299987,2754.22,0.0,0.0,0.0,17.539264
2026-01-20 07:00:00+00:00,9275.482421,0.0,0.0,0.0,3189.98,901.599975,2860.02,0.0,42.176166,0.0,17.158956
2026-01-20 08:00:00+00:00,8878.827148,0.0,0.0,0.0,2907.3,905.799987,2692.12,0.0,244.264831,0.0,13.185886
2026-01-20 09:00:00+00:00,9067.421875,0.0,0.0,0.0,1162.58,910.099975,1602.72,0.0,530.103759,0.0,14.432358
2026-01-20 10:00:00+00:00,8753.287109,0.0,0.0,0.0,332.92,914.400024,994.48,0.0,790.185607,0.0,20.644075
2026-01-20 11:00:00+00:00,8812.051757,0.0,0.0,0.0,232.72,918.599975,870.7,0.0,925.152099,0.0,21.182353
2026-01-20 12:00:00+00:00,8591.200195,0.0,0.0,0.0,202.92,922.799987,792.35,0.0,919.549011,0.0,17.626855
2026-01-20 13:00:00+00:00,8372.686523,0.0,0.0,0.0,451.52,927.099975,1033.28,0.0,722.033996,0.0,17.269756
2026-01-20 14:00:00+00:00,9152.563476,0.0,0.0,0.0,2104.28,931.299987,2518.28,0.0,388.261047,0.0,12.119399
2026-01-20 15:00:00+00:00,8876.557617,0.0,0.0,0.0,2865.45,935.5,2891.58,0.0,100.400329,0.0,12.051328
2026-01-20 16:00:00+00:00,8768.555664,0.0,0.0,0.0,3158.88,939.599975,3069.52,0.0,3.962459,0.0,11.710417
2026-01-20 17:00:00+00:00,8440.444335,0.0,0.0,0.0,1669.3,943.799987,2756.78,0.0,2.237589,0.0,14.291638
2026-01-20 18:00:00+00:00,8423.039062,0.0,0.0,0.0,1391.0,947.900024,2627.55,0.0,1.408371,0.0,20.750907
2026-01-20 19:00:00+00:00,9121.304687,0.0,0.0,0.0,1286.65,951.900024,2406.95,0.0,0.849137,0.0,22.567312
2026-01-20 20:00:00+00:00,8689.39746,0.0,0.0,0.0,817.28,955.900024,1698.2,0.0,0.492542,0.0,23.954856
2026-01-20 21:00:00+00:00,8496.621093,0.0,0.0,0.0,309.98,959.900024,1003.65,0.0,0.277569,0.0,26.637725
2026-01-20 22:00:00+00:00,7762.577148,0.0,0.0,0.0,248.78,963.799987,592.75,0.0,0.144675,0.0,25.122013
2026-01-20 23:00:00+00:00,8042.478515,0.0,0.0,0.0,56.3,934.299987,570.3,0.0,0.063073,0.0,21.150871
2026-01-21 00:00:00+00:00,8266.230468,0.0,0.0,0.0,39.38,933.0,381.92,0.0,0.0,0.0,12.661309
2026-01-21 01:00:00+00:00,7951.838867,0.0,0.0,0.0,36.35,931.700012,261.4,0.0,0.0,0.0,13.176339
2026-01-21 02:00:00+00:00,8643.457031,0.0,0.0,0.0,35.55,930.5,243.8,0.0,0.0,0.0,14.958212
2026-01-21 03:00:00+00:00,8353.341796,0.0,0.0,0.0,72.88,929.400024,526.1,0.0,0.0,0.0,21.757143
2026-01-21 04:00:00+00:00,8181.515136,0.0,0.0,0.0,474.9,928.599975,857.58,0.0,0.0,0.0,16.859649
2026-01-21 05:00:00+00:00,9228.475585,0.0,0.0,0.0,1326.22,927.900024,1854.35,0.0,0.0,0.0,9.117779
2026-01-21 06:00:00+00:00,9613.27539,0.0,0.0,0.0,2914.1,927.599975,2836.35,0.0,0.0,0.0,7.944669
2026-01-21 07:00:00+00:00,9173.200195,0.0,0.0,0.0,3758.18,927.5,3010.4,0.0,45.461467,0.0,13.569784
2026-01-21 08:00:00+00:00,9644.335937,0.0,0.0,0.0,2665.55,927.799987,2846.92,0.0,257.417907,0.0,10.506756
2026-01-21 09:00:00+00:00,9009.58496,0.0,0.0,0.0,2211.78,928.5,2490.12,0.0,589.38739,0.0,7.51519
2026-01-21 10:00:00+00:00,8615.701171,0.0,0.0,0.0,1122.9,929.700012,2153.52,0.0,860.451171,0.0,5.920058
2026-01-21 11:00:00+00:00,8436.000976,0.0,0.0,0.0,682.95,931.299987,1662.45,0.0,1002.359375,0.0,5.055377
2026-01-21 12:00:00+00:00,9503.258789,0.0,0.0,0.0,884.88,933.5,1475.35,0.0,986.002746,0.0,4.72132
2026-01-21 13:00:00+00:00,8687.93164,0.0,0.0,0.0,1245.78,936.099975,2126.2,0.0,785.062866,0.0,4.897425
2026-01-21 14:00:00+00:00,8375.409179,0.0,0.0,0.0,2353.45,939.299987,2429.2,0.0,447.046325,0.0,7.843407
2026-01-21 15:00:00+00:00,8932.329101,0.0,0.0,0.0,2896.38,942.799987,2832.52,0.0,121.442665,0.0,7.854088
2026-01-21 16:00:00+00:00,8744.586914,0.0,0.0,0.0,3083.58,946.700012,2948.58,0.0,6.482609,0.0,9.375002
2026-01-21 17:00:00+00:00,8774.489257,0.0,0.0,0.0,3222.35,950.900024,2943.45,0.0,2.577133,0.0,12.136507
2026-01-21 18:00:00+00:00,9523.561523,0.0,0.0,0.0,3060.45,955.400024,2913.65,0.0,1.65562,0.0,10.767231
2026-01-21 19:00:00+00:00,9280.710937,0.0,0.0,0.0,2768.48,960.200012,2723.9,0.0,0.970203,0.0,11.111096
2026-01-21 20:00:00+00:00,8843.595703,0.0,0.0,0.0,1663.6,965.200012,2617.95,0.0,0.621234,0.0,15.962574
2026-01-21 21:00:00+00:00,8338.674804,0.0,0.0,0.0,1145.62,970.400024,2025.85,0.0,0.404198,0.0,13.378719
2026-01-21 22:00:00+00:00,8269.442382,0.0,0.0,0.0,851.85,975.700012,1498.65,0.0,0.244488,0.0,14.843206
2026-01-21 23:00:00+00:00,8094.282226,0.0,0.0,0.0,365.82,1037.300048,995.42,0.0,0.13962,0.0,12.942625
2026-01-22 00:00:00+00:00,7970.574218,0.0,0.0,0.0,211.32,1039.699951,813.5,0.0,0.0,0.0,14.124618
2026-01-22 01:00:00+00:00,8287.89746,0.0,0.0,0.0,145.5,1042.0,806.82,0.0,0.0,0.0,17.67521
2026-01-22 02:00:00+00:00,7970.768066,0.0,0.0,0.0,129.68,1044.199951,741.28,0.0,0.0,0.0,11.707882
2026-01-22 03:00:00+00:00,8184.291992,0.0,0.0,0.0,304.88,1046.199951,721.85,0.0,0.0,0.0,11.300319
2026-01-22 04:00:00+00:00,8295.14746,0.0,0.0,0.0,505.48,1048.199951,1086.75,0.0,0.0,0.0,6.345674
2026-01-22 05:00:00+00:00,8898.629882,0.0,0.0,0.0,1418.3,1050.0,2127.6,0.0,0.001699,0.0,6.851827
2026-01-22 06:00:00+00:00,9425.495117,0.0,0.0,0.0,2940.35,1051.699951,2866.08,0.0,0.0,0.0,5.001846
2026-01-22 07:00:00+00:00,9823.799804,0.0,0.0,0.0,3176.42,1053.099975,2975.48,0.0,41.959045,0.0,3.243087
2026-01-22 08:00:00+00:00,9615.716796,0.0,0.0,0.0,3006.3,1054.5,2611.58,0.0,225.756088,0.0,1.080506
2026-01-22 09:00:00+00:00,9506.909179,0.0,0.0,0.0,2325.38,1055.599975,2317.42,0.0,470.602691,0.0,1.692344
2026-01-22 10:00:00+00:00,9111.242187,0.0,0.0,0.0,1395.25,1056.5,1948.55,0.0,673.744079,0.0,1.462707
2026-01-22 11:00:00+00:00,8635.450195,0.0,0.0,0.0,1101.7,1057.199951,1527.28,0.0,761.042968,0.0,5.846105
2026-01-22 12:00:00+00:00,8502.384765,0.0,0.0,0.0,1110.88,1057.599975,1658.1,0.0,731.379028,0.0,5.866632
2026-01-22 13:00:00+00:00,8718.89746,0.0,0.0,0.0,1761.05,1057.900024,2096.6,0.0,573.057128,0.0,6.268159
2026-01-22 14:00:00+00:00,8762.24707,0.0,0.0,0.0,2129.08,1057.900024,2584.22,0.0,347.582122,0.0,5.122033
2026-01-22 15:00:00+00:00,9637.588867,0.0,0.0,0.0,2647.8,1057.699951,2707.18,0.0,115.481887,0.0,5.558336
2026-01-22 16:00:00+00:00,9820.21875,0.0,0.0,0.0,2869.82,1057.199951,2836.75,0.0,4.84024,0.0,6.710558
2026-01-22 17:00:00+00:00,9710.453125,0.0,0.0,0.0,3045.0,1056.599975,2839.7,0.0,1.774741,0.0,4.019993
2026-01-22 18:00:00+00:00,8876.504882,0.0,0.0,0.0,2919.15,1055.699951,2735.38,0.0,1.128059,0.0,2.475351
2026-01-22 19:00:00+00:00,9286.117187,0.0,0.0,0.0,2618.28,1054.5,2600.35,0.0,0.660683,0.0,3.698101
2026-01-22 20:00:00+00:00,8855.381835,0.0,0.0,0.0,1951.7,1053.199951,2371.3,0.0,0.355619,0.0,5.924727
2026-01-22 21:00:00+00:00,8421.314453,0.0,0.0,0.0,1105.7,1051.599975,2125.85,0.0,0.16494,0.0,5.543909
2026-01-22 22:00:00+00:00,8292.008789,0.0,0.0,0.0,698.05,1049.800048,1337.65,0.0,0.03811,0.0,6.205347
2026-01-22 23:00:00+00:00,8360.502929,0.0,0.0,0.0,535.45,1082.699951,757.42,0.0,0.0,0.0,7.142943
2026-01-23 00:00:00+00:00,7901.250488,0.0,0.0,0.0,415.5,1080.0,647.05,0.0,0.0,0.0,7.150644
2026-01-23 01:00:00+00:00,8213.883789,0.0,0.0,0.0,296.92,1076.900024,597.62,0.0,0.0,0.0,10.105182
2026-01-23 02:00:00+00:00,7925.339843,0.0,0.0,0.0,282.45,1073.599975,635.8,0.0,0.0,0.0,20.899021
2026-01-23 03:00:00+00:00,8122.255859,0.0,0.0,0.0,378.58,1069.900024,683.6,0.0,0.0,0.0,27.697036
2026-01-23 04:00:00+00:00,7923.10205,0.0,0.0,0.0,532.68,1066.0,857.6,0.0,0.0,0.0,27.210842
2026-01-23 05:00:00+00:00,8651.02832,0.0,0.0,0.0,1427.0,1061.800048,2190.2,0.0,0.0,0.0,27.689092
2026-01-23 06:00:00+00:00,9219.260742,0.0,0.0,0.0,2789.35,1057.300048,2800.1,0.0,0.0,0.0,23.542833
2026-01-23 07:00:00+00:00,9107.390625,0.0,0.0,0.0,3213.08,1052.599975,3004.32,0.0,44.259571,0.0,24.353656
2026-01-23 08:00:00+00:00,9920.27832,0.0,0.0,0.0,3139.12,1047.5,2944.12,0.0,216.609298,0.0,18.312595
2026-01-23 09:00:00+00:00,8460.135742,0.0,0.0,0.0,2567.52,1042.199951,2713.12,0.0,426.792572,0.0,17.372083
2026-01-23 10:00:00+00:00,8052.286621,0.0,0.0,0.0,2202.7,1036.699951,2163.55,0.0,606.133544,0.0,21.527236
2026-01-23 11:00:00+00:00,8390.135742,0.0,0.0,0.0,1248.85,1030.900024,2028.25,0.0,684.037841,0.0,24.736547
2026-01-23 12:00:00+00:00,8783.264648,0.0,0.0,0.0,1191.28,1024.800048,2017.58,0.0,644.368041,0.0,20.401166
2026-01-23 13:00:00+00:00,7927.048828,0.0,0.0,0.0,1893.75,1018.5,2051.52,0.0,506.885284,0.0,13.379137
2026-01-23 14:00:00+00:00,8016.711914,0.0,0.0,0.0,2465.48,1011.900024,2493.0,0.0,267.921722,0.0,9.878184
2026-01-23 15:00:00+00:00,8703.660156,0.0,0.0,0.0,3119.02,1005.099975,2716.55,0.0,78.770729,0.0,9.744382
2026-01-23 16:00:00+00:00,8778.295898,0.0,0.0,0.0,3034.68,998.099975,2717.3,0.0,3.092596,0.0,10.633539
2026-01-23 17:00:00+00:00,8834.405273,0.0,0.0,0.0,2918.2,990.799987,2781.35,0.0,1.386256,0.0,9.035521
2026-01-23 18:00:00+00:00,8718.469726,0.0,0.0,0.0,2609.88,983.200012,2698.78,0.0,0.844914,0.0,6.967543
2026-01-23 19:00:00+00:00,8511.67871,0.0,0.0,0.0,1883.02,975.400024,2192.35,0.0,0.447042,0.0,7.408138
2026-01-23 20:00:00+00:00,7678.566894,0.0,0.0,0.0,1317.05,967.400024,2071.35,0.0,0.218454,0.0,18.074129
2026-01-23 21:00:00+00:00,8524.632812,0.0,0.0,0.0,575.65,959.200012,1129.95,0.0,0.086608,0.0,22.29145
2026-01-23 22:00:00+00:00,8442.871093,0.0,0.0,0.0,405.82,950.700012,691.88,0.0,0.0,0.0,18.244308
2026-01-23 23:00:00+00:00,8009.596191,0.0,0.0,0.0,262.38,944.700012,636.38,0.0,0.0,0.0,12.338398
2026-01-24 00:00:00+00:00,7189.85791,0.0,0.0,0.0,155.72,932.700012,449.45,0.0,0.0,0.0,15.300628
2026-01-24 01:00:00+00:00,7680.109863,0.0,0.0,0.0,121.42,920.400024,252.92,0.0,0.0,0.0,14.256024
2026-01-24 02:00:00+00:00,8150.768554,0.0,0.0,0.0,121.15,908.0,115.92,0.0,0.0,0.0,12.543204
2026-01-24 03:00:00+00:00,7270.52246,0.0,0.0,0.0,116.88,895.5,168.68,0.0,0.0,0.0,9.820199
2026-01-24 04:00:00+00:00,7519.332031,0.0,0.0,0.0,75.78,882.799987,343.2,0.0,0.0,0.0,6.301525
2026-01-24 05:00:00+00:00,7614.55664,0.0,0.0,0.0,234.35,870.0,554.7,0.0,0.0,0.0,6.93859
2026-01-24 06:00:00+00:00,7995.288085,0.0,0.0,0.0,277.65,857.200012,882.62,0.0,0.0,0.0,7.096693
2026-01-24 07:00:00+00:00,7791.885253,0.0,0.0,0.0,946.7,844.299987,1604.68,0.0,32.265613,0.0,11.703315
2026-01-24 08:00:00+00:00,8353.186523,0.0,0.0,0.0,967.45,831.5,1733.15,0.0,166.808212,0.0,12.163409
2026-01-24 09:00:00+00:00,8301.770507,0.0,0.0,0.0,691.78,818.599975,1880.35,0.0,319.335571,0.0,17.470375
2026-01-24 10:00:00+00:00,8585.830078,0.0,0.0,0.0,515.18,805.799987,1433.7,0.0,456.43457,0.0,21.293214
2026-01-24 11:00:00+00:00,7883.323242,0.0,0.0,0.0,207.15,793.200012,687.42,0.0,528.553894,0.0,20.224893
2026-01-24 12:00:00+00:00,8427.577148,0.0,0.0,0.0,148.88,780.599975,538.5,0.0,514.169006,0.0,15.287116
2026-01-24 13:00:00+00:00,8399.030273,0.0,0.0,0.0,190.72,768.200012,719.95,0.0,382.149353,0.0,10.140422
2026-01-24 14:00:00+00:00,7795.334472,0.0,0.0,0.0,379.3,756.099975,894.6,0.0,234.249298,0.0,5.321099
2026-01-24 15:00:00+00:00,7551.47998,0.0,0.0,0.0,629.4,744.200012,1266.42,0.0,73.122673,0.0,3.461267
2026-01-24 16:00:00+00:00,8023.429687,0.0,0.0,0.0,1295.88,732.799987,2095.85,0.0,2.014403,0.0,2.849294
2026-01-24 17:00:00+00:00,8355.550781,0.0,0.0,0.0,991.65,721.700012,1637.3,0.0,0.883305,0.0,4.66182
2026-01-24 18:00:00+00:00,7375.012207,0.0,0.0,0.0,476.82,711.099975,1260.22,0.0,0.489116,0.0,5.555526
2026-01-24 19:00:00+00:00,8572.476562,0.0,0.0,0.0,368.82,701.099975,1063.85,0.0,0.206087,0.0,3.003425
2026-01-24 20:00:00+00:00,7656.733886,0.0,0.0,0.0,100.78,691.599975,698.95,0.0,0.117545,0.0,4.405513
2026-01-24 21:00:00+00:00,7844.602539,0.0,0.0,0.0,80.6,682.900024,375.4,0.0,0.02693,0.0,7.88062
2026-01-24 22:00:00+00:00,8142.418457,0.0,0.0,0.0,60.75,674.799987,245.98,0.0,0.0,0.0,7.976919
2026-01-24 23:00:00+00:00,7452.302246,0.0,0.0,0.0,37.98,658.599975,333.4,0.0,0.0,0.0,12.614297
2026-01-25 00:00:00+00:00,7509.160644,0.0,0.0,0.0,55.98,652.099975,151.58,0.0,0.0,0.0,15.39038
2026-01-25 01:00:00+00:00,7683.974121,0.0,0.0,0.0,55.75,646.400024,160.25,0.0,0.0,0.0,4.81756
2026-01-25 02:00:00+00:00,7894.472167,0.0,0.0,0.0,47.7,641.799987,106.22,0.0,0.0,0.0,3.6591
2026-01-25 03:00:00+00:00,8141.961425,0.0,0.0,0.0,54.05,638.200012,162.5,0.0,0.0,0.0,5.320164
2026-01-25 04:00:00+00:00,7743.18164,0.0,0.0,0.0,52.5,635.700012,175.15,0.0,0.0,0.0,4.972483
2026-01-25 05:00:00+00:00,7894.623535,0.0,0.0,0.0,61.5,634.400024,210.7,0.0,0.0,0.0,6.57555
2026-01-25 06:00:00+00:00,7682.947753,0.0,0.0,0.0,73.95,634.299987,391.55,0.0,0.0,0.0,7.782802
2026-01-25 07:00:00+00:00,7852.635742,0.0,0.0,0.0,157.8,635.5,670.58,0.0,30.543712,0.0,11.783773
2026-01-25 08:00:00+00:00,8496.224609,0.0,0.0,0.0,165.8,638.0,873.95,0.0,177.001281,0.0,5.424215
2026-01-25 09:00:00+00:00,7903.204101,0.0,0.0,0.0,63.02,641.900024,647.62,0.0,385.921936,0.0,3.153598
2026-01-25 10:00:00+00:00,8020.129882,0.0,0.0,0.0,76.85,647.299987,404.12,0.0,601.743103,0.0,2.412815
2026-01-25 11:00:00+00:00,7816.540527,0.0,0.0,0.0,46.75,654.200012,330.9,0.0,746.329528,0.0,0.871952
2026-01-25 12:00:00+00:00,8809.466796,0.0,0.0,0.0,26.15,662.700012,263.72,0.0,732.520996,0.0,0.846072
2026-01-25 13:00:00+00:00,7414.909667,0.0,0.0,0.0,26.85,672.700012,385.98,0.0,597.151733,0.0,1.696505
2026-01-25 14:00:00+00:00,7853.499023,0.0,0.0,0.0,145.25,684.099975,398.02,0.0,353.902343,0.0,3.509706
2026-01-25 15:00:00+00:00,8572.217773,0.0,0.0,0.0,211.32,696.700012,457.8,0.0,126.991828,0.0,5.507914
2026-01-25 16:00:00+00:00,8251.924804,0.0,0.0,0.0,233.92,710.5,773.6,0.0,6.362439,0.0,9.883213
2026-01-25 17:00:00+00:00,7953.347656,0.0,0.0,0.0,418.22,725.400024,1181.92,0.0,2.099536,0.0,6.711051
2026-01-25 18:00:00+00:00,7964.413574,0.0,0.0,0.0,457.3,741.200012,1248.6,0.0,1.294643,0.0,14.715878
2026-01-25 19:00:00+00:00,7768.340332,0.0,0.0,0.0,205.1,757.799987,972.02,0.0,0.836242,0.0,12.441811
2026-01-25 20:00:00+00:00,8267.070312,0.0,0.0,0.0,65.52,775.299987,541.5,0.0,0.518144,0.0,5.834273
2026-01-25 21:00:00+00:00,7779.967773,0.0,0.0,0.0,48.85,793.299987,351.38,0.0,0.354597,0.0,4.988864
2026-01-25 22:00:00+00:00,7501.399902,0.0,0.0,0.0,48.02,811.900024,193.2,0.0,0.224127,0.0,3.053137
2026-01-25 23:00:00+00:00,7807.99414,0.0,0.0,0.0,39.98,742.599975,190.4,0.0,0.167591,0.0,5.32473
2026-01-26 00:00:00+00:00,8277.40332,0.0,0.0,0.0,39.92,753.0,262.18,0.0,0.070786,0.0,9.848619
2026-01-26 01:00:00+00:00,8104.201171,0.0,0.0,0.0,39.9,764.0,264.8,0.0,0.0,0.0,15.403889
2026-01-26 02:00:00+00:00,8092.378417,0.0,0.0,0.0,39.9,775.5,248.35,0.0,0.0,0.0,18.51185
2026-01-26 03:00:00+00:00,8043.810058,0.0,0.0,0.0,37.8,787.400024,176.58,0.0,0.0,0.0,20.049661
2026-01-26 04:00:00+00:00,9322.273437,0.0,0.0,0.0,163.32,799.799987,387.1,0.0,0.0,0.0,12.454916
2026-01-26 05:00:00+00:00,8486.45996,0.0,0.0,0.0,367.92,812.599975,1002.28,0.0,0.043993,0.0,9.499678
2026-01-26 06:00:00+00:00,9739.537109,0.0,0.0,0.0,1944.38,825.799987,2166.28,0.0,0.13687,0.0,12.968292
2026-01-26 07:00:00+00:00,9779.27246,0.0,0.0,0.0,3561.7,839.5,2948.2,0.0,28.739435,0.0,15.555211
2026-01-26 08:00:00+00:00,9458.073242,0.0,0.0,0.0,3499.28,853.5,2693.7,0.0,160.388732,0.0,11.458297
2026-01-26 09:00:00+00:00,9037.86914,0.0,0.0,0.0,2801.02,867.799987,2258.7,0.0,348.220336,0.0,10.83873
2026-01-26 10:00:00+00:00,9445.704101,0.0,0.0,0.0,2114.28,882.5,2225.15,0.0,563.739807,0.0,11.375615
2026-01-26 11:00:00+00:00,8825.040039,0.0,0.0,0.0,1132.25,897.5,1721.95,0.0,801.191223,0.0,11.580476
2026-01-26 12:00:00+00:00,8860.71875,0.0,0.0,0.0,987.08,912.900024,1735.4,0.0,834.683288,0.0,10.748229
2026-01-26 13:00:00+00:00,8091.242675,0.0,0.0,0.0,971.3,928.400024,1421.12,0.0,715.91687,0.0,12.039392
2026-01-26 14:00:00+00:00,8761.18164,0.0,0.0,0.0,1584.08,944.099975,2111.12,0.0,439.784576,0.0,16.201713
2026-01-26 15:00:00+00:00,9114.813476,0.0,0.0,0.0,2271.85,959.900024,2261.38,0.0,133.685974,0.0,15.990193
2026-01-26 16:00:00+00:00,9602.478515,0.0,0.0,0.0,2695.95,975.700012,2622.08,0.0,5.381198,0.0,11.656874
2026-01-26 17:00:00+00:00,9344.061523,0.0,0.0,0.0,3314.9,991.5,2591.28,0.0,2.088386,0.0,10.681223
2026-01-26 18:00:00+00:00,9513.923828,0.0,0.0,0.0,2754.52,1007.200012,2211.52,0.0,1.282324,0.0,9.82098
2026-01-26 19:00:00+00:00,9109.25,0.0,0.0,0.0,1129.65,1022.700012,2037.02,0.0,0.705886,0.0,15.719458
2026-01-26 20:00:00+00:00,8629.548828,0.0,0.0,0.0,240.55,1038.0,1157.98,0.0,0.361921,0.0,16.357463
2026-01-26 21:00:00+00:00,8634.101562,0.0,0.0,0.0,64.82,1053.0,482.05,0.0,0.196889,0.0,18.926368
2026-01-26 22:00:00+00:00,8435.240234,0.0,0.0,0.0,77.28,1067.5,377.95,0.0,0.063897,0.0,23.818252
2026-01-26 23:00:00+00:00,7990.041015,0.0,0.0,0.0,67.95,942.700012,282.8,0.0,0.0,0.0,33.09663
2026-01-27 00:00:00+00:00,8236.975585,0.0,0.0,0.0,39.52,939.5,226.48,0.0,0.0,0.0,41.7294
2026-01-27 01:00:00+00:00,8526.159179,0.0,0.0,0.0,33.42,936.200012,181.5,0.0,0.0,0.0,51.419853
2026-01-27 02:00:00+00:00,7691.683593,0.0,0.0,0.0,38.05,933.0,241.85,0.0,0.0,0.0,53.461997
2026-01-27 03:00:00+00:00,7980.835937,0.0,0.0,0.0,57.15,929.799987,282.22,0.0,0.0,0.0,59.251724
2026-01-27 04:00:00+00:00,8108.264648,0.0,0.0,0.0,250.58,926.799987,663.18,0.0,0.0,0.0,63.609428
2026-01-27 05:00:00+00:00,9420.041015,0.0,0.0,0.0,1369.08,924.099975,1265.88,0.0,0.0,0.0,69.519241
2026-01-27 06:00:00+00:00,9369.117187,0.0,0.0,0.0,3622.3,921.799987,2655.35,0.0,0.566793,0.0,66.926322
2026-01-27 07:00:00+00:00,9455.669921,0.0,0.0,0.0,3557.82,919.900024,2891.5,0.0,82.45259,0.0,74.883369
2026-01-27 08:00:00+00:00,9035.752929,0.0,0.0,0.0,3201.6,918.700012,2312.58,0.0,362.736145,0.0,83.20623
2026-01-27 09:00:00+00:00,8887.368164,0.0,0.0,0.0,1554.55,918.099975,1841.1,0.0,698.513,0.0,75.019889
2026-01-27 10:00:00+00:00,8686.001953,0.0,0.0,0.0,462.05,918.200012,1050.65,0.0,836.460754,0.0,75.921447
2026-01-27 11:00:00+00:00,8146.913574,0.0,0.0,0.0,185.85,919.200012,510.32,0.0,751.318481,0.0,76.362876
2026-01-27 12:00:00+00:00,8382.164062,0.0,0.0,0.0,250.0,921.200012,646.15,0.0,509.746643,0.0,65.556594
2026-01-27 13:00:00+00:00,8357.693359,0.0,0.0,0.0,292.22,924.0,1046.75,0.0,317.355224,0.0,79.627395
2026-01-27 14:00:00+00:00,8743.538085,0.0,0.0,0.0,1094.28,927.599975,2032.0,0.0,171.887161,0.0,75.180831
2026-01-27 15:00:00+00:00,8297.061523,0.0,0.0,0.0,2415.0,932.0,2241.05,0.0,49.266113,0.0,74.09864
2026-01-27 16:00:00+00:00,8622.538085,0.0,0.0,0.0,2609.35,937.0,2395.02,0.0,1.853115,0.0,67.035881
2026-01-27 17:00:00+00:00,8533.817382,0.0,0.0,0.0,2350.65,942.599975,2243.4,0.0,1.63952,0.0,54.373569
2026-01-27 18:00:00+00:00,9163.606445,0.0,0.0,0.0,2149.2,948.700012,2173.0,0.0,0.954455,0.0,52.938484
2026-01-27 19:00:00+00:00,8398.016601,0.0,0.0,0.0,1172.75,955.299987,1949.9,0.0,0.612895,0.0,49.421573
2026-01-27 20:00:00+00:00,7521.273925,0.0,0.0,0.0,354.85,962.299987,1031.65,0.0,0.31752,0.0,41.12001
2026-01-27 21:00:00+00:00,7717.420898,0.0,0.0,0.0,63.85,969.599975,481.25,0.0,0.17331,0.0,33.326904
2026-01-27 22:00:00+00:00,7533.682128,0.0,0.0,0.0,70.5,977.099975,398.1,0.0,0.053163,0.0,35.250244
2026-01-27 23:00:00+00:00,7492.755371,0.0,0.0,0.0,58.15,961.099975,178.32,0.0,0.001219,0.0,26.079998
2026-01-28 00:00:00+00:00,8103.700683,0.0,0.0,0.0,51.7,963.599975,169.32,0.0,0.0,0.0,18.529233
2026-01-28 01:00:00+00:00,8044.17041,0.0,0.0,0.0,50.7,966.299987,118.7,0.0,0.0,0.0,16.462921
2026-01-28 02:00:00+00:00,7928.864257,0.0,0.0,0.0,51.7,969.099975,134.82,0.0,0.0,0.0,16.096364
2026-01-28 03:00:00+00:00,7902.395996,0.0,0.0,0.0,62.25,972.0,171.02,0.0,0.0,0.0,14.424079
2026-01-28 04:00:00+00:00,7774.868652,0.0,0.0,0.0,145.42,974.900024,458.48,0.0,0.0,0.0,12.221386
2026-01-28 05:00:00+00:00,9397.295898,0.0,0.0,0.0,343.5,977.900024,1114.88,0.0,0.0,0.0,7.119752
2026-01-28 06:00:00+00:00,9563.001953,0.0,0.0,0.0,1249.45,980.900024,2158.98,0.0,0.000439,0.0,4.761232
2026-01-28 07:00:00+00:00,9579.889648,0.0,0.0,0.0,2455.42,983.900024,2737.8,0.0,29.08057,0.0,2.470023
2026-01-28 08:00:00+00:00,9471.756835,0.0,0.0,0.0,3146.55,986.799987,3001.05,0.0,114.959411,0.0,2.164481
2026-01-28 09:00:00+00:00,8602.610351,0.0,0.0,0.0,2759.5,989.799987,2657.92,0.0,188.095733,0.0,2.756549
2026-01-28 10:00:00+00:00,9402.958984,0.0,0.0,0.0,2459.35,992.599975,2406.0,0.0,229.846145,0.0,2.551424
2026-01-28 11:00:00+00:00,9365.054687,0.0,0.0,0.0,1562.72,995.400024,2081.68,0.0,244.323257,0.0,2.473615
2026-01-28 12:00:00+00:00,9405.767578,0.0,0.0,0.0,1470.45,998.099975,1938.3,0.0,214.220901,0.0,2.528724
2026-01-28 13:00:00+00:00,9161.763671,0.0,0.0,0.0,1411.28,1000.700012,2087.88,0.0,169.72113,0.0,3.314396
2026-01-28 14:00:00+00:00,9567.344726,0.0,0.0,0.0,2434.98,1003.099975,2199.22,0.0,109.321784,0.0,4.525154
2026-01-28 15:00:00+00:00,9339.881835,0.0,0.0,0.0,2210.32,1005.5,2371.6,0.0,37.787105,0.0,5.601577
2026-01-28 16:00:00+00:00,9300.925781,0.0,0.0,0.0,2680.58,1007.799987,2404.0,0.0,0.305033,0.0,6.413205
2026-01-28 17:00:00+00:00,9532.446289,0.0,0.0,0.0,2966.9,1010.099975,2478.9,0.0,0.0,0.0,6.611041
2026-01-28 18:00:00+00:00,9119.904296,0.0,0.0,0.0,1759.45,1012.200012,2166.7,0.0,0.0,0.0,7.159615
2026-01-28 19:00:00+00:00,9152.836914,0.0,0.0,0.0,316.72,1014.299987,1109.98,0.0,0.0,0.0,8.042469
2026-01-28 20:00:00+00:00,8158.927734,0.0,0.0,0.0,75.32,1016.400024,593.0,0.0,0.0,0.0,8.973652
2026-01-28 21:00:00+00:00,8523.43164,0.0,0.0,0.0,57.48,1018.299987,380.25,0.0,0.0,0.0,9.535828
2026-01-28 22:00:00+00:00,8099.417968,0.0,0.0,0.0,64.62,1020.299987,338.68,0.0,0.0,0.0,12.712527
2026-01-28 23:00:00+00:00,8419.154296,0.0,0.0,0.0,58.5,1020.299987,267.18,0.0,0.0,0.0,14.959884
2026-01-29 00:00:00+00:00,8019.244628,0.0,0.0,0.0,37.45,1020.900024,216.45,0.0,0.0,0.0,12.844762
2026-01-29 01:00:00+00:00,7845.311523,0.0,0.0,0.0,87.38,1021.599975,805.25,0.0,0.0,0.0,14.062639
2026-01-29 02:00:00+00:00,8096.963378,0.0,0.0,0.0,58.3,1022.299987,683.95,0.0,0.0,0.0,15.654926
2026-01-29 03:00:00+00:00,8063.390136,0.0,0.0,0.0,53.48,1023.099975,180.42,0.0,0.0,0.0,18.351961
2026-01-29 04:00:00+00:00,8483.219726,0.0,0.0,0.0,155.38,1023.799987,539.25,0.0,0.0,0.0,16.813098
2026-01-29 05:00:00+00:00,8715.255859,0.0,0.0,0.0,650.02,1024.599975,1201.98,0.0,0.0,0.0,12.25356
2026-01-29 06:00:00+00:00,10004.538085,0.0,0.0,0.0,2823.5,1025.599975,2287.45,0.0,0.0,0.0,10.116722
2026-01-29 07:00:00+00:00,9830.264648,0.0,0.0,0.0,3541.22,1026.599975,2916.52,0.0,25.666065,0.0,8.181644
2026-01-29 08:00:00+00:00,9826.628906,0.0,0.0,0.0,3721.28,1027.699951,3091.18,0.0,157.363372,0.0,6.01238
2026-01-29 09:00:00+00:00,9338.112304,0.0,0.0,0.0,3628.12,1028.900024,2852.32,0.0,369.503265,0.0,3.876028
2026-01-29 10:00:00+00:00,9136.291992,0.0,0.0,0.0,3224.75,1030.400024,2287.9,0.0,583.091735,0.0,2.448428
2026-01-29 11:00:00+00:00,9019.739257,0.0,0.0,0.0,2638.75,1031.900024,1930.45,0.0,715.393371,0.0,2.43081
2026-01-29 12:00:00+00:00,8611.445312,0.0,0.0,0.0,1648.75,1033.699951,1700.55,0.0,720.14392,0.0,2.710884
2026-01-29 13:00:00+00:00,9011.037109,0.0,0.0,0.0,980.7,1035.599975,1757.1,0.0,604.098144,0.0,2.486115
2026-01-29 14:00:00+00:00,8930.725585,0.0,0.0,0.0,2320.92,1037.599975,2018.9,0.0,389.483795,0.0,2.80378
2026-01-29 15:00:00+00:00,9020.891601,0.0,0.0,0.0,3402.65,1039.599975,2183.72,0.0,153.032638,0.0,2.831265
2026-01-29 16:00:00+00:00,9710.25,0.0,0.0,0.0,3316.3,1041.699951,2446.38,0.0,10.868151,0.0,2.700917
2026-01-29 17:00:00+00:00,9818.207031,0.0,0.0,0.0,2963.38,1043.699951,2312.45,0.0,1.5467,0.0,2.279838
2026-01-29 18:00:00+00:00,8732.762695,0.0,0.0,0.0,2438.5,1045.699951,2171.45,0.0,0.932676,0.0,1.418162
2026-01-29 19:00:00+00:00,9358.266601,0.0,0.0,0.0,810.55,1047.5,1442.32,0.0,0.424968,0.0,1.956878
2026-01-29 20:00:00+00:00,8222.624023,0.0,0.0,0.0,142.15,1049.099975,662.88,0.0,0.133168,0.0,5.093216
2026-01-29 21:00:00+00:00,8592.507812,0.0,0.0,0.0,99.65,1050.599975,368.2,0.0,0.016414,0.0,6.541392
2026-01-29 22:00:00+00:00,8248.953125,0.0,0.0,0.0,64.02,1051.800048,252.38,0.0,0.0,0.0,9.513254
2026-01-29 23:00:00+00:00,8016.971679,0.0,0.0,0.0,47.65,989.099975,231.28,0.0,0.0,0.0,13.065002
2026-01-30 00:00:00+00:00,8423.488281,0.0,0.0,0.0,45.58,983.0,206.58,0.0,0.0,0.0,18.90349
2026-01-30 01:00:00+00:00,8705.067382,0.0,0.0,0.0,36.42,976.799987,144.6,0.0,0.0,0.0,21.465427
2026-01-30 02:00:00+00:00,8650.076171,0.0,0.0,0.0,34.38,970.299987,133.05,0.0,0.0,0.0,23.556371
2026-01-30 03:00:00+00:00,7583.486816,0.0,0.0,0.0,66.85,963.799987,214.2,0.0,0.0,0.0,25.723257
2026-01-30 04:00:00+00:00,7931.212402,0.0,0.0,0.0,272.6,957.099975,532.42,0.0,0.0,0.0,36.205856
2026-01-30 05:00:00+00:00,9348.426757,0.0,0.0,0.0,517.95,950.299987,915.52,0.0,0.0,0.0,38.91212
2026-01-30 06:00:00+00:00,9683.003906,0.0,0.0,0.0,1539.78,943.400024,1800.1,0.0,0.0,0.0,36.350017
2026-01-30 07:00:00+00:00,9132.288085,0.0,0.0,0.0,2669.02,936.5,2556.88,0.0,39.377559,0.0,33.720748
2026-01-30 08:00:00+00:00,9405.609375,0.0,0.0,0.0,2363.68,929.599975,2321.52,0.0,162.888946,0.0,37.171756
2026-01-30 09:00:00+00:00,9116.500976,0.0,0.0,0.0,1605.32,922.599975,1778.42,0.0,279.275115,0.0,41.032085
2026-01-30 10:00:00+00:00,9064.323242,0.0,0.0,0.0,1914.05,915.599975,2009.68,0.0,348.093994,0.0,34.932605
2026-01-30 11:00:00+00:00,9022.148437,0.0,0.0,0.0,707.8,908.700012,1285.42,0.0,380.721008,0.0,33.910949
2026-01-30 12:00:00+00:00,9199.727539,0.0,0.0,0.0,578.78,901.799987,1303.3,0.0,382.678558,0.0,30.25559
2026-01-30 13:00:00+00:00,8359.035156,0.0,0.0,0.0,552.12,894.900024,1158.2,0.0,359.516235,0.0,28.476766
2026-01-30 14:00:00+00:00,8564.975585,0.0,0.0,0.0,858.6,888.099975,1024.0,0.0,275.65097,0.0,18.921077
2026-01-30 15:00:00+00:00,8614.295898,0.0,0.0,0.0,1228.92,881.299987,1390.2,0.0,124.393394,0.0,19.0053
2026-01-30 16:00:00+00:00,9888.55957,0.0,0.0,0.0,1776.32,874.599975,2131.68,0.0,10.108414,0.0,16.809831
2026-01-30 17:00:00+00:00,8995.828125,0.0,0.0,0.0,1926.58,867.900024,2025.38,0.0,0.578298,0.0,16.555469
2026-01-30 18:00:00+00:00,8363.006835,0.0,0.0,0.0,1605.15,861.299987,1873.62,0.0,0.243088,0.0,22.068147
2026-01-30 19:00:00+00:00,9425.088867,0.0,0.0,0.0,977.55,854.799987,1256.05,0.0,0.019013,0.0,18.613256
2026-01-30 20:00:00+00:00,8475.144531,0.0,0.0,0.0,239.92,848.299987,731.55,0.0,0.0,0.0,27.833255
2026-01-30 21:00:00+00:00,8004.221679,0.0,0.0,0.0,185.22,841.799987,746.08,0.0,0.0,0.0,32.118167
2026-01-30 22:00:00+00:00,7951.270996,0.0,0.0,0.0,146.92,835.5,652.98,0.0,0.0,0.0,25.970369
2026-01-30 23:00:00+00:00,7868.782226,0.0,0.0,0.0,45.82,839.5,515.35,0.0,0.0,0.0,15.662268
2026-01-31 00:00:00+00:00,8384.114257,0.0,0.0,0.0,35.48,833.0,429.52,0.0,0.0,0.0,11.097005
2026-01-31 01:00:00+00:00,8446.304687,0.0,0.0,0.0,33.92,826.599975,241.72,0.0,0.0,0.0,7.964833
2026-01-31 02:00:00+00:00,7701.446289,0.0,0.0,0.0,35.0,820.200012,292.8,0.0,0.0,0.0,8.112751
2026-01-31 03:00:00+00:00,7404.615722,0.0,0.0,0.0,46.15,813.900024,260.98,0.0,0.0,0.0,6.176631
2026-01-31 04:00:00+00:00,7989.740234,0.0,0.0,0.0,48.6,807.700012,246.82,0.0,0.0,0.0,4.843595
2026-01-31 05:00:00+00:00,7952.390625,0.0,0.0,0.0,41.58,801.5,375.25,0.0,0.0,0.0,4.086911
2026-01-31 06:00:00+00:00,8395.730468,0.0,0.0,0.0,486.65,795.400024,800.1,0.0,0.161807,0.0,3.632968
2026-01-31 07:00:00+00:00,8499.027343,0.0,0.0,0.0,534.18,789.299987,751.6,0.0,50.390895,0.0,3.22753
2026-01-31 08:00:00+00:00,8085.514648,0.0,0.0,0.0,407.65,783.400024,850.08,0.0,225.146987,0.0,3.195883
2026-01-31 09:00:00+00:00,8170.158203,0.0,0.0,0.0,150.08,777.5,460.08,0.0,439.644439,0.0,3.664742
2026-01-31 10:00:00+00:00,8167.265625,0.0,0.0,0.0,137.68,771.700012,176.3,0.0,604.793457,0.0,3.078063
2026-01-31 11:00:00+00:00,8362.33496,0.0,0.0,0.0,67.3,766.099975,171.58,0.0,680.446289,0.0,0.894508
2026-01-31 12:00:00+00:00,7853.121093,0.0,0.0,0.0,63.32,760.5,225.28,0.0,659.348632,0.0,1.485236
2026-01-31 13:00:00+00:00,7441.947265,0.0,0.0,0.0,56.9,755.0,210.28,0.0,530.080688,0.0,2.937952
2026-01-31 14:00:00+00:00,7657.033203,0.0,0.0,0.0,78.75,749.700012,341.25,0.0,321.413604,0.0,3.562285
2026-01-31 15:00:00+00:00,8115.012695,0.0,0.0,0.0,108.08,744.5,640.38,0.0,109.652671,0.0,3.764228
2026-01-31 16:00:00+00:00,8052.124511,0.0,0.0,0.0,535.82,739.5,857.68,0.0,8.206018,0.0,3.171442
2026-01-31 17:00:00+00:00,8480.328125,0.0,0.0,0.0,689.3,734.599975,946.55,0.0,1.277357,0.0,2.967036
2026-01-31 18:00:00+00:00,8172.140136,0.0,0.0,0.0,609.28,730.0,916.05,0.0,0.727959,0.0,2.436129
2026-01-31 19:00:00+00:00,8132.780761,0.0,0.0,0.0,367.3,725.5,656.68,0.0,0.358018,0.0,1.924947
2026-01-31 20:00:00+00:00,8157.918945,0.0,0.0,0.0,88.48,721.299987,463.45,0.0,0.169076,0.0,2.290725
2026-01-31 21:00:00+00:00,8526.079101,0.0,0.0,0.0,45.88,717.299987,305.52,0.0,0.044193,0.0,2.425954
2026-01-31 22:00:00+00:00,7325.644042,0.0,0.0,0.0,94.9,713.5,359.58,0.0,0.001354,0.0,2.52061
2026-01-31 23:00:00+00:00,7519.629394,0.0,0.0,0.0,59.5,684.400024,277.2,0.0,0.0,0.0,2.726119
2026-02-01 00:00:00+00:00,7942.778808,0.0,0.0,0.0,58.18,679.5,112.25,0.0,0.0,0.0,2.416924
2026-02-01 01:00:00+00:00,7737.756835,0.0,0.0,0.0,62.52,674.900024,107.2,0.0,0.0,0.0,2.589766
2026-02-01 02:00:00+00:00,7758.21875,0.0,0.0,0.0,45.68,670.799987,108.52,0.0,0.0,0.0,3.676961
2026-02-01 03:00:00+00:00,7924.99707,0.0,0.0,0.0,55.2,667.0,102.12,0.0,0.0,0.0,4.276974
2026-02-01 04:00:00+00:00,7962.879882,0.0,0.0,0.0,54.35,663.799987,115.22,0.0,0.0,0.0,5.83703
2026-02-01 05:00:00+00:00,7838.816894,0.0,0.0,0.0,54.12,661.0,125.2,0.0,0.0,0.0,9.170742
2026-02-01 06:00:00+00:00,8368.826171,0.0,0.0,0.0,129.8,658.799987,116.6,0.0,0.002146,0.0,8.479527
2026-02-01 07:00:00+00:00,8409.040039,0.0,0.0,0.0,117.85,657.099975,163.85,0.0,61.006702,0.0,8.64217
2026-02-01 08:00:00+00:00,7776.170898,0.0,0.0,0.0,95.15,656.099975,231.72,0.0,282.188842,0.0,7.116531
2026-02-01 09:00:00+00:00,8472.183593,0.0,0.0,0.0,52.7,655.599975,140.52,0.0,648.9375,0.0,6.788256
2026-02-01 10:00:00+00:00,7654.964355,0.0,0.0,0.0,48.32,655.799987,99.15,0.0,1070.406982,0.0,6.718432
2026-02-01 11:00:00+00:00,8040.434082,0.0,0.0,0.0,42.45,656.799987,82.68,0.0,1374.301269,0.0,6.612638
2026-02-01 12:00:00+00:00,8135.245605,0.0,0.0,0.0,19.55,658.400024,105.1,0.0,1399.656616,0.0,3.995896
2026-02-01 13:00:00+00:00,7771.835449,0.0,0.0,0.0,18.52,660.700012,184.92,0.0,1103.354248,0.0,1.212444
2026-02-01 14:00:00+00:00,8363.596679,0.0,0.0,0.0,24.05,663.700012,267.2,0.0,626.944885,0.0,6.965981
2026-02-01 15:00:00+00:00,7646.138671,0.0,0.0,0.0,101.05,667.200012,296.65,0.0,236.757339,0.0,14.216871
2026-02-01 16:00:00+00:00,8047.437988,0.0,0.0,0.0,261.85,671.400024,525.22,0.0,23.788106,0.0,20.815763
2026-02-01 17:00:00+00:00,8022.483398,0.0,0.0,0.0,468.12,676.099975,524.3,0.0,4.373165,0.0,25.054141
2026-02-01 18:00:00+00:00,8540.347656,0.0,0.0,0.0,447.4,681.200012,458.45,0.0,3.09907,0.0,25.657091
2026-02-01 19:00:00+00:00,7359.138671,0.0,0.0,0.0,512.62,686.900024,597.05,0.0,2.085515,0.0,26.179733
2026-02-01 20:00:00+00:00,8055.875488,0.0,0.0,0.0,429.68,692.900024,465.35,0.0,1.359455,0.0,33.352443
2026-02-01 21:00:00+00:00,7819.364257,0.0,0.0,0.0,110.0,699.299987,259.9,0.0,0.969233,0.0,40.79898
2026-02-01 22:00:00+00:00,7513.923828,0.0,0.0,0.0,71.55,706.099975,133.55,0.0,0.755799,0.0,35.858325
2026-02-01 23:00:00+00:00,7759.05957,0.0,0.0,0.0,35.1,695.400024,100.25,0.0,0.554982,0.0,30.116601
2026-02-02 00:00:00+00:00,7454.960937,0.0,0.0,0.0,33.8,700.700012,99.42,0.0,0.300992,0.0,36.010169
2026-02-02 01:00:00+00:00,8416.316406,0.0,0.0,0.0,25.6,706.200012,120.12,0.0,0.166484,0.0,39.915832
2026-02-02 02:00:00+00:00,8165.253417,0.0,0.0,0.0,32.4,712.099975,74.18,0.0,0.123932,0.0,47.409301
2026-02-02 03:00:00+00:00,7910.640625,0.0,0.0,0.0,83.0,718.099975,118.9,0.0,0.075931,0.0,47.96511
2026-02-02 04:00:00+00:00,8255.58789,0.0,0.0,0.0,137.8,724.400024,255.45,0.0,0.190271,0.0,45.931617
2026-02-02 05:00:00+00:00,8037.200195,0.0,0.0,0.0,690.68,731.0,1068.0,0.0,0.363985,0.0,43.961994
2026-02-02 06:00:00+00:00,9558.3125,0.0,0.0,0.0,1454.12,737.700012,2239.5,0.0,1.041984,0.0,49.782314
2026-02-02 07:00:00+00:00,9280.124023,0.0,0.0,0.0,2357.5,744.599975,2677.68,0.0,103.759666,0.0,45.140357
2026-02-02 08:00:00+00:00,9620.096679,0.0,0.0,0.0,1473.3,751.599975,2202.45,0.0,437.713165,0.0,34.218372
2026-02-02 09:00:00+00:00,9057.30957,0.0,0.0,0.0,1188.98,758.799987,1278.7,0.0,904.062622,0.0,30.394834
2026-02-02 10:00:00+00:00,9413.618164,0.0,0.0,0.0,718.35,766.099975,838.3,0.0,1364.897583,0.0,40.104019
2026-02-02 11:00:00+00:00,8930.470703,0.0,0.0,0.0,199.65,773.599975,629.98,0.0,1643.10559,0.0,54.867561
2026-02-02 12:00:00+00:00,8507.998046,0.0,0.0,0.0,263.98,781.099975,866.85,0.0,1625.281738,0.0,56.411769
2026-02-02 13:00:00+00:00,8754.504882,0.0,0.0,0.0,434.92,788.599975,1071.62,0.0,1283.10083,0.0,53.179126
2026-02-02 14:00:00+00:00,8674.557617,0.0,0.0,0.0,878.82,796.299987,1461.52,0.0,698.3609,0.0,45.917514
2026-02-02 15:00:00+00:00,8550.567382,0.0,0.0,0.0,1617.6,803.900024,2278.58,0.0,224.105056,0.0,39.146793
2026-02-02 16:00:00+00:00,8710.920898,0.0,0.0,0.0,2103.45,811.599975,2540.42,0.0,17.562461,0.0,31.436183
2026-02-02 17:00:00+00:00,8882.901367,0.0,0.0,0.0,2105.05,819.299987,2456.5,0.0,4.763258,0.0,30.27247
2026-02-02 18:00:00+00:00,9220.004882,0.0,0.0,0.0,1815.9,826.900024,2256.1,0.0,3.463015,0.0,36.769832
2026-02-02 19:00:00+00:00,8913.757812,0.0,0.0,0.0,966.18,834.599975,1589.12,0.0,2.37597,0.0,46.157009
2026-02-02 20:00:00+00:00,8239.786132,0.0,0.0,0.0,381.08,842.200012,775.9,0.0,1.562489,0.0,41.250049
2026-02-02 21:00:00+00:00,8165.572265,0.0,0.0,0.0,190.7,849.700012,584.8,0.0,1.090374,0.0,41.583721
2026-02-02 22:00:00+00:00,7279.233886,0.0,0.0,0.0,83.22,857.099975,450.08,0.0,0.8175,0.0,30.587659
2026-02-02 23:00:00+00:00,7873.423828,0.0,0.0,0.0,65.45,804.099975,288.5,0.0,0.555433,0.0,35.652191
2026-02-03 00:00:00+00:00,8017.576171,0.0,0.0,0.0,62.48,802.299987,249.2,0.0,0.380175,0.0,46.518013
2026-02-03 01:00:00+00:00,7672.416503,0.0,0.0,0.0,54.0,800.700012,221.15,0.0,0.258395,0.0,64.59291
2026-02-03 02:00:00+00:00,7358.762695,0.0,0.0,0.0,61.0,799.200012,190.12,0.0,0.109564,0.0,71.692176
2026-02-03 03:00:00+00:00,7362.359375,0.0,0.0,0.0,108.48,797.900024,289.12,0.0,0.010165,0.0,64.193038
2026-02-03 04:00:00+00:00,7711.272949,0.0,0.0,0.0,173.52,796.900024,363.25,0.0,0.080007,0.0,60.127662
2026-02-03 05:00:00+00:00,8625.33496,0.0,0.0,0.0,659.2,796.299987,900.48,0.0,0.127529,0.0,29.909034
2026-02-03 06:00:00+00:00,9201.966796,0.0,0.0,0.0,1498.98,796.200012,1745.55,0.0,1.123011,0.0,19.454345
2026-02-03 07:00:00+00:00,9086.90625,0.0,0.0,0.0,2176.2,796.5,2053.18,0.0,112.473625,0.0,35.283473
2026-02-03 08:00:00+00:00,9027.458984,0.0,0.0,0.0,2014.18,797.5,1935.1,0.0,444.658233,0.0,51.503036
2026-02-03 09:00:00+00:00,8555.756835,0.0,0.0,0.0,1125.02,799.099975,1263.1,0.0,894.293334,0.0,62.368427
2026-02-03 10:00:00+00:00,8955.469726,0.0,0.0,0.0,844.58,801.400024,1169.4,0.0,1069.724609,0.0,53.988487
2026-02-03 11:00:00+00:00,8970.661132,0.0,0.0,0.0,878.48,804.5,1089.95,0.0,976.629943,0.0,45.286468
2026-02-03 12:00:00+00:00,8640.242187,0.0,0.0,0.0,1192.85,808.5,980.65,0.0,885.546875,0.0,38.235324
2026-02-03 13:00:00+00:00,8529.415039,0.0,0.0,0.0,1088.8,813.299987,1007.92,0.0,967.164855,0.0,26.459453
2026-02-03 14:00:00+00:00,8654.144531,0.0,0.0,0.0,1169.85,818.799987,1201.62,0.0,754.488403,0.0,18.59481
2026-02-03 15:00:00+00:00,8419.05957,0.0,0.0,0.0,1921.5,825.0,1582.12,0.0,330.594421,0.0,16.188346
2026-02-03 16:00:00+00:00,8785.759765,0.0,0.0,0.0,1957.28,831.799987,1863.72,0.0,27.812938,0.0,20.967096
2026-02-03 17:00:00+00:00,8921.756835,0.0,0.0,0.0,2427.3,839.200012,2308.02,0.0,4.127536,0.0,26.999195
2026-02-03 18:00:00+00:00,9288.418945,0.0,0.0,0.0,1933.38,847.200012,2087.1,0.0,2.812493,0.0,28.592731
2026-02-03 19:00:00+00:00,8359.203125,0.0,0.0,0.0,924.5,855.599975,1066.88,0.0,1.861773,0.0,14.694869
2026-02-03 20:00:00+00:00,8905.675781,0.0,0.0,0.0,367.45,864.400024,535.8,0.0,1.203262,0.0,11.240425
2026-02-03 21:00:00+00:00,8087.26123,0.0,0.0,0.0,108.1,873.5,506.68,0.0,0.776331,0.0,10.130105
2026-02-03 22:00:00+00:00,8123.305175,0.0,0.0,0.0,141.5,883.0,412.88,0.0,0.494706,0.0,11.535556
2026-02-03 23:00:00+00:00,8018.732421,0.0,0.0,0.0,82.8,898.599975,508.28,0.0,0.411739,0.0,8.326484
2026-02-04 00:00:00+00:00,8256.636718,0.0,0.0,0.0,104.78,906.200012,268.5,0.0,0.137652,0.0,9.722599
2026-02-04 01:00:00+00:00,9333.8125,0.0,0.0,0.0,93.95,914.0,214.42,0.0,0.025344,0.0,9.081635
2026-02-04 02:00:00+00:00,8993.550781,0.0,0.0,0.0,93.6,921.799987,169.25,0.0,0.0,0.0,10.64872
2026-02-04 03:00:00+00:00,8031.217285,0.0,0.0,0.0,125.05,929.599975,202.48,0.0,0.0,0.0,23.379154
2026-02-04 04:00:00+00:00,7851.976562,0.0,0.0,0.0,188.7,937.5,430.62,0.0,0.012989,0.0,33.251472
2026-02-04 05:00:00+00:00,8805.793945,0.0,0.0,0.0,730.78,945.400024,1754.62,0.0,0.081962,0.0,38.427623
2026-02-04 06:00:00+00:00,9236.738281,0.0,0.0,0.0,1728.62,953.099975,2427.6,0.0,0.586498,0.0,39.250625
2026-02-04 07:00:00+00:00,9111.973632,0.0,0.0,0.0,2458.35,960.799987,2558.02,0.0,79.827499,0.0,36.574253
2026-02-04 08:00:00+00:00,9169.686523,0.0,0.0,0.0,2720.45,968.400024,2658.2,0.0,263.600402,0.0,32.57862
2026-02-04 09:00:00+00:00,9066.790039,0.0,0.0,0.0,2734.08,975.799987,2724.92,0.0,403.864257,0.0,25.047645
2026-02-04 10:00:00+00:00,9508.652343,0.0,0.0,0.0,2442.7,983.0,2768.6,0.0,574.774841,0.0,17.056877
2026-02-04 11:00:00+00:00,8025.152343,0.0,0.0,0.0,1424.45,989.900024,2402.0,0.0,736.284606,0.0,9.530763
2026-02-04 12:00:00+00:00,9068.049804,0.0,0.0,0.0,1410.58,996.599975,2382.05,0.0,779.99884,0.0,5.578149
2026-02-04 13:00:00+00:00,8401.429687,0.0,0.0,0.0,1463.2,1003.0,2382.65,0.0,688.744873,0.0,3.863068
2026-02-04 14:00:00+00:00,8104.092285,0.0,0.0,0.0,1515.02,1009.099975,2416.4,0.0,523.660949,0.0,7.911746
2026-02-04 15:00:00+00:00,9421.421875,0.0,0.0,0.0,1682.6,1015.0,2405.8,0.0,277.236541,0.0,7.905412
2026-02-04 16:00:00+00:00,8959.881835,0.0,0.0,0.0,1606.68,1020.599975,2511.68,0.0,36.139423,0.0,4.748017
2026-02-04 17:00:00+00:00,8507.547851,0.0,0.0,0.0,1430.8,1026.0,2447.18,0.0,2.170634,0.0,4.549822
2026-02-04 18:00:00+00:00,9239.637695,0.0,0.0,0.0,1243.68,1031.199951,2235.52,0.0,1.493419,0.0,3.247615
2026-02-04 19:00:00+00:00,8987.177734,0.0,0.0,0.0,706.95,1036.099975,1790.95,0.0,0.872228,0.0,2.338076
2026-02-04 20:00:00+00:00,9107.666992,0.0,0.0,0.0,203.12,1040.900024,1113.0,0.0,0.447305,0.0,2.304651
2026-02-04 21:00:00+00:00,8525.669921,0.0,0.0,0.0,181.78,1045.400024,538.18,0.0,0.159265,0.0,5.607639
2026-02-04 22:00:00+00:00,8236.160156,0.0,0.0,0.0,212.95,1049.699951,400.05,0.0,0.032522,0.0,9.219741
2026-02-04 23:00:00+00:00,8111.5708,0.0,0.0,0.0,156.8,1017.549987,492.98,0.0,0.0,0.0,13.201114
2026-02-05 00:00:00+00:00,8269.790039,0.0,0.0,0.0,114.0,1016.299987,379.58,0.0,0.0,0.0,9.392477
2026-02-05 01:00:00+00:00,8766.946289,0.0,0.0,0.0,133.82,1014.849975,247.3,0.0,0.0,0.0,10.68131
2026-02-05 02:00:00+00:00,9076.546875,0.0,0.0,0.0,113.68,1013.25,272.92,0.0,0.0,0.0,16.812593
2026-02-05 03:00:00+00:00,9118.171875,0.0,0.0,0.0,83.3,1011.5,298.98,0.0,0.0,0.0,39.730312
2026-02-05 04:00:00+00:00,8317.492187,0.0,0.0,0.0,156.72,1009.700012,498.92,0.0,0.0,0.0,37.176425
2026-02-05 05:00:00+00:00,9013.52539,0.0,0.0,0.0,531.28,1007.830017,912.45,0.0,0.0,0.0,37.550636
2026-02-05 06:00:00+00:00,9461.71875,0.0,0.0,0.0,2420.32,1005.929992,2311.08,0.0,0.411488,0.0,42.663661
2026-02-05 07:00:00+00:00,9505.40039,0.0,0.0,0.0,2414.88,1004.030029,2695.62,0.0,94.803131,0.0,38.026794
2026-02-05 08:00:00+00:00,9664.884765,0.0,0.0,0.0,2259.68,1002.200012,2438.08,0.0,417.762908,0.0,35.684429
2026-02-05 09:00:00+00:00,9236.830078,0.0,0.0,0.0,1786.38,1000.450012,2144.42,0.0,830.88623,0.0,24.990142
2026-02-05 10:00:00+00:00,8905.725585,0.0,0.0,0.0,1175.35,998.799987,1535.58,0.0,1189.736694,0.0,22.159069
2026-02-05 11:00:00+00:00,8458.117187,0.0,0.0,0.0,579.55,997.299987,904.82,0.0,1444.470458,0.0,28.613683
2026-02-05 12:00:00+00:00,8165.080566,0.0,0.0,0.0,323.32,995.950012,939.5,0.0,1538.988769,0.0,22.244268
2026-02-05 13:00:00+00:00,7834.799804,0.0,0.0,0.0,445.4,994.75,762.65,0.0,1358.116333,0.0,18.982484
2026-02-05 14:00:00+00:00,8463.574218,0.0,0.0,0.0,588.25,993.700012,1200.4,0.0,842.509765,0.0,19.162849
2026-02-05 15:00:00+00:00,8531.141601,0.0,0.0,0.0,1470.08,992.799987,2153.98,0.0,287.361816,0.0,15.782341
2026-02-05 16:00:00+00:00,8164.755859,0.0,0.0,0.0,2527.85,992.0,2273.75,0.0,25.504587,0.0,14.82896
2026-02-05 17:00:00+00:00,8114.891601,0.0,0.0,0.0,2743.75,991.349975,2350.08,0.0,4.400427,0.0,18.783401
2026-02-05 18:00:00+00:00,9194.421875,0.0,0.0,0.0,2670.18,990.780029,2281.75,0.0,3.219697,0.0,39.992832
2026-02-05 19:00:00+00:00,8353.292968,0.0,0.0,0.0,1338.28,990.349975,1664.9,0.0,1.996793,0.0,32.612266
2026-02-05 20:00:00+00:00,8572.714843,0.0,0.0,0.0,579.82,989.97998,756.68,0.0,1.346207,0.0,21.294393
2026-02-05 21:00:00+00:00,8139.702148,0.0,0.0,0.0,420.75,989.700012,646.65,0.0,0.918662,0.0,15.358757
2026-02-05 22:00:00+00:00,7645.914062,0.0,0.0,0.0,189.2,989.549987,468.3,0.0,0.614617,0.0,17.157032
2026-02-05 23:00:00+00:00,7633.438964,0.0,0.0,0.0,124.32,886.799987,329.55,0.0,0.449365,0.0,18.046705
2026-02-06 00:00:00+00:00,7598.328125,0.0,0.0,0.0,97.05,890.099975,207.25,0.0,0.279153,0.0,19.298723
2026-02-06 01:00:00+00:00,7738.388183,0.0,0.0,0.0,82.78,893.599975,157.6,0.0,0.205029,0.0,35.129451
2026-02-06 02:00:00+00:00,7251.243164,0.0,0.0,0.0,95.02,897.0,172.18,0.0,0.115369,0.0,36.17979
2026-02-06 03:00:00+00:00,8128.336914,0.0,0.0,0.0,105.08,900.400024,156.58,0.0,0.043232,0.0,38.038097
2026-02-06 04:00:00+00:00,7566.911132,0.0,0.0,0.0,170.45,903.700012,359.15,0.0,0.114096,0.0,35.793361
2026-02-06 05:00:00+00:00,8406.552734,0.0,0.0,0.0,946.5,906.799987,1092.52,0.0,0.326491,0.0,33.808921
2026-02-06 06:00:00+00:00,8619.486328,0.0,0.0,0.0,2714.28,909.700012,2540.15,0.0,0.794584,0.0,31.749567
2026-02-06 07:00:00+00:00,8637.676757,0.0,0.0,0.0,3509.12,912.299987,2883.72,0.0,57.898303,0.0,29.72756
2026-02-06 08:00:00+00:00,8461.777343,0.0,0.0,0.0,3687.5,914.400024,2641.68,0.0,191.042236,0.0,33.525753
2026-02-06 09:00:00+00:00,8844.674804,0.0,0.0,0.0,2684.75,916.200012,2548.88,0.0,390.342193,0.0,31.987627
2026-02-06 10:00:00+00:00,8206.835937,0.0,0.0,0.0,1604.2,917.400024,2004.65,0.0,598.799804,0.0,29.071289
2026-02-06 11:00:00+00:00,8658.68457,0.0,0.0,0.0,771.22,918.0,1361.25,0.0,735.909118,0.0,34.614761
2026-02-06 12:00:00+00:00,8577.417968,0.0,0.0,0.0,878.88,918.0,1171.9,0.0,853.991394,0.0,32.260879
2026-02-06 13:00:00+00:00,8019.436523,0.0,0.0,0.0,390.05,917.400024,1311.42,0.0,726.229492,0.0,31.574436
2026-02-06 14:00:00+00:00,8114.003906,0.0,0.0,0.0,2001.9,916.200012,2236.0,0.0,538.604125,0.0,26.579656
2026-02-06 15:00:00+00:00,7247.18164,0.0,0.0,0.0,2069.3,914.400024,2122.7,0.0,241.677688,0.0,34.525379
2026-02-06 16:00:00+00:00,8640.708007,0.0,0.0,0.0,2612.5,912.0,2330.05,0.0,25.729475,0.0,35.477283
2026-02-06 17:00:00+00:00,9048.098632,0.0,0.0,0.0,2349.1,909.099975,2424.02,0.0,2.22715,0.0,35.454296
2026-02-06 18:00:00+00:00,7965.978027,0.0,0.0,0.0,2057.62,905.700012,2030.6,0.0,1.517815,0.0,28.703985
2026-02-06 19:00:00+00:00,7853.79541,0.0,0.0,0.0,1648.6,901.700012,1712.58,0.0,0.915248,0.0,18.731264
2026-02-06 20:00:00+00:00,7919.426757,0.0,0.0,0.0,410.6,897.299987,767.7,0.0,0.604935,0.0,23.640634
2026-02-06 21:00:00+00:00,8115.380859,0.0,0.0,0.0,137.78,892.400024,482.82,0.0,0.251441,0.0,28.887331
2026-02-06 22:00:00+00:00,8040.252441,0.0,0.0,0.0,79.8,887.0,318.95,0.0,0.1932,0.0,14.609057
2026-02-06 23:00:00+00:00,8082.609863,0.0,0.0,0.0,75.1,856.900024,272.12,0.0,0.0,0.0,15.350529
2026-02-07 00:00:00+00:00,7431.232421,0.0,0.0,0.0,51.35,846.299987,222.0,0.0,0.0,0.0,11.762781
2026-02-07 01:00:00+00:00,7470.28955,0.0,0.0,0.0,46.28,835.400024,168.58,0.0,0.0,0.0,7.279714
2026-02-07 02:00:00+00:00,7312.312011,0.0,0.0,0.0,42.2,824.299987,160.78,0.0,0.0,0.0,3.52206
2026-02-07 03:00:00+00:00,7264.806152,0.0,0.0,0.0,42.2,813.099975,182.72,0.0,0.0,0.0,3.248454
2026-02-07 04:00:00+00:00,7762.869628,0.0,0.0,0.0,36.75,801.799987,190.52,0.0,0.0,0.0,2.856624
2026-02-07 05:00:00+00:00,7668.608886,0.0,0.0,0.0,102.2,790.400024,247.0,0.0,0.0,0.0,2.690641
2026-02-07 06:00:00+00:00,7703.930664,0.0,0.0,0.0,148.6,779.099975,361.88,0.0,3.401922,0.0,4.473731
2026-02-07 07:00:00+00:00,7673.259765,0.0,0.0,0.0,338.68,767.799987,396.78,0.0,155.434204,0.0,4.892666
2026-02-07 08:00:00+00:00,8000.489746,0.0,0.0,0.0,228.98,756.700012,270.75,0.0,572.843505,0.0,3.387831
2026-02-07 09:00:00+00:00,8723.09375,0.0,0.0,0.0,120.72,745.900024,213.85,0.0,1049.212036,0.0,2.795148
2026-02-07 10:00:00+00:00,8181.853515,0.0,0.0,0.0,74.02,735.299987,157.18,0.0,1413.593505,0.0,2.512055
2026-02-07 11:00:00+00:00,7588.158691,0.0,0.0,0.0,58.85,725.099975,150.38,0.0,1595.933227,0.0,1.501043
2026-02-07 12:00:00+00:00,8154.970703,0.0,0.0,0.0,90.68,715.299987,144.9,0.0,1569.578002,0.0,1.347372
2026-02-07 13:00:00+00:00,7412.431152,0.0,0.0,0.0,113.08,706.0,134.88,0.0,1306.663452,0.0,2.245259
2026-02-07 14:00:00+00:00,7588.927734,0.0,0.0,0.0,129.28,697.099975,228.12,0.0,834.416381,0.0,4.655212
2026-02-07 15:00:00+00:00,7066.876953,0.0,0.0,0.0,474.3,688.700012,421.78,0.0,312.095153,0.0,5.303744
2026-02-07 16:00:00+00:00,7556.842285,0.0,0.0,0.0,1722.02,680.799987,1224.0,0.0,33.483386,0.0,4.371185
2026-02-07 17:00:00+00:00,7749.49707,0.0,0.0,0.0,2219.65,673.400024,1617.02,0.0,4.901762,0.0,3.888965
2026-02-07 18:00:00+00:00,8407.912109,0.0,0.0,0.0,1629.12,666.700012,735.95,0.0,3.772464,0.0,4.398547
2026-02-07 19:00:00+00:00,7896.42871,0.0,0.0,0.0,552.58,660.5,414.8,0.0,2.559881,0.0,4.499836
2026-02-07 20:00:00+00:00,8119.83496,0.0,0.0,0.0,125.82,655.0,402.52,0.0,1.823388,0.0,8.019909
2026-02-07 21:00:00+00:00,7725.404296,0.0,0.0,0.0,80.42,650.099975,202.55,0.0,1.411672,0.0,10.315934
2026-02-07 22:00:00+00:00,7546.63623,0.0,0.0,0.0,98.5,645.799987,170.98,0.0,1.093395,0.0,8.13273
2026-02-07 23:00:00+00:00,7597.129882,0.0,0.0,0.0,98.38,629.200012,242.62,0.0,0.881171,0.0,9.713928
2026-02-08 00:00:00+00:00,7424.90332,0.0,0.0,0.0,44.2,625.5,234.6,0.0,0.607654,0.0,10.447504
2026-02-08 01:00:00+00:00,8605.071289,0.0,0.0,0.0,41.0,622.599975,167.62,0.0,0.433754,0.0,12.314345
2026-02-08 02:00:00+00:00,7483.625,0.0,0.0,0.0,43.7,620.599975,146.3,0.0,0.324955,0.0,12.148352
2026-02-08 03:00:00+00:00,7630.390136,0.0,0.0,0.0,43.7,619.400024,152.22,0.0,0.195254,0.0,10.430505
2026-02-08 04:00:00+00:00,7753.91748,0.0,0.0,0.0,44.0,619.099975,144.72,0.0,0.228781,0.0,7.467504
2026-02-08 05:00:00+00:00,8557.33496,0.0,0.0,0.0,64.88,619.700012,237.45,0.0,0.238129,0.0,5.974195
2026-02-08 06:00:00+00:00,7537.426757,0.0,0.0,0.0,93.28,621.200012,308.85,0.0,1.711966,0.0,5.082371
2026-02-08 07:00:00+00:00,7393.561523,0.0,0.0,0.0,81.45,623.799987,289.78,0.0,84.041259,0.0,6.101936
2026-02-08 08:00:00+00:00,8011.677246,0.0,0.0,0.0,70.3,627.400024,241.88,0.0,308.989898,0.0,8.945653
2026-02-08 09:00:00+00:00,8182.990234,0.0,0.0,0.0,56.32,632.099975,194.92,0.0,561.689025,0.0,8.951414
2026-02-08 10:00:00+00:00,7798.355957,0.0,0.0,0.0,45.6,637.799987,198.5,0.0,759.623168,0.0,6.116249
2026-02-08 11:00:00+00:00,6929.722656,0.0,0.0,0.0,45.6,644.700012,209.55,0.0,852.029785,0.0,3.347695
2026-02-08 12:00:00+00:00,7791.717285,0.0,0.0,0.0,45.6,652.799987,172.3,0.0,849.672485,0.0,4.25788
2026-02-08 13:00:00+00:00,7790.270996,0.0,0.0,0.0,61.95,661.900024,211.02,0.0,690.322509,0.0,3.565938
2026-02-08 14:00:00+00:00,7423.3833,0.0,0.0,0.0,114.65,671.900024,308.8,0.0,422.407043,0.0,6.142269
2026-02-08 15:00:00+00:00,7206.159179,0.0,0.0,0.0,174.2,682.900024,495.0,0.0,154.572357,0.0,5.402208
2026-02-08 16:00:00+00:00,7750.328613,0.0,0.0,0.0,791.15,694.599975,648.45,0.0,15.02567,0.0,4.670091
2026-02-08 17:00:00+00:00,7928.491699,0.0,0.0,0.0,1069.82,707.099975,1064.25,0.0,1.981541,0.0,3.115361
2026-02-08 18:00:00+00:00,7983.0083,0.0,0.0,0.0,994.45,720.099975,898.52,0.0,1.347946,0.0,2.476701
2026-02-08 19:00:00+00:00,7944.38623,0.0,0.0,0.0,845.72,733.599975,514.62,0.0,0.837523,0.0,3.631592
2026-02-08 20:00:00+00:00,8082.797363,0.0,0.0,0.0,438.9,747.5,390.82,0.0,0.487865,0.0,3.513059
2026-02-08 21:00:00+00:00,8190.298339,0.0,0.0,0.0,80.2,761.700012,408.4,0.0,0.235825,0.0,2.878887
2026-02-08 22:00:00+00:00,8053.398925,0.0,0.0,0.0,46.7,776.200012,304.18,0.0,0.09576,0.0,2.354477
2026-02-08 23:00:00+00:00,7894.101074,0.0,0.0,0.0,41.32,762.0,247.48,0.0,0.0,0.0,1.202476
2026-02-09 00:00:00+00:00,8055.833007,0.0,0.0,0.0,38.12,774.0,229.15,0.0,0.0,0.0,2.325175
2026-02-09 01:00:00+00:00,7897.220703,0.0,0.0,0.0,39.18,786.099975,228.22,0.0,0.0,0.0,3.135652
2026-02-09 02:00:00+00:00,7899.016601,0.0,0.0,0.0,47.3,798.099975,180.28,0.0,0.0,0.0,2.849682
2026-02-09 03:00:00+00:00,8227.044921,0.0,0.0,0.0,36.38,809.900024,195.48,0.0,0.0,0.0,3.012383
2026-02-09 04:00:00+00:00,8309.214843,0.0,0.0,0.0,89.98,821.599975,416.88,0.0,0.0,0.0,4.554718
2026-02-09 05:00:00+00:00,7991.919433,0.0,0.0,0.0,607.58,833.0,1025.9,0.0,0.0,0.0,7.842453
2026-02-09 06:00:00+00:00,9532.270507,0.0,0.0,0.0,3148.02,844.0,2612.15,0.0,1.669039,0.0,8.386619
2026-02-09 07:00:00+00:00,9568.67871,0.0,0.0,0.0,3383.92,854.599975,2804.68,0.0,88.599563,0.0,7.883435
2026-02-09 08:00:00+00:00,9593.34375,0.0,0.0,0.0,3877.32,864.700012,2780.0,0.0,315.454559,0.0,8.05637
2026-02-09 09:00:00+00:00,9032.610351,0.0,0.0,0.0,3493.2,874.299987,2584.52,0.0,614.490356,0.0,3.943805
2026-02-09 10:00:00+00:00,9475.016601,0.0,0.0,0.0,1850.58,883.200012,2239.28,0.0,943.51654,0.0,2.622457
2026-02-09 11:00:00+00:00,8897.15625,0.0,0.0,0.0,720.48,891.400024,1406.65,0.0,1221.719238,0.0,1.781127
2026-02-09 12:00:00+00:00,8869.083007,0.0,0.0,0.0,795.45,898.799987,1372.12,0.0,1335.94458,0.0,1.568564
2026-02-09 13:00:00+00:00,8357.14746,0.0,0.0,0.0,1405.2,905.5,1606.72,0.0,1148.91687,0.0,2.351091
2026-02-09 14:00:00+00:00,8828.858398,0.0,0.0,0.0,2531.22,911.5,2390.95,0.0,797.856445,0.0,3.627929
2026-02-09 15:00:00+00:00,8364.695312,0.0,0.0,0.0,3364.18,916.799987,2582.68,0.0,358.106994,0.0,5.448802
2026-02-09 16:00:00+00:00,8650.64746,0.0,0.0,0.0,3147.48,921.599975,2750.42,0.0,47.99707,0.0,12.650923
2026-02-09 17:00:00+00:00,8883.408203,0.0,0.0,0.0,3324.22,925.700012,2771.7,0.0,3.748858,0.0,17.651872
2026-02-09 18:00:00+00:00,8656.167968,0.0,0.0,0.0,2670.2,929.299987,2502.62,0.0,2.798741,0.0,24.58225
2026-02-09 19:00:00+00:00,8619.228515,0.0,0.0,0.0,1764.55,932.400024,2084.75,0.0,1.852594,0.0,26.508298
2026-02-09 20:00:00+00:00,8676.861328,0.0,0.0,0.0,1355.55,935.099975,1219.08,0.0,1.234269,0.0,38.399478
2026-02-09 21:00:00+00:00,8048.205078,0.0,0.0,0.0,129.98,937.299987,611.52,0.0,0.730903,0.0,45.738101
2026-02-09 22:00:00+00:00,8524.841796,0.0,0.0,0.0,121.68,939.200012,459.8,0.0,0.482573,0.0,52.501201
2026-02-09 23:00:00+00:00,8012.90332,0.0,0.0,0.0,115.95,942.700012,463.92,0.0,0.357787,0.0,47.755664
2026-02-10 00:00:00+00:00,8266.362304,0.0,0.0,0.0,82.58,942.5,377.02,0.0,0.209697,0.0,53.001335
2026-02-10 01:00:00+00:00,8019.433593,0.0,0.0,0.0,63.1,941.900024,346.12,0.0,0.055641,0.0,53.912075
2026-02-10 02:00:00+00:00,9086.100585,0.0,0.0,0.0,50.2,941.200012,210.72,0.0,0.0,0.0,61.767871
2026-02-10 03:00:00+00:00,8561.679687,0.0,0.0,0.0,73.35,940.400024,397.32,0.0,0.0,0.0,64.157768
2026-02-10 04:00:00+00:00,8315.506835,0.0,0.0,0.0,139.48,939.5,516.8,0.0,0.0,0.0,61.753326
2026-02-10 05:00:00+00:00,9216.483398,0.0,0.0,0.0,1415.45,938.5,1406.02,0.0,0.061456,0.0,56.269065
2026-02-10 06:00:00+00:00,9596.492187,0.0,0.0,0.0,2944.08,937.599975,2718.88,0.0,2.395783,0.0,52.788333
2026-02-10 07:00:00+00:00,9403.24707,0.0,0.0,0.0,3291.55,936.799987,2915.38,0.0,74.677368,0.0,57.948348
2026-02-10 08:00:00+00:00,9610.817382,0.0,0.0,0.0,2734.15,936.200012,2715.35,0.0,208.795196,0.0,57.044742
2026-02-10 09:00:00+00:00,9186.476562,0.0,0.0,0.0,1614.62,935.700012,2042.82,0.0,389.139801,0.0,50.520202
2026-02-10 10:00:00+00:00,9389.659179,0.0,0.0,0.0,492.28,935.5,1391.05,0.0,624.750122,0.0,50.925739
2026-02-10 11:00:00+00:00,8619.502929,0.0,0.0,0.0,229.82,935.599975,758.0,0.0,869.615234,0.0,49.283149
2026-02-10 12:00:00+00:00,8470.269531,0.0,0.0,0.0,108.08,936.0,1006.52,0.0,916.158142,0.0,44.881656
2026-02-10 13:00:00+00:00,8771.90625,0.0,0.0,0.0,654.9,936.799987,1390.22,0.0,740.441284,0.0,44.712249
2026-02-10 14:00:00+00:00,7931.552246,0.0,0.0,0.0,1627.88,938.0,2240.72,0.0,493.69046,0.0,44.39883
2026-02-10 15:00:00+00:00,8313.058593,0.0,0.0,0.0,2299.88,939.400024,2636.92,0.0,216.450927,0.0,62.502147
2026-02-10 16:00:00+00:00,8842.547851,0.0,0.0,0.0,2716.82,941.099975,2580.05,0.0,24.929262,0.0,72.211029
2026-02-10 17:00:00+00:00,8931.583007,0.0,0.0,0.0,2907.4,943.099975,2904.48,0.0,2.464612,0.0,69.131492
2026-02-10 18:00:00+00:00,8564.289062,0.0,0.0,0.0,2182.22,945.400024,2446.35,0.0,1.603145,0.0,73.718116
2026-02-10 19:00:00+00:00,8469.064453,0.0,0.0,0.0,751.6,947.900024,1660.78,0.0,0.919089,0.0,73.376174
2026-02-10 20:00:00+00:00,8509.078125,0.0,0.0,0.0,348.12,950.599975,690.2,0.0,0.583399,0.0,67.891921
2026-02-10 21:00:00+00:00,7678.441894,0.0,0.0,0.0,126.38,953.5,471.28,0.0,0.284401,0.0,67.738029
2026-02-10 22:00:00+00:00,7356.949218,0.0,0.0,0.0,118.7,956.599975,322.78,0.0,0.115992,0.0,74.596069
2026-02-10 23:00:00+00:00,7635.958007,0.0,0.0,0.0,46.88,1084.0,270.65,0.0,0.029921,0.0,77.265396
2026-02-11 00:00:00+00:00,8607.896484,0.0,0.0,0.0,43.55,1095.400024,251.05,0.0,0.0,0.0,79.025245
2026-02-11 01:00:00+00:00,7823.0,0.0,0.0,0.0,55.12,1106.599975,186.35,0.0,0.0,0.0,75.210243
2026-02-11 02:00:00+00:00,7453.01123,0.0,0.0,0.0,39.65,1117.5,210.28,0.0,0.0,0.0,69.029518
2026-02-11 03:00:00+00:00,8674.971679,0.0,0.0,0.0,46.05,1127.900024,181.92,0.0,0.0,0.0,65.477905
2026-02-11 04:00:00+00:00,7728.46289,0.0,0.0,0.0,92.0,1137.800048,259.75,0.0,0.0,0.0,60.741641
2026-02-11 05:00:00+00:00,8489.865234,0.0,0.0,0.0,359.6,1147.0,796.65,0.0,0.0,0.0,61.31002
2026-02-11 06:00:00+00:00,8393.377929,0.0,0.0,0.0,1562.52,1155.5,2163.18,0.0,1.239122,0.0,60.008899
2026-02-11 07:00:00+00:00,8629.361328,0.0,0.0,0.0,2222.72,1163.199951,2482.48,0.0,73.395248,0.0,58.700717
2026-02-11 08:00:00+00:00,8404.664062,0.0,0.0,0.0,2229.28,1170.0,2172.7,0.0,225.421524,0.0,57.010723
2026-02-11 09:00:00+00:00,8772.725585,0.0,0.0,0.0,1804.18,1175.800048,2125.98,0.0,424.790283,0.0,50.717208
2026-02-11 10:00:00+00:00,9338.106445,0.0,0.0,0.0,1411.4,1180.400024,2079.55,0.0,598.187011,0.0,57.149906
2026-02-11 11:00:00+00:00,8876.516601,0.0,0.0,0.0,717.88,1183.800048,1153.8,0.0,734.761901,0.0,55.637851
2026-02-11 12:00:00+00:00,8510.456054,0.0,0.0,0.0,674.7,1186.0,1170.82,0.0,735.19812,0.0,54.374897
2026-02-11 13:00:00+00:00,8854.558593,0.0,0.0,0.0,555.7,1186.900024,1331.95,0.0,607.15802,0.0,57.702312
2026-02-11 14:00:00+00:00,8906.137695,0.0,0.0,0.0,970.52,1186.599975,1789.12,0.0,427.931701,0.0,59.179309
2026-02-11 15:00:00+00:00,8791.651367,0.0,0.0,0.0,1577.52,1185.300048,2092.8,0.0,240.389007,0.0,52.1464
2026-02-11 16:00:00+00:00,8604.652343,0.0,0.0,0.0,1835.1,1182.900024,2253.7,0.0,44.69709,0.0,54.402324
2026-02-11 17:00:00+00:00,9104.297851,0.0,0.0,0.0,3090.08,1179.599975,2324.18,0.0,2.038916,0.0,55.816463
2026-02-11 18:00:00+00:00,9586.449218,0.0,0.0,0.0,2000.62,1175.400024,1539.05,0.0,1.450125,0.0,59.877517
2026-02-11 19:00:00+00:00,8374.253906,0.0,0.0,0.0,477.95,1170.5,1029.75,0.0,0.750743,0.0,65.499343
2026-02-11 20:00:00+00:00,8341.674804,0.0,0.0,0.0,262.88,1164.699951,499.62,0.0,0.399087,0.0,67.590538
2026-02-11 21:00:00+00:00,8402.545898,0.0,0.0,0.0,200.58,1158.400024,268.75,0.0,0.179678,0.0,72.454124
2026-02-11 22:00:00+00:00,7607.807617,0.0,0.0,0.0,87.4,1151.400024,198.48,0.0,0.038219,0.0,71.254981
2026-02-11 23:00:00+00:00,8046.750488,0.0,0.0,0.0,39.95,1237.900024,189.02,0.0,0.0,0.0,71.092407
2026-02-12 00:00:00+00:00,7147.526367,0.0,0.0,0.0,30.6,1233.599975,210.5,0.0,0.0,0.0,71.528289
2026-02-12 01:00:00+00:00,8100.398437,0.0,0.0,0.0,30.6,1228.599975,167.8,0.0,0.0,0.0,65.381599
2026-02-12 02:00:00+00:00,6948.657226,0.0,0.0,0.0,40.65,1223.099975,213.22,0.0,0.0,0.0,66.26181
2026-02-12 03:00:00+00:00,8374.932617,0.0,0.0,0.0,38.4,1217.0,216.62,0.0,0.0,0.0,66.567047
2026-02-12 04:00:00+00:00,7886.03955,0.0,0.0,0.0,90.2,1210.400024,288.9,0.0,0.0,0.0,63.758972
2026-02-12 05:00:00+00:00,8599.982421,0.0,0.0,0.0,461.68,1203.400024,670.38,0.0,0.0,0.0,55.316455
2026-02-12 06:00:00+00:00,9517.71582,0.0,0.0,0.0,1510.45,1195.900024,1447.15,0.0,5.222529,0.0,64.187095
2026-02-12 07:00:00+00:00,9880.436523,0.0,0.0,0.0,2261.65,1188.0,2199.18,0.0,114.949737,0.0,62.665775
2026-02-12 08:00:00+00:00,9445.380859,0.0,0.0,0.0,1806.15,1179.800048,1691.5,0.0,255.587615,0.0,59.544448
2026-02-12 09:00:00+00:00,8784.750976,0.0,0.0,0.0,990.58,1171.199951,1252.7,0.0,264.580169,0.0,58.466793
2026-02-12 10:00:00+00:00,9154.164062,0.0,0.0,0.0,730.4,1162.400024,874.55,0.0,255.762145,0.0,57.993778
2026-02-12 11:00:00+00:00,8607.094726,0.0,0.0,0.0,726.32,1153.300048,464.3,0.0,331.360229,0.0,62.256557
2026-02-12 12:00:00+00:00,8163.88623,0.0,0.0,0.0,546.35,1144.0,418.45,0.0,500.151275,0.0,68.640419
2026-02-12 13:00:00+00:00,8269.689453,0.0,0.0,0.0,166.38,1134.5,445.5,0.0,637.117248,0.0,70.211799
2026-02-12 14:00:00+00:00,8624.83789,0.0,0.0,0.0,634.55,1124.900024,1122.6,0.0,430.176177,0.0,74.459564
2026-02-12 15:00:00+00:00,8538.106445,0.0,0.0,0.0,1016.82,1115.0,1380.68,0.0,212.761459,0.0,78.377929
2026-02-12 16:00:00+00:00,8637.517578,0.0,0.0,0.0,1341.3,1105.099975,1638.35,0.0,26.363847,0.0,77.234703
2026-02-12 17:00:00+00:00,8772.304687,0.0,0.0,0.0,1747.52,1095.099975,1663.95,0.0,0.851667,0.0,70.134811
2026-02-12 18:00:00+00:00,8433.311523,0.0,0.0,0.0,1352.72,1085.0,1321.72,0.0,0.557616,0.0,50.958217
2026-02-12 19:00:00+00:00,8188.082519,0.0,0.0,0.0,519.9,1074.800048,668.78,0.0,0.232295,0.0,54.757152
2026-02-12 20:00:00+00:00,8493.905273,0.0,0.0,0.0,185.15,1064.5,347.6,0.0,0.000131,0.0,52.872024
2026-02-12 21:00:00+00:00,7621.021484,0.0,0.0,0.0,139.62,1054.300048,340.7,0.0,0.0,0.0,49.601509
2026-02-12 22:00:00+00:00,7823.441894,0.0,0.0,0.0,139.1,1044.0,210.0,0.0,0.0,0.0,51.796588
2026-02-12 23:00:00+00:00,7779.738281,0.0,0.0,0.0,211.22,1242.400024,408.32,0.0,0.0,0.0,46.372394
2026-02-13 00:00:00+00:00,8198.839843,0.0,0.0,0.0,135.68,1247.199951,248.98,0.0,0.0,0.0,42.050441
2026-02-13 01:00:00+00:00,7662.18164,0.0,0.0,0.0,93.62,1251.5,226.65,0.0,0.0,0.0,42.654655
2026-02-13 02:00:00+00:00,7567.561523,0.0,0.0,0.0,106.55,1255.099975,193.92,0.0,0.0,0.0,35.90036
2026-02-13 03:00:00+00:00,8134.685546,0.0,0.0,0.0,153.02,1257.800048,191.8,0.0,0.0,0.0,35.321495
2026-02-13 04:00:00+00:00,8459.064453,0.0,0.0,0.0,185.4,1259.599975,378.48,0.0,0.0,0.0,28.950857
2026-02-13 05:00:00+00:00,8620.784179,0.0,0.0,0.0,441.35,1260.300048,701.0,0.0,0.0,0.0,18.937652
2026-02-13 06:00:00+00:00,8892.079101,0.0,0.0,0.0,1516.78,1259.800048,1625.38,0.0,11.312482,0.0,21.346933
2026-02-13 07:00:00+00:00,8595.759765,0.0,0.0,0.0,1774.75,1258.0,1909.05,0.0,241.555831,0.0,19.614528
2026-02-13 08:00:00+00:00,9669.794921,0.0,0.0,0.0,779.28,1254.699951,1116.65,0.0,778.123718,0.0,25.404304
2026-02-13 09:00:00+00:00,8261.030273,0.0,0.0,0.0,231.68,1249.800048,531.02,0.0,1366.978881,0.0,29.032587
2026-02-13 10:00:00+00:00,9358.096679,0.0,0.0,0.0,188.48,1243.199951,376.28,0.0,1832.333251,0.0,26.98549
2026-02-13 11:00:00+00:00,8132.675292,0.0,0.0,0.0,164.2,1234.800048,228.18,0.0,2112.510498,0.0,23.489002
2026-02-13 12:00:00+00:00,8441.68457,0.0,0.0,0.0,154.58,1224.400024,247.38,0.0,1989.626464,0.0,17.258035
2026-02-13 13:00:00+00:00,8472.320312,0.0,0.0,0.0,180.68,1212.300048,447.8,0.0,1513.737792,0.0,14.729558
2026-02-13 14:00:00+00:00,8573.723632,0.0,0.0,0.0,843.15,1198.400024,1045.75,0.0,801.670166,0.0,9.963807
2026-02-13 15:00:00+00:00,8196.64746,0.0,0.0,0.0,2068.0,1183.0,1991.25,0.0,275.303588,0.0,8.479453
2026-02-13 16:00:00+00:00,7777.190917,0.0,0.0,0.0,2806.22,1166.099975,2339.12,0.0,41.743885,0.0,8.62721
2026-02-13 17:00:00+00:00,8669.666015,0.0,0.0,0.0,3035.22,1148.0,2399.3,0.0,5.406617,0.0,8.25568
2026-02-13 18:00:00+00:00,8559.867187,0.0,0.0,0.0,2605.72,1128.800048,2341.42,0.0,4.271475,0.0,9.695992
2026-02-13 19:00:00+00:00,8261.919921,0.0,0.0,0.0,1013.4,1108.5,1730.72,0.0,3.02194,0.0,9.420171
2026-02-13 20:00:00+00:00,7968.171386,0.0,0.0,0.0,306.8,1087.400024,946.3,0.0,2.21504,0.0,9.746874
2026-02-13 21:00:00+00:00,8162.165039,0.0,0.0,0.0,88.0,1065.599975,414.6,0.0,1.600405,0.0,11.033401
2026-02-13 22:00:00+00:00,7811.415039,0.0,0.0,0.0,87.62,1043.099975,378.95,0.0,1.23847,0.0,12.43155
2026-02-13 23:00:00+00:00,7792.868652,0.0,0.0,0.0,29.18,1257.599975,308.4,0.0,0.898026,0.0,10.938456
2026-02-14 00:00:00+00:00,7448.931152,0.0,0.0,0.0,21.82,1253.199951,235.15,0.0,0.675806,0.0,12.507177
2026-02-14 01:00:00+00:00,7560.922851,0.0,0.0,0.0,27.6,1247.900024,195.02,0.0,0.476044,0.0,17.810993
2026-02-14 02:00:00+00:00,7060.031738,0.0,0.0,0.0,28.02,1241.699951,249.3,0.0,0.411602,0.0,16.844673
2026-02-14 03:00:00+00:00,7116.257812,0.0,0.0,0.0,28.38,1234.5,201.1,0.0,0.261056,0.0,13.633358
2026-02-14 04:00:00+00:00,7384.361328,0.0,0.0,0.0,33.2,1226.199951,164.42,0.0,0.338999,0.0,8.591337
2026-02-14 05:00:00+00:00,7442.192382,0.0,0.0,0.0,43.75,1216.900024,354.52,0.0,0.333333,0.0,5.073284
2026-02-14 06:00:00+00:00,7584.91748,0.0,0.0,0.0,110.12,1206.400024,525.05,0.0,3.917372,0.0,5.116932
2026-02-14 07:00:00+00:00,8066.017578,0.0,0.0,0.0,83.6,1194.800048,505.5,0.0,99.438796,0.0,4.144237
2026-02-14 08:00:00+00:00,8416.250976,0.0,0.0,0.0,64.58,1181.900024,639.52,0.0,240.000015,0.0,2.319467
2026-02-14 09:00:00+00:00,8206.192382,0.0,0.0,0.0,49.52,1167.699951,566.55,0.0,344.706542,0.0,2.730272
2026-02-14 10:00:00+00:00,7602.05371,0.0,0.0,0.0,158.28,1152.199951,442.85,0.0,464.847625,0.0,3.968185
2026-02-14 11:00:00+00:00,7956.583007,0.0,0.0,0.0,347.55,1135.400024,350.55,0.0,524.733093,0.0,7.58584
2026-02-14 12:00:00+00:00,8094.287109,0.0,0.0,0.0,313.05,1117.199951,356.78,0.0,445.059295,0.0,10.630571
2026-02-14 13:00:00+00:00,8304.657226,0.0,0.0,0.0,449.2,1097.800048,399.1,0.0,391.029113,0.0,14.992998
2026-02-14 14:00:00+00:00,7097.746582,0.0,0.0,0.0,742.2,1077.199951,623.68,0.0,264.070587,0.0,20.274068
2026-02-14 15:00:00+00:00,7692.596191,0.0,0.0,0.0,1572.48,1055.699951,1981.75,0.0,111.781272,0.0,25.524194
2026-02-14 16:00:00+00:00,8361.882812,0.0,0.0,0.0,3077.0,1033.400024,2709.55,0.0,15.768301,0.0,27.741598
2026-02-14 17:00:00+00:00,8039.62207,0.0,0.0,0.0,3724.25,1010.5,3150.25,0.0,0.580089,0.0,27.761262
2026-02-14 18:00:00+00:00,7672.364257,0.0,0.0,0.0,3434.85,987.0,2995.05,0.0,0.431895,0.0,31.61771
2026-02-14 19:00:00+00:00,8761.59082,0.0,0.0,0.0,1925.98,963.299987,1733.9,0.0,0.167997,0.0,31.183992
2026-02-14 20:00:00+00:00,7717.767578,0.0,0.0,0.0,305.68,939.299987,667.55,0.0,0.007448,0.0,31.692335
2026-02-14 21:00:00+00:00,7809.623535,0.0,0.0,0.0,106.4,915.299987,341.45,0.0,0.0,0.0,30.692844
2026-02-14 22:00:00+00:00,8316.302734,0.0,0.0,0.0,102.55,891.400024,261.7,0.0,0.0,0.0,25.583036
2026-02-14 23:00:00+00:00,7560.49707,0.0,0.0,0.0,169.55,1173.099975,602.65,0.0,0.0,0.0,25.310029
2026-02-15 00:00:00+00:00,7862.435546,0.0,0.0,0.0,167.95,1172.699951,882.82,0.0,0.0,0.0,21.39101
2026-02-15 01:00:00+00:00,7598.17871,0.0,0.0,0.0,157.25,1171.900024,915.62,0.0,0.0,0.0,19.675573
2026-02-15 02:00:00+00:00,8421.061523,0.0,0.0,0.0,78.55,1170.699951,685.48,0.0,0.0,0.0,20.428377
2026-02-15 03:00:00+00:00,7869.411621,0.0,0.0,0.0,71.65,1169.0,556.38,0.0,0.0,0.0,18.039398
2026-02-15 04:00:00+00:00,8314.574218,0.0,0.0,0.0,103.3,1166.800048,555.7,0.0,0.0,0.0,20.42399
2026-02-15 05:00:00+00:00,7791.742187,0.0,0.0,0.0,169.52,1163.900024,900.35,0.0,0.0,0.0,19.761434
2026-02-15 06:00:00+00:00,7697.699218,0.0,0.0,0.0,238.4,1160.300048,868.35,0.0,2.855723,0.0,19.059656
2026-02-15 07:00:00+00:00,7648.773925,0.0,0.0,0.0,286.05,1156.0,262.02,0.0,68.839508,0.0,15.312242
2026-02-15 08:00:00+00:00,8397.463867,0.0,0.0,0.0,334.38,1150.800048,275.72,0.0,228.436035,0.0,7.763622
2026-02-15 09:00:00+00:00,7809.496582,0.0,0.0,0.0,115.22,1144.699951,289.82,0.0,474.703277,0.0,5.334371
2026-02-15 10:00:00+00:00,8826.867187,0.0,0.0,0.0,29.1,1137.599975,283.62,0.0,763.119445,0.0,6.078102
2026-02-15 11:00:00+00:00,7606.256347,0.0,0.0,0.0,20.45,1129.400024,206.92,0.0,1031.58789,0.0,5.619468
2026-02-15 12:00:00+00:00,7592.185546,0.0,0.0,0.0,24.68,1120.199951,166.82,0.0,1191.083251,0.0,6.297775
2026-02-15 13:00:00+00:00,8086.521484,0.0,0.0,0.0,26.35,1109.900024,214.12,0.0,1142.145874,0.0,8.450011
2026-02-15 14:00:00+00:00,8070.325195,0.0,0.0,0.0,34.78,1098.699951,276.6,0.0,834.638122,0.0,11.928393
2026-02-15 15:00:00+00:00,7901.01416,0.0,0.0,0.0,55.32,1086.599975,480.8,0.0,327.059967,0.0,20.109838
2026-02-15 16:00:00+00:00,8083.674316,0.0,0.0,0.0,484.82,1073.800048,1039.72,0.0,37.251995,0.0,29.496728
2026-02-15 17:00:00+00:00,7970.027832,0.0,0.0,0.0,1391.12,1060.300048,1975.75,0.0,3.457417,0.0,44.159812
2026-02-15 18:00:00+00:00,8459.198242,0.0,0.0,0.0,1211.48,1046.199951,1697.42,0.0,2.346778,0.0,54.22787
2026-02-15 19:00:00+00:00,8138.157226,0.0,0.0,0.0,695.65,1031.699951,1454.78,0.0,1.653563,0.0,61.598388
2026-02-15 20:00:00+00:00,7737.738769,0.0,0.0,0.0,258.5,1016.700012,990.92,0.0,1.022171,0.0,68.852333
2026-02-15 21:00:00+00:00,8241.77246,0.0,0.0,0.0,157.0,1001.5,663.25,0.0,0.691529,0.0,74.151657
2026-02-15 22:00:00+00:00,8008.668945,0.0,0.0,0.0,95.1,986.0,407.58,0.0,0.47673,0.0,69.088531
2026-02-15 23:00:00+00:00,7795.674316,0.0,0.0,0.0,32.5,1346.199951,335.05,0.0,0.308776,0.0,57.020252
2026-02-16 00:00:00+00:00,7645.866699,0.0,0.0,0.0,30.2,1362.699951,277.48,0.0,0.170931,0.0,57.939579
2026-02-16 01:00:00+00:00,7304.273437,0.0,0.0,0.0,28.2,1378.0,201.65,0.0,0.108297,0.0,63.562561
2026-02-16 02:00:00+00:00,7440.604003,0.0,0.0,0.0,28.2,1392.0,170.2,0.0,0.005599,0.0,64.139289
2026-02-16 03:00:00+00:00,7913.146484,0.0,0.0,0.0,37.82,1404.400024,256.98,0.0,0.0,0.0,62.303947
2026-02-16 04:00:00+00:00,7813.955566,0.0,0.0,0.0,149.22,1415.0,498.55,0.0,0.048468,0.0,62.036594
2026-02-16 05:00:00+00:00,7911.313476,0.0,0.0,0.0,413.78,1423.599975,1343.72,0.0,0.06604,0.0,52.554496
2026-02-16 06:00:00+00:00,9149.717773,0.0,0.0,0.0,1419.75,1430.0,2169.18,0.0,1.917007,0.0,54.167709
2026-02-16 07:00:00+00:00,9617.135742,0.0,0.0,0.0,1629.48,1434.0,2186.7,0.0,65.839378,0.0,36.340026
2026-02-16 08:00:00+00:00,9084.941406,0.0,0.0,0.0,694.95,1435.199951,1936.58,0.0,195.346359,0.0,33.544551
2026-02-16 09:00:00+00:00,9322.080078,0.0,0.0,0.0,408.95,1433.599975,1353.9,0.0,472.491149,0.0,27.808338
2026-02-16 10:00:00+00:00,9080.517578,0.0,0.0,0.0,143.12,1428.800048,958.35,0.0,737.596008,0.0,38.7746
2026-02-16 11:00:00+00:00,9122.510742,0.0,0.0,0.0,51.32,1420.800048,800.78,0.0,768.432617,0.0,41.72227
2026-02-16 12:00:00+00:00,9152.64746,0.0,0.0,0.0,193.65,1409.199951,1318.25,0.0,790.282714,0.0,44.277122
2026-02-16 13:00:00+00:00,9049.490234,0.0,0.0,0.0,198.4,1394.400024,1347.35,0.0,659.209289,0.0,51.544052
2026-02-16 14:00:00+00:00,9391.144531,0.0,0.0,0.0,740.55,1376.599975,2068.88,0.0,310.856933,0.0,57.43811
2026-02-16 15:00:00+00:00,9526.382812,0.0,0.0,0.0,1472.5,1356.099975,2558.82,0.0,163.100585,0.0,65.16896
2026-02-16 16:00:00+00:00,8765.224609,0.0,0.0,0.0,2981.02,1333.199951,2737.25,0.0,54.683399,0.0,63.341754
2026-02-16 17:00:00+00:00,9447.072265,0.0,0.0,0.0,2748.05,1308.199951,2603.52,0.0,1.540887,0.0,63.169601
2026-02-16 18:00:00+00:00,9478.793945,0.0,0.0,0.0,2073.98,1281.400024,2458.02,0.0,1.117284,0.0,54.445503
2026-02-16 19:00:00+00:00,8908.373046,0.0,0.0,0.0,857.65,1253.099975,1972.65,0.0,0.47125,0.0,57.065036
2026-02-16 20:00:00+00:00,8701.674804,0.0,0.0,0.0,456.42,1223.5,1339.52,0.0,0.15775,0.0,58.649425
2026-02-16 21:00:00+00:00,8398.996093,0.0,0.0,0.0,113.1,1193.0,1006.75,0.0,0.0,0.0,58.45581
2026-02-16 22:00:00+00:00,8269.74121,0.0,0.0,0.0,114.32,1161.800048,538.12,0.0,0.0,0.0,58.011272
2026-02-16 23:00:00+00:00,7945.66455,0.0,0.0,0.0,55.05,1527.300048,368.88,0.0,0.0,0.0,55.556304
2026-02-17 00:00:00+00:00,8043.520507,0.0,0.0,0.0,49.3,1526.300048,225.0,0.0,0.0,0.0,59.617835
2026-02-17 01:00:00+00:00,8369.447265,0.0,0.0,0.0,40.42,1524.400024,176.35,0.0,0.0,0.0,58.152969
2026-02-17 02:00:00+00:00,7772.557617,0.0,0.0,0.0,39.58,1521.5,219.75,0.0,0.0,0.0,64.179214
2026-02-17 03:00:00+00:00,7935.558593,0.0,0.0,0.0,51.22,1517.5,235.35,0.0,0.0,0.0,58.512584
2026-02-17 04:00:00+00:00,8394.909179,0.0,0.0,0.0,74.15,1512.5,568.15,0.0,0.0,0.0,61.339378
2026-02-17 05:00:00+00:00,8828.808593,0.0,0.0,0.0,778.9,1506.5,1299.18,0.0,0.0,0.0,61.645984
2026-02-17 06:00:00+00:00,9450.226562,0.0,0.0,0.0,2641.05,1499.5,2389.08,0.0,4.711662,0.0,59.623275
2026-02-17 07:00:00+00:00,9394.926757,0.0,0.0,0.0,3351.48,1491.400024,2647.9,0.0,104.035667,0.0,51.329505
2026-02-17 08:00:00+00:00,9692.810546,0.0,0.0,0.0,2809.2,1482.199951,2729.2,0.0,336.686004,0.0,45.00204
2026-02-17 09:00:00+00:00,9368.266601,0.0,0.0,0.0,2028.05,1472.0,2161.6,0.0,607.000061,0.0,44.095474
2026-02-17 10:00:00+00:00,8821.098632,0.0,0.0,0.0,893.18,1460.800048,1196.12,0.0,891.441772,0.0,43.114257
2026-02-17 11:00:00+00:00,9403.717773,0.0,0.0,0.0,664.1,1448.400024,705.92,0.0,979.902282,0.0,38.833564
2026-02-17 12:00:00+00:00,8822.500976,0.0,0.0,0.0,333.05,1435.0,627.92,0.0,1190.833862,0.0,45.138576
2026-02-17 13:00:00+00:00,8369.792968,0.0,0.0,0.0,171.02,1420.599975,909.18,0.0,992.307678,0.0,54.763572
2026-02-17 14:00:00+00:00,8361.875,0.0,0.0,0.0,432.98,1405.199951,1100.22,0.0,601.159545,0.0,54.757518
2026-02-17 15:00:00+00:00,8455.751953,0.0,0.0,0.0,1046.6,1389.099975,2066.6,0.0,242.649322,0.0,51.364212
2026-02-17 16:00:00+00:00,9081.628906,0.0,0.0,0.0,1304.18,1372.099975,2108.42,0.0,49.27341,0.0,41.889537
2026-02-17 17:00:00+00:00,8881.582031,0.0,0.0,0.0,2987.42,1354.5,2479.15,0.0,2.557013,0.0,37.479362
2026-02-17 18:00:00+00:00,8676.472656,0.0,0.0,0.0,2854.4,1336.300048,2471.22,0.0,1.992733,0.0,32.691196
2026-02-17 19:00:00+00:00,9273.133789,0.0,0.0,0.0,903.22,1317.599975,2276.45,0.0,1.296736,0.0,29.431613
2026-02-17 20:00:00+00:00,9040.790039,0.0,0.0,0.0,246.18,1298.5,1045.4,0.0,0.809428,0.0,20.384569
2026-02-17 21:00:00+00:00,8421.639648,0.0,0.0,0.0,40.12,1279.0,591.5,0.0,0.40152,0.0,14.857641
2026-02-17 22:00:00+00:00,8395.039062,0.0,0.0,0.0,96.0,1259.300048,460.9,0.0,0.185274,0.0,18.695617
2026-02-17 23:00:00+00:00,8037.538085,0.0,0.0,0.0,50.48,1494.900024,491.5,0.0,0.033085,0.0,21.096721
2026-02-18 00:00:00+00:00,8371.55371,0.0,0.0,0.0,37.28,1495.400024,448.52,0.0,0.0,0.0,22.655624
2026-02-18 01:00:00+00:00,8719.267578,0.0,0.0,0.0,141.55,1495.0,625.6,0.0,0.0,0.0,21.743831
2026-02-18 02:00:00+00:00,7972.114746,0.0,0.0,0.0,186.62,1493.800048,524.15,0.0,0.0,0.0,19.500633
2026-02-18 03:00:00+00:00,8097.58496,0.0,0.0,0.0,53.72,1491.5,380.12,0.0,0.0,0.0,25.273435
2026-02-18 04:00:00+00:00,8552.424804,0.0,0.0,0.0,272.75,1488.0,740.05,0.0,0.0,0.0,18.116628
2026-02-18 05:00:00+00:00,9067.539062,0.0,0.0,0.0,1787.25,1483.300048,2142.75,0.0,0.0,0.0,19.790168
2026-02-18 06:00:00+00:00,9503.826171,0.0,0.0,0.0,2607.32,1477.199951,2763.98,0.0,11.632444,0.0,31.215892
2026-02-18 07:00:00+00:00,9430.026367,0.0,0.0,0.0,2861.0,1469.599975,2763.8,0.0,159.03273,0.0,40.044567
2026-02-18 08:00:00+00:00,9147.623046,0.0,0.0,0.0,2203.38,1460.400024,2259.62,0.0,298.467956,0.0,50.366012
2026-02-18 09:00:00+00:00,9307.318359,0.0,0.0,0.0,666.62,1449.400024,1650.12,0.0,366.871612,0.0,56.035266
2026-02-18 10:00:00+00:00,9103.464843,0.0,0.0,0.0,296.72,1436.599975,1176.05,0.0,411.003265,0.0,60.057243
2026-02-18 11:00:00+00:00,8699.532226,0.0,0.0,0.0,279.02,1421.800048,1144.85,0.0,455.121704,0.0,62.206428
2026-02-18 12:00:00+00:00,8379.470703,0.0,0.0,0.0,214.68,1405.0,1104.22,0.0,483.291442,0.0,59.410961
2026-02-18 13:00:00+00:00,8987.256835,0.0,0.0,0.0,555.02,1386.300048,1323.22,0.0,447.921386,0.0,63.821521
2026-02-18 14:00:00+00:00,8685.996093,0.0,0.0,0.0,1022.7,1365.800048,1375.88,0.0,346.577392,0.0,64.612792
2026-02-18 15:00:00+00:00,9530.95996,0.0,0.0,0.0,1656.32,1343.900024,1731.65,0.0,182.097824,0.0,62.684921
2026-02-18 16:00:00+00:00,8581.023437,0.0,0.0,0.0,2523.7,1320.599975,2315.1,0.0,32.337234,0.0,62.30796
2026-02-18 17:00:00+00:00,9080.797851,0.0,0.0,0.0,2778.95,1296.199951,2661.88,0.0,0.367015,0.0,64.624305
2026-02-18 18:00:00+00:00,8977.748046,0.0,0.0,0.0,2336.55,1270.900024,2549.58,0.0,0.265663,0.0,66.859771
2026-02-18 19:00:00+00:00,9121.768554,0.0,0.0,0.0,1911.2,1244.800048,2141.9,0.0,0.053308,0.0,75.773651
2026-02-18 20:00:00+00:00,8909.054687,0.0,0.0,0.0,1113.62,1218.099975,1828.08,0.0,0.0,0.0,80.334075
2026-02-18 21:00:00+00:00,7840.125976,0.0,0.0,0.0,459.55,1191.0,899.25,0.0,0.0,0.0,80.01258
2026-02-18 22:00:00+00:00,8003.27832,0.0,0.0,0.0,172.58,1163.699951,513.95,0.0,0.0,0.0,76.592971
2026-02-18 23:00:00+00:00,7710.905273,0.0,0.0,0.0,50.75,1486.400024,428.58,0.0,0.0,0.0,76.376289
2026-02-19 00:00:00+00:00,7921.159667,0.0,0.0,0.0,40.58,1487.800048,300.18,0.0,0.0,0.0,57.866359
2026-02-19 01:00:00+00:00,7944.707031,0.0,0.0,0.0,39.48,1488.5,270.85,0.0,0.0,0.0,44.971965
2026-02-19 02:00:00+00:00,7106.296386,0.0,0.0,0.0,39.65,1488.400024,327.28,0.0,0.0,0.0,38.253498
2026-02-19 03:00:00+00:00,7687.683105,0.0,0.0,0.0,55.52,1487.400024,316.82,0.0,0.0,0.0,42.689941
2026-02-19 04:00:00+00:00,8103.767578,0.0,0.0,0.0,230.5,1485.400024,571.48,0.0,0.0,0.0,40.198451
2026-02-19 05:00:00+00:00,8823.373046,0.0,0.0,0.0,1176.88,1482.400024,1761.22,0.0,0.0,0.0,36.03276
2026-02-19 06:00:00+00:00,9666.512695,0.0,0.0,0.0,2038.0,1478.199951,2514.3,0.0,3.268596,0.0,38.700668
2026-02-19 07:00:00+00:00,9456.432617,0.0,0.0,0.0,2314.5,1472.699951,2673.58,0.0,92.948211,0.0,38.398044
2026-02-19 08:00:00+00:00,9310.240234,0.0,0.0,0.0,2480.78,1465.900024,2501.18,0.0,266.720031,0.0,33.60762
2026-02-19 09:00:00+00:00,9429.050781,0.0,0.0,0.0,2273.32,1457.699951,1976.18,0.0,456.256805,0.0,44.972179
2026-02-19 10:00:00+00:00,8980.83496,0.0,0.0,0.0,1719.2,1448.0,1644.25,0.0,600.7984,0.0,33.195022
2026-02-19 11:00:00+00:00,9038.024414,0.0,0.0,0.0,869.98,1436.699951,1279.58,0.0,677.605712,0.0,31.484388
2026-02-19 12:00:00+00:00,8040.885742,0.0,0.0,0.0,1039.98,1423.800048,1279.65,0.0,616.076904,0.0,38.115772
2026-02-19 13:00:00+00:00,8989.594726,0.0,0.0,0.0,1222.35,1409.300048,1526.12,0.0,513.919616,0.0,45.165126
2026-02-19 14:00:00+00:00,8913.563476,0.0,0.0,0.0,1240.82,1393.300048,2005.5,0.0,375.83374,0.0,41.953495
2026-02-19 15:00:00+00:00,8277.726562,0.0,0.0,0.0,1892.05,1376.0,2364.22,0.0,205.717926,0.0,30.943775
2026-02-19 16:00:00+00:00,8301.901367,0.0,0.0,0.0,2215.7,1357.599975,2262.55,0.0,40.98954,0.0,31.836637
2026-02-19 17:00:00+00:00,9125.242187,0.0,0.0,0.0,3083.25,1338.0,2696.1,0.0,1.216077,0.0,33.407894
2026-02-19 18:00:00+00:00,8928.401367,0.0,0.0,0.0,2948.28,1317.5,2643.58,0.0,0.882643,0.0,21.540214
2026-02-19 19:00:00+00:00,8637.392578,0.0,0.0,0.0,1623.48,1296.099975,1819.5,0.0,0.379627,0.0,18.044528
2026-02-19 20:00:00+00:00,8637.967773,0.0,0.0,0.0,523.25,1274.099975,1111.4,0.0,0.112667,0.0,17.041131
2026-02-19 21:00:00+00:00,7665.669433,0.0,0.0,0.0,120.78,1251.400024,484.3,0.0,0.0,0.0,18.578554
2026-02-19 22:00:00+00:00,7849.435058,0.0,0.0,0.0,153.15,1228.199951,331.0,0.0,0.0,0.0,20.338211
2026-02-19 23:00:00+00:00,7697.77832,0.0,0.0,0.0,147.72,1418.699951,248.45,0.0,0.0,0.0,22.260305
2026-02-20 00:00:00+00:00,8439.007812,0.0,0.0,0.0,129.5,1413.5,240.3,0.0,0.0,0.0,25.193643
2026-02-20 01:00:00+00:00,8399.40039,0.0,0.0,0.0,133.28,1407.599975,337.22,0.0,0.0,0.0,26.808107
2026-02-20 02:00:00+00:00,7646.133789,0.0,0.0,0.0,156.42,1400.800048,270.32,0.0,0.0,0.0,30.039663
2026-02-20 03:00:00+00:00,7445.55664,0.0,0.0,0.0,177.15,1393.099975,308.2,0.0,0.0,0.0,33.382476
2026-02-20 04:00:00+00:00,8349.105468,0.0,0.0,0.0,361.22,1384.400024,520.75,0.0,0.0,0.0,37.252368
2026-02-20 05:00:00+00:00,8681.543945,0.0,0.0,0.0,1147.42,1374.699951,1484.68,0.0,0.0,0.0,34.081451
2026-02-20 06:00:00+00:00,9408.663085,0.0,0.0,0.0,1954.15,1363.900024,2326.1,0.0,3.596935,0.0,30.750167
2026-02-20 07:00:00+00:00,9439.161132,0.0,0.0,0.0,1482.02,1352.0,2343.02,0.0,90.374259,0.0,29.061042
2026-02-20 08:00:00+00:00,9331.047851,0.0,0.0,0.0,975.62,1338.800048,1634.6,0.0,286.259765,0.0,30.205089
2026-02-20 09:00:00+00:00,9426.659179,0.0,0.0,0.0,590.22,1324.400024,1393.05,0.0,557.208496,0.0,34.59666
2026-02-20 10:00:00+00:00,8349.888671,0.0,0.0,0.0,390.05,1308.599975,926.68,0.0,793.719055,0.0,35.751392
2026-02-20 11:00:00+00:00,8147.717773,0.0,0.0,0.0,222.88,1291.5,545.5,0.0,915.694213,0.0,37.936462
2026-02-20 12:00:00+00:00,8341.951171,0.0,0.0,0.0,225.65,1272.900024,550.5,0.0,985.331665,0.0,33.797981
2026-02-20 13:00:00+00:00,8452.544921,0.0,0.0,0.0,235.8,1253.0,618.65,0.0,845.709716,0.0,26.929389
2026-02-20 14:00:00+00:00,8163.687988,0.0,0.0,0.0,383.8,1231.900024,738.22,0.0,618.745483,0.0,24.266159
2026-02-20 15:00:00+00:00,7616.639648,0.0,0.0,0.0,1362.7,1209.599975,1727.58,0.0,303.052001,0.0,21.611396
2026-02-20 16:00:00+00:00,8352.913085,0.0,0.0,0.0,1739.25,1186.5,1895.38,0.0,72.793388,0.0,20.699737
2026-02-20 17:00:00+00:00,9344.02539,0.0,0.0,0.0,2323.65,1162.400024,1851.48,0.0,2.326807,0.0,18.070264
2026-02-20 18:00:00+00:00,8985.463867,0.0,0.0,0.0,1751.78,1137.699951,1861.98,0.0,1.981268,0.0,17.432737
2026-02-20 19:00:00+00:00,8041.53125,0.0,0.0,0.0,1446.08,1112.300048,1527.3,0.0,1.231191,0.0,18.597961
2026-02-20 20:00:00+00:00,8344.894531,0.0,0.0,0.0,1043.2,1086.400024,846.2,0.0,0.697583,0.0,20.820705
2026-02-20 21:00:00+00:00,7256.063964,0.0,0.0,0.0,773.95,1060.199951,567.88,0.0,0.380551,0.0,19.04776
2026-02-20 22:00:00+00:00,8254.777343,0.0,0.0,0.0,473.38,1033.800048,330.38,0.0,0.18614,0.0,20.755764
2026-02-20 23:00:00+00:00,8441.785156,0.0,0.0,0.0,499.1,1257.599975,357.4,0.0,0.062305,0.0,25.78652
2026-02-21 00:00:00+00:00,7850.728515,0.0,0.0,0.0,167.88,1252.300048,226.12,0.0,0.0,0.0,31.861515
2026-02-21 01:00:00+00:00,7842.148925,0.0,0.0,0.0,181.95,1246.300048,254.0,0.0,0.0,0.0,38.721454
2026-02-21 02:00:00+00:00,7693.184082,0.0,0.0,0.0,176.72,1239.599975,268.3,0.0,0.0,0.0,43.311954
2026-02-21 03:00:00+00:00,7890.468261,0.0,0.0,0.0,159.7,1232.0,208.48,0.0,0.0,0.0,45.417633
2026-02-21 04:00:00+00:00,7432.582031,0.0,0.0,0.0,194.4,1223.5,237.8,0.0,0.0,0.0,41.640731
2026-02-21 05:00:00+00:00,7605.035156,0.0,0.0,0.0,209.65,1213.900024,312.6,0.0,0.0,0.0,44.363677
2026-02-21 06:00:00+00:00,7369.486328,0.0,0.0,0.0,311.38,1203.300048,305.82,0.0,4.507374,0.0,34.179634
2026-02-21 07:00:00+00:00,7419.79541,0.0,0.0,0.0,201.65,1191.5,289.95,0.0,75.031936,0.0,40.930404
2026-02-21 08:00:00+00:00,8154.785644,0.0,0.0,0.0,124.95,1178.400024,263.82,0.0,219.447753,0.0,40.902565
2026-02-21 09:00:00+00:00,8195.521484,0.0,0.0,0.0,111.78,1163.900024,266.02,0.0,359.658233,0.0,49.10176
2026-02-21 10:00:00+00:00,8094.161621,0.0,0.0,0.0,92.8,1148.0,203.92,0.0,489.204101,0.0,49.600173
2026-02-21 11:00:00+00:00,8409.529296,0.0,0.0,0.0,71.05,1130.5,222.2,0.0,534.916259,0.0,47.779487
2026-02-21 12:00:00+00:00,7510.497558,0.0,0.0,0.0,74.32,1111.5,325.35,0.0,500.123535,0.0,44.362514
2026-02-21 13:00:00+00:00,7040.374023,0.0,0.0,0.0,72.0,1091.0,227.5,0.0,458.211059,0.0,50.683647
2026-02-21 14:00:00+00:00,7471.328125,0.0,0.0,0.0,86.78,1069.300048,312.3,0.0,340.615966,0.0,54.870891
2026-02-21 15:00:00+00:00,7333.525878,0.0,0.0,0.0,214.58,1046.5,553.95,0.0,187.83641,0.0,51.424224
2026-02-21 16:00:00+00:00,7340.699707,0.0,0.0,0.0,843.92,1022.799987,1455.08,0.0,50.314884,0.0,42.60221
2026-02-21 17:00:00+00:00,7554.667968,0.0,0.0,0.0,1905.52,998.400024,2084.35,0.0,0.709467,0.0,34.772933
2026-02-21 18:00:00+00:00,7531.15332,0.0,0.0,0.0,958.6,973.400024,1334.62,0.0,0.51068,0.0,38.843486
2026-02-21 19:00:00+00:00,7871.584472,0.0,0.0,0.0,796.32,948.200012,1119.18,0.0,0.29757,0.0,40.359279
2026-02-21 20:00:00+00:00,8598.49121,0.0,0.0,0.0,455.28,922.700012,681.42,0.0,0.092943,0.0,35.115516
2026-02-21 21:00:00+00:00,7169.921875,0.0,0.0,0.0,293.6,897.200012,527.22,0.0,0.0,0.0,34.093864
2026-02-21 22:00:00+00:00,7229.605957,0.0,0.0,0.0,409.62,872.0,260.4,0.0,0.0,0.0,30.487892
2026-02-21 23:00:00+00:00,7097.545898,0.0,0.0,0.0,91.02,1128.699951,345.62,0.0,0.0,0.0,33.647472
2026-02-22 00:00:00+00:00,7869.02539,0.0,0.0,0.0,176.48,1127.599975,354.28,0.0,0.0,0.0,34.11341
2026-02-22 01:00:00+00:00,7211.120605,0.0,0.0,0.0,155.98,1126.400024,278.18,0.0,0.0,0.0,22.591161
2026-02-22 02:00:00+00:00,7389.864257,0.0,0.0,0.0,81.45,1125.0,264.38,0.0,0.0,0.0,20.187639
2026-02-22 03:00:00+00:00,7330.40039,0.0,0.0,0.0,67.58,1123.300048,203.02,0.0,0.0,0.0,33.38821
2026-02-22 04:00:00+00:00,7842.102539,0.0,0.0,0.0,69.88,1121.400024,270.12,0.0,0.0,0.0,34.894947
2026-02-22 05:00:00+00:00,7067.458984,0.0,0.0,0.0,70.72,1119.199951,247.2,0.0,0.0,0.0,21.367015
2026-02-22 06:00:00+00:00,7614.969238,0.0,0.0,0.0,145.9,1116.599975,311.0,0.0,32.165485,0.0,17.354944
2026-02-22 07:00:00+00:00,6800.813476,0.0,0.0,0.0,67.25,1113.599975,196.65,0.0,246.338378,0.0,22.386682
2026-02-22 08:00:00+00:00,8015.772949,0.0,0.0,0.0,47.4,1110.099975,249.15,0.0,591.654968,0.0,20.912015
2026-02-22 09:00:00+00:00,8107.02246,0.0,0.0,0.0,45.6,1106.199951,259.4,0.0,1032.030395,0.0,24.77511
2026-02-22 10:00:00+00:00,7883.890625,0.0,0.0,0.0,51.35,1101.699951,259.28,0.0,1483.762207,0.0,11.912068
2026-02-22 11:00:00+00:00,7046.991699,0.0,0.0,0.0,43.52,1096.599975,255.62,0.0,1835.894897,0.0,9.570636
2026-02-22 12:00:00+00:00,8179.672851,0.0,0.0,0.0,43.5,1090.900024,248.75,0.0,1866.426757,0.0,12.73625
2026-02-22 13:00:00+00:00,8320.601562,0.0,0.0,0.0,43.62,1084.599975,276.65,0.0,1483.026367,0.0,12.084863
2026-02-22 14:00:00+00:00,8566.811523,0.0,0.0,0.0,61.95,1077.900024,279.65,0.0,974.914978,0.0,12.88625
2026-02-22 15:00:00+00:00,7267.971679,0.0,0.0,0.0,173.55,1070.599975,394.35,0.0,449.069854,0.0,17.408819
2026-02-22 16:00:00+00:00,7692.591796,0.0,0.0,0.0,214.05,1062.900024,562.15,0.0,91.52832,0.0,27.483154
2026-02-22 17:00:00+00:00,7199.839843,0.0,0.0,0.0,300.35,1054.900024,829.65,0.0,5.217154,0.0,43.092243
2026-02-22 18:00:00+00:00,7074.190429,0.0,0.0,0.0,162.1,1046.5,651.88,0.0,4.519649,0.0,46.183105
2026-02-22 19:00:00+00:00,7491.070312,0.0,0.0,0.0,228.02,1037.900024,585.8,0.0,3.205889,0.0,40.628192
2026-02-22 20:00:00+00:00,7244.15039,0.0,0.0,0.0,166.5,1029.099975,416.8,0.0,2.33514,0.0,41.94923
2026-02-22 21:00:00+00:00,7904.473632,0.0,0.0,0.0,152.52,1020.099975,416.78,0.0,1.718245,0.0,41.194454
2026-02-22 22:00:00+00:00,7366.01123,0.0,0.0,0.0,150.58,1011.0,258.38,0.0,1.270612,0.0,35.232875
2026-02-22 23:00:00+00:00,7997.108398,0.0,0.0,0.0,121.62,1173.900024,389.45,0.0,1.002287,0.0,32.296195
2026-02-23 00:00:00+00:00,7700.40625,0.0,0.0,0.0,138.22,1180.300048,272.3,0.0,0.781463,0.0,42.021015
2026-02-23 01:00:00+00:00,7516.535644,0.0,0.0,0.0,105.68,1186.300048,248.1,0.0,0.693108,0.0,35.425861
2026-02-23 02:00:00+00:00,7536.016601,0.0,0.0,0.0,77.28,1191.699951,254.85,0.0,0.577094,0.0,39.622943
2026-02-23 03:00:00+00:00,7413.150878,0.0,0.0,0.0,83.4,1196.300048,192.92,0.0,0.512799,0.0,33.789371
2026-02-23 04:00:00+00:00,8004.602539,0.0,0.0,0.0,181.0,1200.199951,361.9,0.0,0.652892,0.0,38.251541
2026-02-23 05:00:00+00:00,8186.013671,0.0,0.0,0.0,738.18,1203.199951,1506.42,0.0,0.830004,0.0,45.144302
2026-02-23 06:00:00+00:00,9443.893554,0.0,0.0,0.0,1474.28,1205.199951,2295.8,0.0,23.550096,0.0,47.835983
2026-02-23 07:00:00+00:00,8696.0625,0.0,0.0,0.0,1039.1,1206.0,2261.78,0.0,240.329513,0.0,39.460609
2026-02-23 08:00:00+00:00,8003.63623,0.0,0.0,0.0,522.18,1205.699951,1580.05,0.0,619.209289,0.0,35.960151
2026-02-23 09:00:00+00:00,8584.060546,0.0,0.0,0.0,108.05,1204.099975,818.58,0.0,979.758239,0.0,31.511777
2026-02-23 10:00:00+00:00,8663.298828,0.0,0.0,0.0,197.62,1201.099975,469.05,0.0,1304.884399,0.0,28.558656
2026-02-23 11:00:00+00:00,7866.174804,0.0,0.0,0.0,111.5,1196.599975,293.05,0.0,1479.285644,0.0,27.664237
2026-02-23 12:00:00+00:00,8272.929687,0.0,0.0,0.0,220.38,1190.599975,551.6,0.0,1398.30249,0.0,28.699645
2026-02-23 13:00:00+00:00,8211.02246,0.0,0.0,0.0,301.88,1183.099975,896.22,0.0,1293.26184,0.0,30.036321
2026-02-23 14:00:00+00:00,8224.83789,0.0,0.0,0.0,371.9,1174.300048,1043.18,0.0,908.397521,0.0,30.826601
2026-02-23 15:00:00+00:00,7645.530273,0.0,0.0,0.0,1010.38,1164.400024,1792.72,0.0,386.244964,0.0,40.717311
2026-02-23 16:00:00+00:00,7716.062988,0.0,0.0,0.0,1686.85,1153.5,2265.52,0.0,68.780151,0.0,39.667022
2026-02-23 17:00:00+00:00,8430.939453,0.0,0.0,0.0,1920.42,1141.800048,2529.05,0.0,4.740806,0.0,42.593925
2026-02-23 18:00:00+00:00,8845.908203,0.0,0.0,0.0,1713.3,1129.400024,2453.3,0.0,3.828911,0.0,50.884006
2026-02-23 19:00:00+00:00,8632.029296,0.0,0.0,0.0,893.95,1116.400024,2143.55,0.0,2.735989,0.0,51.174011
2026-02-23 20:00:00+00:00,8180.811523,0.0,0.0,0.0,532.12,1103.099975,1619.72,0.0,1.922727,0.0,46.299602
2026-02-23 21:00:00+00:00,7141.442382,0.0,0.0,0.0,197.82,1089.599975,764.2,0.0,1.327235,0.0,47.425731
2026-02-23 22:00:00+00:00,6940.041015,0.0,0.0,0.0,103.58,1076.099975,572.18,0.0,0.955082,0.0,53.602542
2026-02-23 23:00:00+00:00,7244.40332,0.0,0.0,0.0,120.85,1381.699951,386.65,0.0,0.726606,0.0,64.235023
2026-02-24 00:00:00+00:00,7375.936523,0.0,0.0,0.0,97.22,1390.599975,344.28,0.0,0.546855,0.0,65.710861
2026-02-24 01:00:00+00:00,7269.877441,0.0,0.0,0.0,65.4,1398.900024,391.52,0.0,0.40038,0.0,61.723739
2026-02-24 02:00:00+00:00,7496.76123,0.0,0.0,0.0,59.2,1406.599975,390.45,0.0,0.318877,0.0,53.898769
2026-02-24 03:00:00+00:00,7473.547851,0.0,0.0,0.0,64.98,1413.599975,397.18,0.0,0.265469,0.0,42.158355
2026-02-24 04:00:00+00:00,7588.672363,0.0,0.0,0.0,128.42,1419.800048,540.65,0.0,0.286351,0.0,40.855072
2026-02-24 05:00:00+00:00,8442.466796,0.0,0.0,0.0,1105.12,1425.199951,1898.12,0.0,0.355855,0.0,37.770729
2026-02-24 06:00:00+00:00,8158.819824,0.0,0.0,0.0,3220.22,1429.800048,2869.25,0.0,16.295715,0.0,37.948047
2026-02-24 07:00:00+00:00,8210.853515,0.0,0.0,0.0,3022.5,1433.400024,2698.02,0.0,217.689056,0.0,31.110589
2026-02-24 08:00:00+00:00,7798.096679,0.0,0.0,0.0,2645.85,1436.0,2381.92,0.0,642.003723,0.0,24.088201
2026-02-24 09:00:00+00:00,8389.916015,0.0,0.0,0.0,1993.6,1437.5,1933.8,0.0,1188.556274,0.0,13.895911
2026-02-24 10:00:00+00:00,8189.99121,0.0,0.0,0.0,309.78,1437.900024,877.58,0.0,1511.165649,0.0,11.990896
2026-02-24 11:00:00+00:00,7505.581054,0.0,0.0,0.0,215.25,1437.099975,633.6,0.0,1630.68872,0.0,7.778099
2026-02-24 12:00:00+00:00,7305.657714,0.0,0.0,0.0,196.3,1435.0,429.8,0.0,1609.740722,0.0,3.278851
2026-02-24 13:00:00+00:00,7118.552734,0.0,0.0,0.0,110.38,1431.800048,871.0,0.0,1547.260375,0.0,6.382032
2026-02-24 14:00:00+00:00,7141.995605,0.0,0.0,0.0,387.12,1427.5,1454.55,0.0,1252.202758,0.0,6.500725
2026-02-24 15:00:00+00:00,7264.442871,0.0,0.0,0.0,2021.15,1422.199951,2144.2,0.0,659.349182,0.0,5.988964
2026-02-24 16:00:00+00:00,7458.60498,0.0,0.0,0.0,3146.85,1416.0,2950.32,0.0,145.435089,0.0,4.196717
2026-02-24 17:00:00+00:00,8249.173828,0.0,0.0,0.0,3411.85,1408.900024,3070.32,0.0,5.765533,0.0,8.569494
2026-02-24 18:00:00+00:00,8921.092773,0.0,0.0,0.0,3432.9,1401.0,2894.65,0.0,4.272597,0.0,12.24833
2026-02-24 19:00:00+00:00,8100.291015,0.0,0.0,0.0,2979.4,1392.400024,2513.98,0.0,3.123471,0.0,23.273187
2026-02-24 20:00:00+00:00,8162.399902,0.0,0.0,0.0,783.85,1383.300048,1619.4,0.0,2.303749,0.0,27.96655
2026-02-24 21:00:00+00:00,7543.378417,0.0,0.0,0.0,306.7,1373.599975,774.38,0.0,1.612127,0.0,32.356739
2026-02-24 22:00:00+00:00,7673.34375,0.0,0.0,0.0,174.15,1363.400024,419.62,0.0,1.181866,0.0,36.286792
2026-02-24 23:00:00+00:00,7622.902343,0.0,0.0,0.0,218.3,1515.0,354.82,0.0,0.933638,0.0,30.029527
2026-02-25 00:00:00+00:00,7294.995605,0.0,0.0,0.0,133.4,1512.099975,344.1,0.0,0.698995,0.0,31.914258
2026-02-25 01:00:00+00:00,7831.232421,0.0,0.0,0.0,77.18,1508.599975,282.82,0.0,0.526039,0.0,26.546123
2026-02-25 02:00:00+00:00,8311.918945,0.0,0.0,0.0,113.48,1504.400024,279.02,0.0,0.421786,0.0,20.315862
2026-02-25 03:00:00+00:00,6615.376953,0.0,0.0,0.0,142.4,1499.599975,257.1,0.0,0.334774,0.0,11.295292
2026-02-25 04:00:00+00:00,8213.361328,0.0,0.0,0.0,344.4,1494.099975,630.32,0.0,0.451858,0.0,7.680437
2026-02-25 05:00:00+00:00,7494.911132,0.0,0.0,0.0,2379.6,1487.900024,2461.85,0.0,0.616734,0.0,7.122022
2026-02-25 06:00:00+00:00,9230.958007,0.0,0.0,0.0,3372.15,1481.099975,3230.88,0.0,34.557697,0.0,8.892394
2026-02-25 07:00:00+00:00,8151.140136,0.0,0.0,0.0,3547.0,1473.699951,2766.85,0.0,328.927368,0.0,11.217524
2026-02-25 08:00:00+00:00,8290.225585,0.0,0.0,0.0,1556.32,1465.699951,1946.08,0.0,826.359436,0.0,11.662702
2026-02-25 09:00:00+00:00,7961.851074,0.0,0.0,0.0,198.25,1457.0,977.88,0.0,1343.665161,0.0,9.055264
2026-02-25 10:00:00+00:00,8351.091796,0.0,0.0,0.0,134.18,1447.699951,863.55,0.0,1841.139404,0.0,3.720355
2026-02-25 11:00:00+00:00,8030.52246,0.0,0.0,0.0,76.3,1437.800048,224.65,0.0,2285.719726,0.0,1.029723
2026-02-25 12:00:00+00:00,7878.218261,0.0,0.0,0.0,77.32,1427.300048,155.22,0.0,2401.692871,0.0,0.043295
2026-02-25 13:00:00+00:00,8131.464843,0.0,0.0,0.0,94.2,1416.199951,205.4,0.0,2098.551269,0.0,0.0
2026-02-25 14:00:00+00:00,8106.786621,0.0,0.0,0.0,252.95,1404.699951,513.82,0.0,1513.601806,0.0,0.748125
2026-02-25 15:00:00+00:00,7772.665039,0.0,0.0,0.0,994.65,1392.699951,1456.0,0.0,767.801757,0.0,1.03096
2026-02-25 16:00:00+00:00,7984.236816,0.0,0.0,0.0,3421.6,1380.5,2681.02,0.0,167.424606,0.0,0.602184
2026-02-25 17:00:00+00:00,7564.364746,0.0,0.0,0.0,3752.48,1368.0,2959.08,0.0,7.175451,0.0,0.249967
2026-02-25 18:00:00+00:00,7970.657226,0.0,0.0,0.0,2613.52,1355.300048,2553.55,0.0,5.543029,0.0,1.291005
2026-02-25 19:00:00+00:00,8932.877929,0.0,0.0,0.0,1935.78,1342.5,2174.2,0.0,4.108232,0.0,2.788261
2026-02-25 20:00:00+00:00,7864.265136,0.0,0.0,0.0,902.35,1329.699951,1558.55,0.0,2.956453,0.0,6.047423
2026-02-25 21:00:00+00:00,7187.304199,0.0,0.0,0.0,604.58,1317.0,953.2,0.0,2.155857,0.0,10.989488
2026-02-25 22:00:00+00:00,7187.006347,0.0,0.0,0.0,210.75,1304.300048,524.65,0.0,1.619729,0.0,12.748043
2026-02-25 23:00:00+00:00,7042.71582,0.0,0.0,0.0,232.62,1377.0,609.9,0.0,1.310245,0.0,11.030247
2026-02-26 00:00:00+00:00,7258.344726,0.0,0.0,0.0,300.85,1369.5,257.8,0.0,1.018906,0.0,13.657696
2026-02-26 01:00:00+00:00,6872.594726,0.0,0.0,0.0,315.5,1362.199951,200.4,0.0,0.87197,0.0,16.514202
2026-02-26 02:00:00+00:00,7428.541015,0.0,0.0,0.0,257.48,1355.0,225.5,0.0,0.659419,0.0,21.092039
2026-02-26 03:00:00+00:00,7238.46875,0.0,0.0,0.0,245.58,1347.900024,374.35,0.0,0.538229,0.0,22.683643
2026-02-26 04:00:00+00:00,7499.973632,0.0,0.0,0.0,367.98,1341.099975,475.62,0.0,0.63114,0.0,26.676994
2026-02-26 05:00:00+00:00,7640.015625,0.0,0.0,0.0,896.9,1334.400024,1903.08,0.0,0.863638,0.0,27.224761
2026-02-26 06:00:00+00:00,8669.3125,0.0,0.0,0.0,1681.48,1328.0,2313.4,0.0,61.084217,0.0,24.497207
2026-02-26 07:00:00+00:00,8440.697265,0.0,0.0,0.0,894.5,1321.900024,1936.5,0.0,471.532928,0.0,20.333242
2026-02-26 08:00:00+00:00,8330.261718,0.0,0.0,0.0,754.82,1316.099975,968.02,0.0,1137.500366,0.0,13.305969
2026-02-26 09:00:00+00:00,8757.980468,0.0,0.0,0.0,140.62,1310.599975,402.18,0.0,1830.695068,0.0,4.127821
2026-02-26 10:00:00+00:00,7861.360351,0.0,0.0,0.0,142.72,1305.5,334.1,0.0,2298.214355,0.0,3.40899
2026-02-26 11:00:00+00:00,7650.335449,0.0,0.0,0.0,81.72,1300.699951,318.4,0.0,2513.363769,0.0,2.103601
2026-02-26 12:00:00+00:00,7567.919921,0.0,0.0,0.0,104.22,1296.400024,548.15,0.0,2452.093505,0.0,0.715657
2026-02-26 13:00:00+00:00,7514.663085,0.0,0.0,0.0,148.22,1292.400024,612.5,0.0,2099.256835,0.0,1.066012
2026-02-26 14:00:00+00:00,7462.8208,0.0,0.0,0.0,186.52,1288.800048,393.62,0.0,1495.40625,0.0,1.7008
2026-02-26 15:00:00+00:00,7459.864257,0.0,0.0,0.0,377.42,1285.5,1089.0,0.0,781.152893,0.0,2.279735
2026-02-26 16:00:00+00:00,7461.893066,0.0,0.0,0.0,1980.8,1282.599975,1941.22,0.0,177.978607,0.0,2.051954
2026-02-26 17:00:00+00:00,7845.216796,0.0,0.0,0.0,3488.28,1279.900024,2345.38,0.0,7.546373,0.0,1.201418
2026-02-26 18:00:00+00:00,8647.788085,0.0,0.0,0.0,1680.45,1277.599975,1968.05,0.0,5.435979,0.0,2.629077
2026-02-26 19:00:00+00:00,7868.697753,0.0,0.0,0.0,1284.78,1275.400024,1902.8,0.0,4.253194,0.0,4.542221
2026-02-26 20:00:00+00:00,7545.543945,0.0,0.0,0.0,519.75,1273.5,1699.38,0.0,3.183746,0.0,6.853416
2026-02-26 21:00:00+00:00,7192.308105,0.0,0.0,0.0,371.35,1271.800048,1410.92,0.0,2.40945,0.0,8.471884
2026-02-26 22:00:00+00:00,7338.94873,0.0,0.0,0.0,184.35,1270.300048,805.5,0.0,1.809897,0.0,10.108644
2026-02-26 23:00:00+00:00,7278.24707,0.0,0.0,0.0,248.18,1317.699951,442.02,0.0,1.449841,0.0,9.792276
2026-02-27 00:00:00+00:00,7119.697265,0.0,0.0,0.0,185.45,1316.199951,368.15,0.0,1.137741,0.0,11.54649
2026-02-27 01:00:00+00:00,7537.057617,0.0,0.0,0.0,213.82,1314.699951,390.3,0.0,0.949543,0.0,17.118494
2026-02-27 02:00:00+00:00,7596.588867,0.0,0.0,0.0,229.4,1313.099975,346.45,0.0,0.736413,0.0,24.283668
2026-02-27 03:00:00+00:00,7025.269531,0.0,0.0,0.0,189.78,1311.5,305.58,0.0,0.604888,0.0,26.234773
2026-02-27 04:00:00+00:00,7738.538085,0.0,0.0,0.0,288.9,1309.900024,552.55,0.0,0.729004,0.0,36.188644
2026-02-27 05:00:00+00:00,8341.979492,0.0,0.0,0.0,1684.1,1308.099975,1578.32,0.0,1.072826,0.0,40.329364
2026-02-27 06:00:00+00:00,9195.453125,0.0,0.0,0.0,1874.78,1306.199951,1671.95,0.0,65.420486,0.0,37.501865
2026-02-27 07:00:00+00:00,8342.254882,0.0,0.0,0.0,1555.7,1304.199951,1448.35,0.0,513.388061,0.0,35.741161
2026-02-27 08:00:00+00:00,8509.423828,0.0,0.0,0.0,770.05,1302.099975,825.9,0.0,1230.334838,0.0,28.731487
2026-02-27 09:00:00+00:00,8463.356445,0.0,0.0,0.0,374.38,1299.699951,381.8,0.0,1903.951904,0.0,22.720193
2026-02-27 10:00:00+00:00,8142.725097,0.0,0.0,0.0,282.32,1297.199951,226.8,0.0,2363.630859,0.0,13.741138
2026-02-27 11:00:00+00:00,7682.434082,0.0,0.0,0.0,178.62,1294.400024,214.5,0.0,2570.756347,0.0,6.855876
2026-02-27 12:00:00+00:00,7797.803222,0.0,0.0,0.0,153.4,1291.400024,233.2,0.0,2503.321289,0.0,4.980857
2026-02-27 13:00:00+00:00,7829.881347,0.0,0.0,0.0,182.08,1288.199951,299.45,0.0,2161.276855,0.0,5.053425
2026-02-27 14:00:00+00:00,7821.484863,0.0,0.0,0.0,198.12,1284.699951,376.0,0.0,1563.065307,0.0,4.877323
2026-02-27 15:00:00+00:00,7787.546386,0.0,0.0,0.0,624.78,1281.0,1063.18,0.0,806.289428,0.0,4.078917
2026-02-27 16:00:00+00:00,7763.584472,0.0,0.0,0.0,3022.92,1277.099975,2376.98,0.0,185.690322,0.0,5.550246
2026-02-27 17:00:00+00:00,7451.979492,0.0,0.0,0.0,3492.38,1273.0,3043.2,0.0,8.156559,0.0,4.916756
2026-02-27 18:00:00+00:00,8494.875,0.0,0.0,0.0,2348.58,1268.699951,2351.52,0.0,5.40299,0.0,4.651221
2026-02-27 19:00:00+00:00,7659.005859,0.0,0.0,0.0,1096.65,1264.199951,1882.85,0.0,4.144285,0.0,6.350718
2026-02-27 20:00:00+00:00,7298.996093,0.0,0.0,0.0,986.88,1259.599975,1341.18,0.0,3.026184,0.0,12.86458
2026-02-27 21:00:00+00:00,7355.926757,0.0,0.0,0.0,782.85,1254.800048,1265.4,0.0,2.383393,0.0,29.734697
2026-02-27 22:00:00+00:00,8456.521484,0.0,0.0,0.0,434.72,1249.800048,629.65,0.0,1.900377,0.0,34.519775
2026-02-27 23:00:00+00:00,7241.160644,0.0,0.0,0.0,345.35,1284.800048,480.82,0.0,1.621591,0.0,20.333362
2026-02-28 00:00:00+00:00,7515.17041,0.0,0.0,0.0,318.08,1278.5,412.35,0.0,1.194502,0.0,18.425477
2026-02-28 01:00:00+00:00,7258.155761,0.0,0.0,0.0,347.18,1272.0,400.22,0.0,1.062888,0.0,29.840656
2026-02-28 02:00:00+00:00,6658.693847,0.0,0.0,0.0,337.38,1265.300048,302.82,0.0,0.845425,0.0,33.661216
2026-02-28 03:00:00+00:00,6919.151367,0.0,0.0,0.0,263.35,1258.5,294.22,0.0,0.749471,0.0,20.917108
2026-02-28 04:00:00+00:00,7233.455566,0.0,0.0,0.0,222.6,1251.5,337.65,0.0,0.740628,0.0,18.49839
2026-02-28 05:00:00+00:00,7202.779785,0.0,0.0,0.0,402.78,1244.300048,534.92,0.0,1.041368,0.0,19.854515
2026-02-28 06:00:00+00:00,7216.624023,0.0,0.0,0.0,606.82,1237.099975,928.18,0.0,70.180519,0.0,14.331052
2026-02-28 07:00:00+00:00,8129.737304,0.0,0.0,0.0,385.82,1229.699951,834.88,0.0,337.62033,0.0,15.834308
2026-02-28 08:00:00+00:00,7491.103027,0.0,0.0,0.0,434.28,1222.300048,498.05,0.0,612.478271,0.0,11.934603
2026-02-28 09:00:00+00:00,7163.69873,0.0,0.0,0.0,389.4,1214.800048,441.08,0.0,902.52716,0.0,5.938854
2026-02-28 10:00:00+00:00,7613.605957,0.0,0.0,0.0,337.98,1207.199951,323.75,0.0,1148.756103,0.0,6.05848
2026-02-28 11:00:00+00:00,7502.55371,0.0,0.0,0.0,222.65,1199.699951,259.45,0.0,1174.953491,0.0,11.19986
2026-02-28 12:00:00+00:00,7280.248535,0.0,0.0,0.0,209.95,1192.099975,244.9,0.0,1125.917114,0.0,14.936033
2026-02-28 13:00:00+00:00,7136.589843,0.0,0.0,0.0,247.85,1184.599975,187.58,0.0,912.565368,0.0,16.802194
2026-02-28 14:00:00+00:00,7272.160644,0.0,0.0,0.0,500.82,1177.199951,200.42,0.0,519.314331,0.0,18.575967
2026-02-28 15:00:00+00:00,7397.773925,0.0,0.0,0.0,634.95,1170.0,330.98,0.0,229.412231,0.0,24.49089
2026-02-28 16:00:00+00:00,7289.645996,0.0,0.0,0.0,923.85,1163.0,1106.4,0.0,46.545455,0.0,19.767719
2026-02-28 17:00:00+00:00,7368.164062,0.0,0.0,0.0,1017.05,1156.199951,1337.82,0.0,3.302123,0.0,15.778225
2026-02-28 18:00:00+00:00,7124.545898,0.0,0.0,0.0,1248.58,1149.800048,994.45,0.0,2.635046,0.0,12.660037
2026-02-28 19:00:00+00:00,7535.875,0.0,0.0,0.0,671.98,1143.699951,822.1,0.0,1.829845,0.0,7.339133
2026-02-28 20:00:00+00:00,7686.159667,0.0,0.0,0.0,608.82,1138.099975,971.52,0.0,1.436702,0.0,8.937041
2026-02-28 21:00:00+00:00,7301.484863,0.0,0.0,0.0,623.05,1132.900024,826.0,0.0,1.115772,0.0,8.446177
2026-02-28 22:00:00+00:00,6830.337402,0.0,0.0,0.0,505.0,1128.300048,405.7,0.0,0.815239,0.0,4.137496
2026-02-28 23:00:00+00:00,7132.699707,0.0,0.0,0.0,468.25,1080.400024,373.52,0.0,0.623743,0.0,7.400108
2026-03-01 00:00:00+00:00,6699.118164,0.0,0.0,0.0,384.45,1073.300048,272.08,0.0,0.419105,0.0,6.494237
2026-03-01 01:00:00+00:00,6697.330566,0.0,0.0,0.0,320.2,1067.0,208.62,0.0,0.355346,0.0,4.245328
2026-03-01 02:00:00+00:00,6217.035156,0.0,0.0,0.0,342.52,1061.599975,189.75,0.0,0.252599,0.0,3.871077
2026-03-01 03:00:00+00:00,6202.186523,0.0,0.0,0.0,359.12,1057.300048,155.1,0.0,0.1686,0.0,2.65112
2026-03-01 04:00:00+00:00,6394.74707,0.0,0.0,0.0,365.52,1054.099975,219.05,0.0,0.160623,0.0,1.159513
2026-03-01 05:00:00+00:00,6985.026855,0.0,0.0,0.0,364.85,1052.0,163.88,0.0,0.225616,0.0,0.931916
2026-03-01 06:00:00+00:00,6734.027343,0.0,0.0,0.0,294.75,1051.300048,251.65,0.0,23.374582,0.0,0.0
2026-03-01 07:00:00+00:00,7134.274414,0.0,0.0,0.0,429.12,1051.900024,192.65,0.0,231.444473,0.0,0.14423
2026-03-01 08:00:00+00:00,7544.490722,0.0,0.0,0.0,273.32,1054.0,219.92,0.0,701.606506,0.0,0.109189
2026-03-01 09:00:00+00:00,7405.257324,0.0,0.0,0.0,96.52,1057.599975,213.98,0.0,1219.033691,0.0,1.1279
2026-03-01 10:00:00+00:00,7320.632812,0.0,0.0,0.0,87.85,1062.900024,280.25,0.0,1542.847656,0.0,2.248506
2026-03-01 11:00:00+00:00,7058.113281,0.0,0.0,0.0,169.4,1070.0,324.8,0.0,1670.298339,0.0,5.46905
2026-03-01 12:00:00+00:00,6651.870117,0.0,0.0,0.0,98.15,1078.800048,164.82,0.0,1649.281982,0.0,6.309563
2026-03-01 13:00:00+00:00,7076.325195,0.0,0.0,0.0,103.7,1089.300048,188.08,0.0,1466.723144,0.0,8.834955
2026-03-01 14:00:00+00:00,6670.974609,0.0,0.0,0.0,99.95,1101.400024,201.02,0.0,1120.097412,0.0,11.008972
2026-03-01 15:00:00+00:00,7011.45996,0.0,0.0,0.0,163.42,1114.800048,390.8,0.0,642.97705,0.0,12.966421
2026-03-01 16:00:00+00:00,7110.642578,0.0,0.0,0.0,440.72,1129.599975,1263.92,0.0,182.982864,0.0,14.400356
2026-03-01 17:00:00+00:00,7005.298828,0.0,0.0,0.0,1057.62,1145.400024,1731.4,0.0,8.532171,0.0,15.058761
2026-03-01 18:00:00+00:00,7004.896972,0.0,0.0,0.0,958.4,1162.300048,1347.75,0.0,4.461182,0.0,18.593147
2026-03-01 19:00:00+00:00,7206.214843,0.0,0.0,0.0,399.7,1180.0,710.8,0.0,3.323529,0.0,14.706349
2026-03-01 20:00:00+00:00,7061.825683,0.0,0.0,0.0,157.72,1198.400024,529.72,0.0,2.346467,0.0,12.294517
2026-03-01 21:00:00+00:00,7131.827636,0.0,0.0,0.0,182.15,1217.300048,477.58,0.0,1.662492,0.0,13.135092
2026-03-01 22:00:00+00:00,6892.152343,0.0,0.0,0.0,202.42,1236.699951,467.9,0.0,1.328639,0.0,14.693423
2026-03-01 23:00:00+00:00,7055.192382,0.0,0.0,0.0,173.6,1081.099975,285.88,0.0,1.019516,0.0,27.873538
2026-03-02 00:00:00+00:00,6543.146484,0.0,0.0,0.0,139.02,1082.199951,299.15,0.0,0.84141,0.0,31.545068
2026-03-02 01:00:00+00:00,6642.969726,0.0,0.0,0.0,214.58,1084.0,240.5,0.0,0.707797,0.0,26.384048
2026-03-02 02:00:00+00:00,6661.579589,0.0,0.0,0.0,201.92,1086.400024,207.3,0.0,0.53078,0.0,20.233179
2026-03-02 03:00:00+00:00,7360.350097,0.0,0.0,0.0,201.1,1089.5,242.15,0.0,0.383013,0.0,13.176398
2026-03-02 04:00:00+00:00,7447.752441,0.0,0.0,0.0,331.7,1093.300048,439.08,0.0,0.572071,0.0,6.467668
2026-03-02 05:00:00+00:00,8253.847656,0.0,0.0,0.0,1550.02,1097.900024,1623.98,0.0,0.876608,0.0,3.695561
2026-03-02 06:00:00+00:00,9217.792968,0.0,0.0,0.0,2556.65,1103.199951,2482.52,0.0,58.534183,0.0,4.389124
2026-03-02 07:00:00+00:00,9166.438476,0.0,0.0,0.0,1803.55,1109.400024,1925.0,0.0,460.753723,0.0,5.563471
2026-03-02 08:00:00+00:00,8472.722656,0.0,0.0,0.0,721.62,1116.5,1019.0,0.0,1081.063354,0.0,5.007617
2026-03-02 09:00:00+00:00,8332.286132,0.0,0.0,0.0,424.65,1124.5,649.28,0.0,1680.553466,0.0,2.151778
2026-03-02 10:00:00+00:00,7990.674316,0.0,0.0,0.0,243.08,1133.400024,267.88,0.0,2162.198486,0.0,1.359878
2026-03-02 11:00:00+00:00,8416.361328,0.0,0.0,0.0,378.15,1143.300048,262.85,0.0,2415.962402,0.0,5.773211
2026-03-02 12:00:00+00:00,8158.751464,0.0,0.0,0.0,331.08,1154.300048,226.1,0.0,2411.950439,0.0,9.060575
2026-03-02 13:00:00+00:00,8114.151367,0.0,0.0,0.0,370.3,1166.199951,253.62,0.0,2136.339111,0.0,16.265007
2026-03-02 14:00:00+00:00,8182.781738,0.0,0.0,0.0,232.9,1178.900024,392.42,0.0,1580.526,0.0,22.16724
2026-03-02 15:00:00+00:00,8185.969238,0.0,0.0,0.0,994.58,1192.400024,1025.65,0.0,867.763549,0.0,23.555459
2026-03-02 16:00:00+00:00,7915.434082,0.0,0.0,0.0,3274.98,1206.5,2602.65,0.0,235.145187,0.0,20.324699
2026-03-02 17:00:00+00:00,7908.753417,0.0,0.0,0.0,3351.62,1221.199951,2894.8,0.0,10.660879,0.0,17.178192
2026-03-02 18:00:00+00:00,7969.833007,0.0,0.0,0.0,3663.52,1236.300048,2729.75,0.0,5.722656,0.0,20.017719
2026-03-02 19:00:00+00:00,7791.871582,0.0,0.0,0.0,2358.0,1251.800048,1886.25,0.0,4.368947,0.0,16.411115
2026-03-02 20:00:00+00:00,7562.820312,0.0,0.0,0.0,1809.4,1267.599975,1410.88,0.0,3.121356,0.0,7.623089
2026-03-02 21:00:00+00:00,8063.372558,0.0,0.0,0.0,1149.12,1283.5,1001.42,0.0,2.210906,0.0,7.555419
2026-03-02 22:00:00+00:00,7534.799804,0.0,0.0,0.0,416.12,1299.5,584.32,0.0,1.727458,0.0,9.745814
2026-03-02 23:00:00+00:00,7185.904296,0.0,0.0,0.0,505.65,1218.300048,832.6,0.0,1.436027,0.0,9.999651
2026-03-03 00:00:00+00:00,6301.203125,0.0,0.0,0.0,335.38,1219.5,620.42,0.0,1.162987,0.0,9.621739
2026-03-03 01:00:00+00:00,5910.14746,0.0,0.0,0.0,204.1,1220.900024,598.25,0.0,0.863866,0.0,8.463909
2026-03-03 02:00:00+00:00,5832.489257,0.0,0.0,0.0,153.18,1222.400024,572.8,0.0,0.739577,0.0,7.463903
2026-03-03 03:00:00+00:00,6644.524902,0.0,0.0,0.0,122.55,1224.199951,663.02,0.0,0.566204,0.0,6.712249
2026-03-03 04:00:00+00:00,6465.853027,0.0,0.0,0.0,918.82,1226.199951,1476.12,0.0,0.646055,0.0,7.559042
2026-03-03 05:00:00+00:00,8538.643554,0.0,0.0,0.0,3113.75,1228.599975,2562.88,0.0,0.953531,0.0,7.094058
2026-03-03 06:00:00+00:00,8796.444335,0.0,0.0,0.0,3727.88,1231.300048,2892.25,0.0,93.118324,0.0,6.737421
2026-03-03 07:00:00+00:00,8735.49414,0.0,0.0,0.0,3024.1,1234.5,2502.38,0.0,588.483398,0.0,6.569353
2026-03-03 08:00:00+00:00,8342.080078,0.0,0.0,0.0,678.72,1238.099975,1155.58,0.0,1324.255004,0.0,7.231344
2026-03-03 09:00:00+00:00,8311.364257,0.0,0.0,0.0,248.68,1242.199951,259.0,0.0,2021.617553,0.0,13.496582
2026-03-03 10:00:00+00:00,7962.997558,0.0,0.0,0.0,172.68,1246.800048,247.9,0.0,2502.719482,0.0,27.426355
2026-03-03 11:00:00+00:00,8093.65332,0.0,0.0,0.0,143.3,1252.0,191.92,0.0,2734.151611,0.0,29.333202
2026-03-03 12:00:00+00:00,8535.577148,0.0,0.0,0.0,255.75,1257.900024,214.1,0.0,2693.179931,0.0,17.288015
2026-03-03 13:00:00+00:00,8476.483398,0.0,0.0,0.0,571.15,1264.300048,200.15,0.0,2350.656982,0.0,10.777103
2026-03-03 14:00:00+00:00,8464.901367,0.0,0.0,0.0,312.48,1271.199951,378.78,0.0,1726.355102,0.0,9.481346
2026-03-03 15:00:00+00:00,8190.296875,0.0,0.0,0.0,1994.22,1278.699951,1863.55,0.0,924.505676,0.0,8.681521
2026-03-03 16:00:00+00:00,8405.661132,0.0,0.0,0.0,3315.92,1286.5,2797.1,0.0,242.381561,0.0,11.324757
2026-03-03 17:00:00+00:00,8204.364257,0.0,0.0,0.0,3356.05,1294.699951,3072.02,0.0,13.451161,0.0,14.935672
2026-03-03 18:00:00+00:00,8112.549316,0.0,0.0,0.0,3400.12,1303.300048,2841.95,0.0,5.836263,0.0,18.090238
2026-03-03 19:00:00+00:00,8433.735351,0.0,0.0,0.0,3066.98,1312.099975,2365.58,0.0,4.480942,0.0,23.165477
2026-03-03 20:00:00+00:00,8333.179687,0.0,0.0,0.0,2220.02,1321.099975,2005.8,0.0,3.250098,0.0,28.919937
2026-03-03 21:00:00+00:00,7815.159667,0.0,0.0,0.0,1389.0,1330.199951,1626.1,0.0,2.505736,0.0,40.814014
2026-03-03 22:00:00+00:00,7467.5083,0.0,0.0,0.0,933.88,1339.5,678.85,0.0,1.900605,0.0,51.112403
2026-03-03 23:00:00+00:00,7356.746093,0.0,0.0,0.0,527.08,1231.800048,948.72,0.0,1.520013,0.0,50.570281
2026-03-04 00:00:00+00:00,6592.510253,0.0,0.0,0.0,421.48,1227.199951,907.58,0.0,1.1441,0.0,45.482387
2026-03-04 01:00:00+00:00,6632.913085,0.0,0.0,0.0,363.15,1222.900024,778.05,0.0,0.99898,0.0,35.439102
2026-03-04 02:00:00+00:00,6827.668457,0.0,0.0,0.0,646.88,1219.099975,820.28,0.0,0.842937,0.0,29.6748
2026-03-04 03:00:00+00:00,6903.520507,0.0,0.0,0.0,782.32,1215.800048,983.88,0.0,0.65939,0.0,23.526819
2026-03-04 04:00:00+00:00,7770.1958,0.0,0.0,0.0,1549.72,1213.099975,1293.58,0.0,0.767444,0.0,22.851049
2026-03-04 05:00:00+00:00,8721.436523,0.0,0.0,0.0,2741.15,1211.099975,2280.9,0.0,1.354548,0.0,15.916253
2026-03-04 06:00:00+00:00,9019.381835,0.0,0.0,0.0,3305.3,1209.800048,2810.32,0.0,118.910179,0.0,12.424684
2026-03-04 07:00:00+00:00,8994.30664,0.0,0.0,0.0,2774.22,1209.400024,2092.42,0.0,609.230529,0.0,10.874072
2026-03-04 08:00:00+00:00,8871.909179,0.0,0.0,0.0,866.35,1210.0,818.48,0.0,1320.432006,0.0,9.201214
2026-03-04 09:00:00+00:00,8352.992187,0.0,0.0,0.0,289.55,1211.5,483.4,0.0,1992.584838,0.0,7.967251
2026-03-04 10:00:00+00:00,8192.802734,0.0,0.0,0.0,217.95,1214.199951,359.75,0.0,2486.633544,0.0,6.942628
2026-03-04 11:00:00+00:00,8145.668945,0.0,0.0,0.0,138.5,1218.0,145.35,0.0,2752.236572,0.0,4.155199
2026-03-04 12:00:00+00:00,8272.668945,0.0,0.0,0.0,128.28,1223.099975,171.28,0.0,2681.814941,0.0,1.215824
2026-03-04 13:00:00+00:00,8175.841308,0.0,0.0,0.0,185.1,1229.400024,243.6,0.0,2327.26123,0.0,1.806803
2026-03-04 14:00:00+00:00,8216.743164,0.0,0.0,0.0,404.08,1236.699951,536.05,0.0,1702.291015,0.0,4.345118
2026-03-04 15:00:00+00:00,8374.416015,0.0,0.0,0.0,1089.18,1244.900024,850.8,0.0,914.102294,0.0,6.854147
2026-03-04 16:00:00+00:00,8361.52539,0.0,0.0,0.0,2791.95,1253.900024,2342.22,0.0,251.073013,0.0,9.559994
2026-03-04 17:00:00+00:00,8300.207031,0.0,0.0,0.0,3146.42,1263.699951,2635.35,0.0,14.179538,0.0,14.262491
2026-03-04 18:00:00+00:00,8178.043945,0.0,0.0,0.0,3328.7,1274.099975,2271.3,0.0,6.154619,0.0,18.253501
2026-03-04 19:00:00+00:00,7896.95166,0.0,0.0,0.0,2558.88,1285.099975,1634.52,0.0,4.680913,0.0,24.381921
2026-03-04 20:00:00+00:00,7948.501953,0.0,0.0,0.0,1274.05,1296.400024,1097.12,0.0,3.455798,0.0,20.832963
2026-03-04 21:00:00+00:00,7702.191406,0.0,0.0,0.0,1095.22,1308.0,778.0,0.0,2.503434,0.0,20.632106
2026-03-04 22:00:00+00:00,7085.537109,0.0,0.0,0.0,833.28,1319.800048,532.6,0.0,2.000351,0.0,26.13973
2026-03-04 23:00:00+00:00,7164.47705,0.0,0.0,0.0,89.9,1184.300048,1067.95,0.0,1.644775,0.0,27.60087
2026-03-05 00:00:00+00:00,6699.913085,0.0,0.0,0.0,57.25,1180.900024,888.48,0.0,1.306281,0.0,24.101593
2026-03-05 01:00:00+00:00,6661.829589,0.0,0.0,0.0,58.05,1177.800048,809.08,0.0,0.995371,0.0,22.201921
2026-03-05 02:00:00+00:00,6693.449707,0.0,0.0,0.0,30.0,1175.099975,902.3,0.0,0.824248,0.0,21.155006
2026-03-05 03:00:00+00:00,6525.458984,0.0,0.0,0.0,58.0,1172.800048,909.05,0.0,0.663987,0.0,22.202405
2026-03-05 04:00:00+00:00,7053.021484,0.0,0.0,0.0,588.9,1171.0,1353.3,0.0,0.777597,0.0,22.329549
2026-03-05 05:00:00+00:00,8085.412109,0.0,0.0,0.0,2443.2,1169.699951,1975.35,0.0,1.365572,0.0,22.402841
2026-03-05 06:00:00+00:00,8713.193359,0.0,0.0,0.0,2302.75,1168.900024,2191.85,0.0,113.827339,0.0,27.676856
2026-03-05 07:00:00+00:00,8681.227539,0.0,0.0,0.0,1709.65,1168.800048,2210.0,0.0,588.513183,0.0,33.197849
2026-03-05 08:00:00+00:00,8595.78125,0.0,0.0,0.0,788.55,1169.300048,1313.58,0.0,1259.045776,0.0,29.173677
2026-03-05 09:00:00+00:00,8159.549316,0.0,0.0,0.0,550.85,1170.400024,829.45,0.0,1870.747558,0.0,29.77967
2026-03-05 10:00:00+00:00,8206.129882,0.0,0.0,0.0,249.8,1172.300048,588.15,0.0,2346.73413,0.0,22.975957
2026-03-05 11:00:00+00:00,7940.673828,0.0,0.0,0.0,143.8,1174.900024,452.15,0.0,2567.348144,0.0,18.248617
2026-03-05 12:00:00+00:00,7565.8833,0.0,0.0,0.0,133.5,1178.300048,457.12,0.0,2467.156005,0.0,19.403287
2026-03-05 13:00:00+00:00,7557.186523,0.0,0.0,0.0,106.65,1182.400024,627.2,0.0,2078.322753,0.0,17.366546
2026-03-05 14:00:00+00:00,7557.102539,0.0,0.0,0.0,377.3,1187.199951,965.05,0.0,1452.666259,0.0,18.636869
2026-03-05 15:00:00+00:00,7673.174804,0.0,0.0,0.0,1033.25,1192.5,1403.42,0.0,756.679565,0.0,17.358854
2026-03-05 16:00:00+00:00,7826.455566,0.0,0.0,0.0,2490.05,1198.300048,2350.85,0.0,215.401977,0.0,19.868013
2026-03-05 17:00:00+00:00,8210.521484,0.0,0.0,0.0,2759.98,1204.5,2641.48,0.0,11.415221,0.0,22.907005
2026-03-05 18:00:00+00:00,8198.112304,0.0,0.0,0.0,2353.15,1211.0,2293.3,0.0,5.858089,0.0,21.270805
2026-03-05 19:00:00+00:00,8271.798828,0.0,0.0,0.0,1265.88,1217.900024,1948.95,0.0,4.452904,0.0,25.579061
2026-03-05 20:00:00+00:00,7973.144042,0.0,0.0,0.0,760.58,1224.900024,1584.72,0.0,3.27945,0.0,30.841274
2026-03-05 21:00:00+00:00,6884.556152,0.0,0.0,0.0,604.88,1232.0,1570.15,0.0,2.412385,0.0,28.185268
2026-03-05 22:00:00+00:00,7517.03125,0.0,0.0,0.0,736.55,1239.099975,703.28,0.0,1.91672,0.0,25.506612
2026-03-05 23:00:00+00:00,7136.310058,0.0,0.0,0.0,382.82,1179.099975,940.88,0.0,1.63252,0.0,25.064216
2026-03-06 00:00:00+00:00,6781.7583,0.0,0.0,0.0,263.9,1176.800048,705.5,0.0,1.263284,0.0,24.987602
2026-03-06 01:00:00+00:00,6698.116699,0.0,0.0,0.0,242.02,1174.5,663.48,0.0,0.975152,0.0,27.551507
2026-03-06 02:00:00+00:00,6661.98291,0.0,0.0,0.0,189.68,1172.400024,325.65,0.0,0.835707,0.0,21.398448
2026-03-06 03:00:00+00:00,7273.244628,0.0,0.0,0.0,258.45,1170.300048,484.75,0.0,0.611196,0.0,16.583854
2026-03-06 04:00:00+00:00,7568.928222,0.0,0.0,0.0,628.8,1168.300048,1236.42,0.0,0.66882,0.0,17.103858
2026-03-06 05:00:00+00:00,7911.957031,0.0,0.0,0.0,3521.95,1166.400024,2117.58,0.0,1.294576,0.0,24.14929
2026-03-06 06:00:00+00:00,8709.320312,0.0,0.0,0.0,3863.62,1164.599975,2178.08,0.0,123.528144,0.0,27.712629
2026-03-06 07:00:00+00:00,8710.444335,0.0,0.0,0.0,1620.38,1163.0,1927.1,0.0,548.279602,0.0,20.380384
2026-03-06 08:00:00+00:00,8393.894531,0.0,0.0,0.0,542.08,1161.5,1289.4,0.0,1113.59082,0.0,21.120319
2026-03-06 09:00:00+00:00,8408.581054,0.0,0.0,0.0,341.1,1160.099975,699.68,0.0,1702.801513,0.0,18.473611
2026-03-06 10:00:00+00:00,8588.864257,0.0,0.0,0.0,302.82,1159.0,309.85,0.0,2155.171386,0.0,10.214553
2026-03-06 11:00:00+00:00,7407.135742,0.0,0.0,0.0,112.3,1158.0,257.8,0.0,2375.645751,0.0,6.87425
2026-03-06 12:00:00+00:00,8145.302246,0.0,0.0,0.0,78.02,1157.199951,284.92,0.0,2287.384033,0.0,7.765556
2026-03-06 13:00:00+00:00,8142.915039,0.0,0.0,0.0,108.0,1156.699951,376.62,0.0,1972.364501,0.0,13.415266
2026-03-06 14:00:00+00:00,8142.219238,0.0,0.0,0.0,179.48,1156.199951,588.28,0.0,1456.01123,0.0,19.873182
2026-03-06 15:00:00+00:00,7771.921875,0.0,0.0,0.0,851.72,1155.900024,1528.9,0.0,794.065917,0.0,21.328418
2026-03-06 16:00:00+00:00,7736.794921,0.0,0.0,0.0,3270.55,1155.800048,1988.5,0.0,247.876296,0.0,20.958961
2026-03-06 17:00:00+00:00,7937.77539,0.0,0.0,0.0,3896.78,1155.699951,2450.0,0.0,13.033911,0.0,22.427871
2026-03-06 18:00:00+00:00,8240.523437,0.0,0.0,0.0,3761.12,1155.699951,2667.85,0.0,5.812322,0.0,23.33011
2026-03-06 19:00:00+00:00,7931.371093,0.0,0.0,0.0,3029.48,1155.800048,2369.75,0.0,4.377169,0.0,28.110256
2026-03-06 20:00:00+00:00,7689.410644,0.0,0.0,0.0,860.45,1155.900024,1582.65,0.0,3.326916,0.0,36.419334
2026-03-06 21:00:00+00:00,7837.166992,0.0,0.0,0.0,738.62,1156.0,1189.05,0.0,2.478876,0.0,40.612113
2026-03-06 22:00:00+00:00,6811.579589,0.0,0.0,0.0,472.2,1156.099975,784.55,0.0,1.947726,0.0,40.560321
2026-03-06 23:00:00+00:00,6928.506347,0.0,0.0,0.0,766.55,1147.599975,1308.1,0.0,1.680621,0.0,41.528835
2026-03-07 00:00:00+00:00,6787.772949,0.0,0.0,0.0,571.98,1141.599975,741.32,0.0,1.22788,0.0,38.395664
2026-03-07 01:00:00+00:00,6700.031738,0.0,0.0,0.0,405.75,1135.599975,549.45,0.0,1.027206,0.0,24.672119
2026-03-07 02:00:00+00:00,6712.427246,0.0,0.0,0.0,491.72,1129.699951,491.95,0.0,0.842072,0.0,14.538678
2026-03-07 03:00:00+00:00,7178.303222,0.0,0.0,0.0,664.95,1123.800048,544.5,0.0,0.711973,0.0,9.540413
2026-03-07 04:00:00+00:00,7104.578125,0.0,0.0,0.0,646.6,1118.0,1189.12,0.0,0.726273,0.0,6.91696
2026-03-07 05:00:00+00:00,6672.412109,0.0,0.0,0.0,825.45,1112.400024,1489.05,0.0,1.699522,0.0,5.295208
2026-03-07 06:00:00+00:00,7093.506835,0.0,0.0,0.0,776.25,1107.0,1030.75,0.0,146.595001,0.0,6.882696
2026-03-07 07:00:00+00:00,7499.272949,0.0,0.0,0.0,228.82,1101.800048,611.82,0.0,633.861267,0.0,8.738217
2026-03-07 08:00:00+00:00,7433.382324,0.0,0.0,0.0,77.1,1096.900024,161.15,0.0,1326.060668,0.0,9.184857
2026-03-07 09:00:00+00:00,6747.091308,0.0,0.0,0.0,26.2,1092.199951,129.05,0.0,1981.233764,0.0,11.006548
2026-03-07 10:00:00+00:00,6830.397949,0.0,0.0,0.0,19.45,1088.0,118.15,0.0,2446.668212,0.0,12.64872
2026-03-07 11:00:00+00:00,6462.353027,0.0,0.0,0.0,37.48,1084.099975,91.05,0.0,2653.747802,0.0,17.378803
2026-03-07 12:00:00+00:00,6580.411621,0.0,0.0,0.0,60.75,1080.599975,82.52,0.0,2578.44165,0.0,19.627475
2026-03-07 13:00:00+00:00,7318.846679,0.0,0.0,0.0,51.75,1077.5,81.12,0.0,2218.621826,0.0,16.845386
2026-03-07 14:00:00+00:00,7176.119628,0.0,0.0,0.0,83.82,1074.699951,117.98,0.0,1606.546142,0.0,14.875276
2026-03-07 15:00:00+00:00,6778.596191,0.0,0.0,0.0,860.1,1072.400024,901.25,0.0,861.56549,0.0,12.888347
2026-03-07 16:00:00+00:00,6561.432617,0.0,0.0,0.0,2813.98,1070.5,2235.82,0.0,252.921295,0.0,9.91377
2026-03-07 17:00:00+00:00,7079.770507,0.0,0.0,0.0,3927.35,1068.900024,2850.22,0.0,16.640409,0.0,6.585892
2026-03-07 18:00:00+00:00,7062.59375,0.0,0.0,0.0,3743.58,1067.699951,2896.8,0.0,5.958984,0.0,6.848818
2026-03-07 19:00:00+00:00,6976.825683,0.0,0.0,0.0,2661.75,1066.800048,2189.12,0.0,4.555274,0.0,6.064589
2026-03-07 20:00:00+00:00,7757.0625,0.0,0.0,0.0,936.3,1066.300048,1520.5,0.0,3.403702,0.0,4.937873
2026-03-07 21:00:00+00:00,7167.534179,0.0,0.0,0.0,689.65,1066.099975,1032.62,0.0,2.652109,0.0,6.362456
2026-03-07 22:00:00+00:00,6211.207519,0.0,0.0,0.0,565.72,1066.300048,419.1,0.0,2.188277,0.0,6.485632
2026-03-07 23:00:00+00:00,6950.093261,0.0,0.0,0.0,395.15,1017.5,1094.95,0.0,1.807134,0.0,5.863214
2026-03-08 00:00:00+00:00,6789.005371,0.0,0.0,0.0,295.1,1010.099975,491.75,0.0,1.479149,0.0,7.127161
2026-03-08 01:00:00+00:00,6497.194824,0.0,0.0,0.0,221.8,1003.200012,316.72,0.0,1.235789,0.0,7.751408
2026-03-08 02:00:00+00:00,6458.924316,0.0,0.0,0.0,167.02,996.900024,277.1,0.0,0.978007,0.0,8.676356
2026-03-08 03:00:00+00:00,6512.517578,0.0,0.0,0.0,182.28,991.099975,214.65,0.0,0.898454,0.0,7.939177
2026-03-08 04:00:00+00:00,6295.214843,0.0,0.0,0.0,229.72,986.099975,221.98,0.0,0.903632,0.0,9.102013
2026-03-08 05:00:00+00:00,7081.402343,0.0,0.0,0.0,246.1,981.900024,319.68,0.0,1.689934,0.0,7.639084
2026-03-08 06:00:00+00:00,7238.842773,0.0,0.0,0.0,215.42,978.5,291.42,0.0,141.971984,0.0,4.637915
2026-03-08 07:00:00+00:00,7434.768066,0.0,0.0,0.0,130.52,976.0,294.92,0.0,623.014587,0.0,4.807821
2026-03-08 08:00:00+00:00,7183.267089,0.0,0.0,0.0,23.68,974.5,168.48,0.0,1305.764892,0.0,4.748677
2026-03-08 09:00:00+00:00,6700.226074,0.0,0.0,0.0,12.78,974.0,175.82,0.0,1954.527099,0.0,6.151746
2026-03-08 10:00:00+00:00,7609.850097,0.0,0.0,0.0,29.25,974.700012,113.08,0.0,2427.516845,0.0,8.738641
2026-03-08 11:00:00+00:00,7101.436523,0.0,0.0,0.0,27.65,976.599975,115.9,0.0,2630.244628,0.0,11.795528
2026-03-08 12:00:00+00:00,7308.381835,0.0,0.0,0.0,37.55,979.700012,124.12,0.0,2548.88916,0.0,14.294802
2026-03-08 13:00:00+00:00,6991.270507,0.0,0.0,0.0,75.48,984.0,115.88,0.0,2180.521728,0.0,13.669214
2026-03-08 14:00:00+00:00,7145.676757,0.0,0.0,0.0,59.2,989.400024,120.02,0.0,1581.990112,0.0,12.500832
2026-03-08 15:00:00+00:00,6924.588378,0.0,0.0,0.0,243.18,995.900024,426.38,0.0,872.304809,0.0,11.246754
2026-03-08 16:00:00+00:00,7011.302246,0.0,0.0,0.0,1260.62,1003.5,2061.95,0.0,285.870086,0.0,9.266411
2026-03-08 17:00:00+00:00,6816.921386,0.0,0.0,0.0,2985.72,1011.900024,2867.6,0.0,21.882911,0.0,6.727172
2026-03-08 18:00:00+00:00,6835.097656,0.0,0.0,0.0,2497.52,1021.299987,2584.8,0.0,5.881096,0.0,7.22852
2026-03-08 19:00:00+00:00,6976.460449,0.0,0.0,0.0,916.45,1031.5,1744.22,0.0,4.607693,0.0,5.461324
2026-03-08 20:00:00+00:00,6528.909667,0.0,0.0,0.0,385.25,1042.400024,825.6,0.0,3.488462,0.0,6.257571
2026-03-08 21:00:00+00:00,7536.99414,0.0,0.0,0.0,248.38,1054.0,545.62,0.0,2.627139,0.0,8.727952
2026-03-08 22:00:00+00:00,7283.697265,0.0,0.0,0.0,201.58,1066.300048,310.32,0.0,2.093974,0.0,10.928791
2026-03-08 23:00:00+00:00,6691.802734,0.0,0.0,0.0,279.75,983.400024,547.22,0.0,1.743371,0.0,13.525533
2026-03-09 00:00:00+00:00,6573.552734,0.0,0.0,0.0,267.75,982.5,260.8,0.0,1.467434,0.0,13.943067
2026-03-09 01:00:00+00:00,6372.638671,0.0,0.0,0.0,160.1,982.299987,225.12,0.0,1.262493,0.0,10.97383
2026-03-09 02:00:00+00:00,6295.78955,0.0,0.0,0.0,107.32,983.099975,160.72,0.0,0.997781,0.0,10.644654
2026-03-09 03:00:00+00:00,6472.710937,0.0,0.0,0.0,112.7,984.799987,235.68,0.0,0.918149,0.0,11.199358
2026-03-09 04:00:00+00:00,7226.024414,0.0,0.0,0.0,533.88,987.5,940.95,0.0,1.110621,0.0,17.59505
2026-03-09 05:00:00+00:00,7574.769531,0.0,0.0,0.0,2055.2,991.299987,2031.2,0.0,2.136682,0.0,28.404142
2026-03-09 06:00:00+00:00,8813.231445,0.0,0.0,0.0,2185.12,996.299987,1962.65,0.0,116.936561,0.0,24.29841
2026-03-09 07:00:00+00:00,8946.784179,0.0,0.0,0.0,1527.22,1002.599975,1632.28,0.0,501.457153,0.0,13.66198
2026-03-09 08:00:00+00:00,8087.503906,0.0,0.0,0.0,599.88,1010.099975,643.0,0.0,1092.032714,0.0,8.160752
2026-03-09 09:00:00+00:00,7934.434082,0.0,0.0,0.0,209.52,1019.099975,345.15,0.0,1675.463012,0.0,6.861257
2026-03-09 10:00:00+00:00,7971.340332,0.0,0.0,0.0,143.08,1029.599975,292.12,0.0,2177.557861,0.0,11.832774
2026-03-09 11:00:00+00:00,8610.261718,0.0,0.0,0.0,73.65,1041.599975,181.12,0.0,2460.75,0.0,13.749271
2026-03-09 12:00:00+00:00,7239.091796,0.0,0.0,0.0,69.12,1055.099975,158.28,0.0,2416.760253,0.0,14.180114
2026-03-09 13:00:00+00:00,7565.325683,0.0,0.0,0.0,44.6,1070.199951,179.5,0.0,2141.33374,0.0,14.304822
2026-03-09 14:00:00+00:00,7761.667968,0.0,0.0,0.0,209.62,1086.699951,699.4,0.0,1621.221679,0.0,13.308257
2026-03-09 15:00:00+00:00,7951.108398,0.0,0.0,0.0,725.05,1104.300048,988.32,0.0,929.174865,0.0,12.743092
2026-03-09 16:00:00+00:00,8194.655273,0.0,0.0,0.0,2514.45,1123.0,1920.7,0.0,309.814605,0.0,12.852115
2026-03-09 17:00:00+00:00,8163.192382,0.0,0.0,0.0,3365.88,1142.599975,2163.78,0.0,21.795127,0.0,13.42434
2026-03-09 18:00:00+00:00,7980.082519,0.0,0.0,0.0,3453.18,1163.099975,2357.9,0.0,5.995159,0.0,14.218808
2026-03-09 19:00:00+00:00,8077.485351,0.0,0.0,0.0,3149.75,1184.099975,2482.38,0.0,4.630896,0.0,20.030298
2026-03-09 20:00:00+00:00,7375.413574,0.0,0.0,0.0,1568.9,1205.699951,1916.62,0.0,3.372901,0.0,21.175977
2026-03-09 21:00:00+00:00,7622.691894,0.0,0.0,0.0,609.85,1227.699951,1704.28,0.0,2.454751,0.0,21.89723
2026-03-09 22:00:00+00:00,7298.036132,0.0,0.0,0.0,430.08,1249.900024,1324.95,0.0,2.041431,0.0,15.794381
2026-03-09 23:00:00+00:00,7532.033203,0.0,0.0,0.0,195.88,1053.099975,654.7,0.0,1.707939,0.0,16.966987
2026-03-10 00:00:00+00:00,7134.234375,0.0,0.0,0.0,147.8,1049.099975,472.48,0.0,1.373361,0.0,27.442615
2026-03-10 01:00:00+00:00,7094.163574,0.0,0.0,0.0,132.35,1045.599975,391.98,0.0,1.156137,0.0,20.421886
2026-03-10 02:00:00+00:00,6725.956542,0.0,0.0,0.0,216.9,1042.900024,410.85,0.0,0.852262,0.0,21.825719
2026-03-10 03:00:00+00:00,6507.941406,0.0,0.0,0.0,225.68,1040.900024,503.45,0.0,0.704955,0.0,18.280139
2026-03-10 04:00:00+00:00,7566.676269,0.0,0.0,0.0,656.65,1040.0,947.5,0.0,0.840746,0.0,19.224376
2026-03-10 05:00:00+00:00,7671.288085,0.0,0.0,0.0,2388.02,1040.0,2033.75,0.0,2.632319,0.0,25.742906
2026-03-10 06:00:00+00:00,8502.258789,0.0,0.0,0.0,2641.6,1041.300048,2532.5,0.0,160.708236,0.0,27.497301
2026-03-10 07:00:00+00:00,8494.77832,0.0,0.0,0.0,1595.55,1043.800048,1687.3,0.0,686.966857,0.0,21.622459
2026-03-10 08:00:00+00:00,8169.117675,0.0,0.0,0.0,323.12,1047.699951,490.78,0.0,1370.781494,0.0,18.687986
2026-03-10 09:00:00+00:00,7890.104492,0.0,0.0,0.0,233.08,1053.099975,197.38,0.0,1918.000976,0.0,15.350594
2026-03-10 10:00:00+00:00,8185.256835,0.0,0.0,0.0,241.18,1060.199951,161.02,0.0,2306.506103,0.0,16.72702
2026-03-10 11:00:00+00:00,8593.58496,0.0,0.0,0.0,161.15,1069.0,131.48,0.0,2318.654052,0.0,14.795488
2026-03-10 12:00:00+00:00,8337.614257,0.0,0.0,0.0,183.52,1079.699951,174.8,0.0,2035.95935,0.0,14.613204
2026-03-10 13:00:00+00:00,8395.719726,0.0,0.0,0.0,416.05,1092.0,254.42,0.0,1597.305908,0.0,15.938742
2026-03-10 14:00:00+00:00,8452.355468,0.0,0.0,0.0,615.42,1105.900024,629.98,0.0,1049.38562,0.0,14.185796
2026-03-10 15:00:00+00:00,8443.696289,0.0,0.0,0.0,948.02,1121.199951,1336.18,0.0,511.75354,0.0,29.136278
2026-03-10 16:00:00+00:00,8478.5,0.0,0.0,0.0,2576.78,1137.699951,2419.48,0.0,151.203903,0.0,19.555969
2026-03-10 17:00:00+00:00,8605.24414,0.0,0.0,0.0,3181.38,1155.199951,2545.5,0.0,12.300403,0.0,30.870405
2026-03-10 18:00:00+00:00,8576.395507,0.0,0.0,0.0,2574.05,1173.599975,2414.92,0.0,5.455105,0.0,30.070241
2026-03-10 19:00:00+00:00,7648.993164,0.0,0.0,0.0,828.25,1192.699951,1733.9,0.0,4.17438,0.0,32.495681
2026-03-10 20:00:00+00:00,7904.117675,0.0,0.0,0.0,578.8,1212.400024,1417.98,0.0,2.898722,0.0,42.264198
2026-03-10 21:00:00+00:00,7870.07373,0.0,0.0,0.0,544.98,1232.5,1198.05,0.0,2.215071,0.0,46.561687
2026-03-10 22:00:00+00:00,7366.021484,0.0,0.0,0.0,291.35,1252.800048,665.75,0.0,1.760783,0.0,52.260639
2026-03-10 23:00:00+00:00,7056.929687,0.0,0.0,0.0,118.7,1039.199951,902.18,0.0,1.414904,0.0,41.224594
2026-03-11 00:00:00+00:00,7012.74121,0.0,0.0,0.0,134.08,1035.800048,695.1,0.0,1.122034,0.0,42.830471
2026-03-11 01:00:00+00:00,6723.857421,0.0,0.0,0.0,89.0,1032.900024,668.18,0.0,0.859813,0.0,47.344039
2026-03-11 02:00:00+00:00,6053.55957,0.0,0.0,0.0,86.1,1030.599975,675.12,0.0,0.675905,0.0,59.312908
2026-03-11 03:00:00+00:00,6768.349609,0.0,0.0,0.0,112.7,1029.0,650.9,0.0,0.595005,0.0,51.402515
2026-03-11 04:00:00+00:00,6316.02539,0.0,0.0,0.0,175.7,1028.0,807.1,0.0,0.703276,0.0,52.393245
2026-03-11 05:00:00+00:00,7781.251953,0.0,0.0,0.0,682.52,1027.900024,1584.32,0.0,1.95665,0.0,41.987274
2026-03-11 06:00:00+00:00,9117.460937,0.0,0.0,0.0,802.95,1028.599975,2065.38,0.0,133.894622,0.0,44.370231
2026-03-11 07:00:00+00:00,9152.0625,0.0,0.0,0.0,827.92,1030.199951,2027.4,0.0,489.987976,0.0,43.571437
2026-03-11 08:00:00+00:00,8783.414062,0.0,0.0,0.0,749.28,1032.900024,1201.15,0.0,1051.789062,0.0,42.271987
2026-03-11 09:00:00+00:00,8346.829101,0.0,0.0,0.0,564.75,1036.5,696.05,0.0,1492.570068,0.0,43.827701
2026-03-11 10:00:00+00:00,8271.758789,0.0,0.0,0.0,654.45,1041.300048,442.8,0.0,1721.17041,0.0,43.557502
2026-03-11 11:00:00+00:00,8147.314453,0.0,0.0,0.0,432.88,1047.300048,726.3,0.0,1846.653442,0.0,57.18544
2026-03-11 12:00:00+00:00,8421.49121,0.0,0.0,0.0,356.18,1054.599975,347.25,0.0,1739.506103,0.0,66.267288
2026-03-11 13:00:00+00:00,8387.824218,0.0,0.0,0.0,354.75,1062.900024,623.48,0.0,1377.85791,0.0,75.489967
2026-03-11 14:00:00+00:00,8352.074218,0.0,0.0,0.0,449.0,1072.400024,1179.28,0.0,815.881835,0.0,81.027786
2026-03-11 15:00:00+00:00,8374.544921,0.0,0.0,0.0,775.55,1082.800048,1649.3,0.0,378.39859,0.0,81.098464
2026-03-11 16:00:00+00:00,8382.731445,0.0,0.0,0.0,1157.12,1094.0,1663.32,0.0,109.996879,0.0,86.748146
2026-03-11 17:00:00+00:00,8302.219726,0.0,0.0,0.0,2043.95,1106.099975,2368.65,0.0,8.831136,0.0,96.573944
2026-03-11 18:00:00+00:00,8103.368652,0.0,0.0,0.0,2010.62,1118.800048,2184.22,0.0,4.734001,0.0,98.357627
2026-03-11 19:00:00+00:00,8207.970703,0.0,0.0,0.0,1184.35,1132.099975,1731.48,0.0,3.459857,0.0,101.22393
2026-03-11 20:00:00+00:00,8015.112304,0.0,0.0,0.0,795.25,1145.800048,1434.2,0.0,2.533253,0.0,111.994293
2026-03-11 21:00:00+00:00,7549.236816,0.0,0.0,0.0,468.12,1160.0,1342.25,0.0,1.796003,0.0,87.484321
2026-03-11 22:00:00+00:00,6733.725097,0.0,0.0,0.0,188.85,1174.400024,835.22,0.0,1.390876,0.0,65.730972
2026-03-11 23:00:00+00:00,6759.929687,0.0,0.0,0.0,224.5,1061.099975,933.98,0.0,1.165966,0.0,62.904724
2026-03-12 00:00:00+00:00,6726.672363,0.0,0.0,0.0,194.25,1061.900024,611.7,0.0,0.915656,0.0,58.3763
2026-03-12 01:00:00+00:00,6744.159667,0.0,0.0,0.0,177.82,1063.099975,556.05,0.0,0.698641,0.0,47.933616
2026-03-12 02:00:00+00:00,6742.583007,0.0,0.0,0.0,188.18,1064.800048,212.4,0.0,0.551127,0.0,41.744033
2026-03-12 03:00:00+00:00,6689.614257,0.0,0.0,0.0,196.98,1067.0,289.92,0.0,0.460481,0.0,46.88309
2026-03-12 04:00:00+00:00,7227.125,0.0,0.0,0.0,375.4,1069.699951,1116.75,0.0,0.463321,0.0,35.202976
2026-03-12 05:00:00+00:00,8185.387207,0.0,0.0,0.0,1058.55,1073.0,1789.48,0.0,1.272588,0.0,29.586811
2026-03-12 06:00:00+00:00,8719.853515,0.0,0.0,0.0,1252.2,1076.800048,2050.4,0.0,101.258934,0.0,21.784313
2026-03-12 07:00:00+00:00,8704.904296,0.0,0.0,0.0,1054.08,1081.400024,2104.28,0.0,502.90036,0.0,12.095563
2026-03-12 08:00:00+00:00,8630.641601,0.0,0.0,0.0,920.28,1086.599975,1576.78,0.0,1139.654541,0.0,5.565863
2026-03-12 09:00:00+00:00,8401.362304,0.0,0.0,0.0,836.0,1092.5,1353.42,0.0,1778.034057,0.0,3.130846
2026-03-12 10:00:00+00:00,8202.927734,0.0,0.0,0.0,439.28,1099.199951,930.0,0.0,2177.901611,0.0,2.016885
2026-03-12 11:00:00+00:00,7820.859375,0.0,0.0,0.0,171.35,1106.699951,407.7,0.0,2337.310546,0.0,3.341003
2026-03-12 12:00:00+00:00,8396.77246,0.0,0.0,0.0,165.32,1115.0,445.72,0.0,2395.068603,0.0,2.711708
2026-03-12 13:00:00+00:00,8386.006835,0.0,0.0,0.0,182.88,1124.099975,392.55,0.0,2306.349609,0.0,3.218691
2026-03-12 14:00:00+00:00,7994.078613,0.0,0.0,0.0,222.78,1133.800048,814.52,0.0,1848.865844,0.0,5.017667
2026-03-12 15:00:00+00:00,8173.068359,0.0,0.0,0.0,449.4,1144.099975,1180.1,0.0,1114.256958,0.0,4.773858
2026-03-12 16:00:00+00:00,8183.753417,0.0,0.0,0.0,1350.1,1154.800048,1825.12,0.0,368.491455,0.0,4.875647
2026-03-12 17:00:00+00:00,8112.780761,0.0,0.0,0.0,2540.5,1166.0,2482.92,0.0,26.669586,0.0,5.341382
2026-03-12 18:00:00+00:00,7975.739746,0.0,0.0,0.0,1879.68,1177.5,2388.0,0.0,5.882248,0.0,4.124125
2026-03-12 19:00:00+00:00,7998.106445,0.0,0.0,0.0,793.92,1189.199951,2164.12,0.0,4.522076,0.0,6.094201
2026-03-12 20:00:00+00:00,7625.068847,0.0,0.0,0.0,542.3,1201.099975,1761.08,0.0,3.389093,0.0,10.475138
2026-03-12 21:00:00+00:00,7517.742187,0.0,0.0,0.0,492.35,1213.0,1491.45,0.0,2.500553,0.0,37.173431
2026-03-12 22:00:00+00:00,7184.785156,0.0,0.0,0.0,386.58,1224.900024,1214.15,0.0,1.984378,0.0,64.686187
2026-03-12 23:00:00+00:00,6815.696777,0.0,0.0,0.0,381.68,1064.800048,930.7,0.0,1.558621,0.0,93.690185
2026-03-13 00:00:00+00:00,6770.313964,0.0,0.0,0.0,295.68,1057.199951,578.48,0.0,1.253353,0.0,92.174209
2026-03-13 01:00:00+00:00,6621.893066,0.0,0.0,0.0,220.9,1049.900024,477.8,0.0,0.979551,0.0,68.867172
2026-03-13 02:00:00+00:00,6632.248046,0.0,0.0,0.0,163.42,1042.900024,442.85,0.0,0.863548,0.0,81.947563
2026-03-13 03:00:00+00:00,6710.068359,0.0,0.0,0.0,230.5,1036.400024,537.58,0.0,0.677011,0.0,108.889564
2026-03-13 04:00:00+00:00,7429.376953,0.0,0.0,0.0,766.65,1030.599975,863.15,0.0,0.743192,0.0,117.980789
2026-03-13 05:00:00+00:00,7837.295898,0.0,0.0,0.0,1091.42,1025.400024,1775.12,0.0,5.267411,0.0,125.599456
2026-03-13 06:00:00+00:00,8714.454101,0.0,0.0,0.0,1322.3,1021.0,2062.5,0.0,223.597152,0.0,103.268737
2026-03-13 07:00:00+00:00,8730.36621,0.0,0.0,0.0,1035.42,1017.5,1648.52,0.0,906.328125,0.0,102.038703
2026-03-13 08:00:00+00:00,8670.401367,0.0,0.0,0.0,515.62,1015.0,1274.45,0.0,1731.421264,0.0,92.645004
2026-03-13 09:00:00+00:00,8320.483398,0.0,0.0,0.0,193.78,1013.599975,488.62,0.0,2434.48999,0.0,67.059555
2026-03-13 10:00:00+00:00,8581.585937,0.0,0.0,0.0,129.78,1013.400024,211.38,0.0,2907.904785,0.0,59.24118
2026-03-13 11:00:00+00:00,7907.707519,0.0,0.0,0.0,81.25,1014.5,146.82,0.0,2911.67871,0.0,68.464202
2026-03-13 12:00:00+00:00,7910.394531,0.0,0.0,0.0,113.15,1017.0,362.58,0.0,2512.648681,0.0,78.461929
2026-03-13 13:00:00+00:00,8145.9458,0.0,0.0,0.0,330.9,1020.700012,375.6,0.0,2063.445556,0.0,62.465652
2026-03-13 14:00:00+00:00,7899.090332,0.0,0.0,0.0,285.85,1025.599975,493.4,0.0,1451.363525,0.0,60.848857
2026-03-13 15:00:00+00:00,7765.446777,0.0,0.0,0.0,664.82,1031.5,1144.0,0.0,792.217407,0.0,68.291679
2026-03-13 16:00:00+00:00,7662.458496,0.0,0.0,0.0,1210.02,1038.400024,1737.58,0.0,266.244659,0.0,82.864646
2026-03-13 17:00:00+00:00,7931.883789,0.0,0.0,0.0,2615.25,1046.099975,2217.75,0.0,22.200866,0.0,110.647796
2026-03-13 18:00:00+00:00,7988.846679,0.0,0.0,0.0,2903.8,1054.5,2289.78,0.0,5.75052,0.0,110.390625
2026-03-13 19:00:00+00:00,7958.85791,0.0,0.0,0.0,1717.25,1063.5,1722.78,0.0,4.503605,0.0,131.191589
2026-03-13 20:00:00+00:00,7475.509277,0.0,0.0,0.0,1440.28,1073.0,1374.15,0.0,3.491493,0.0,147.705368
2026-03-13 21:00:00+00:00,7630.144042,0.0,0.0,0.0,869.85,1082.900024,1050.38,0.0,2.647505,0.0,148.397125
2026-03-13 22:00:00+00:00,7038.266601,0.0,0.0,0.0,609.52,1093.099975,777.58,0.0,2.134699,0.0,148.979232
2026-03-13 23:00:00+00:00,6960.687011,0.0,0.0,0.0,417.2,1039.400024,825.12,0.0,1.697027,0.0,144.168807
2026-03-14 00:00:00+00:00,6863.314941,0.0,0.0,0.0,173.08,1042.400024,502.3,0.0,1.45049,0.0,147.401962
2026-03-14 01:00:00+00:00,6519.567382,0.0,0.0,0.0,161.58,1045.599975,173.45,0.0,1.163412,0.0,151.639541
2026-03-14 02:00:00+00:00,6583.89746,0.0,0.0,0.0,273.75,1048.800048,157.68,0.0,0.879468,0.0,149.054351
2026-03-14 03:00:00+00:00,6937.542968,0.0,0.0,0.0,179.92,1052.199951,174.82,0.0,0.783887,0.0,131.75241
2026-03-14 04:00:00+00:00,6422.48291,0.0,0.0,0.0,268.48,1055.5,393.32,0.0,0.834394,0.0,94.689727
2026-03-14 05:00:00+00:00,6827.712402,0.0,0.0,0.0,512.45,1058.800048,976.6,0.0,1.829152,0.0,94.589897
2026-03-14 06:00:00+00:00,7599.68457,0.0,0.0,0.0,622.1,1062.099975,1002.8,0.0,37.326614,0.0,93.63552
2026-03-14 07:00:00+00:00,7452.000976,0.0,0.0,0.0,607.92,1065.300048,1181.55,0.0,108.408073,0.0,93.725753
2026-03-14 08:00:00+00:00,7753.46582,0.0,0.0,0.0,234.02,1068.300048,838.68,0.0,210.578521,0.0,86.886993
2026-03-14 09:00:00+00:00,7995.066406,0.0,0.0,0.0,261.45,1071.099975,505.12,0.0,320.052917,0.0,81.648979
2026-03-14 10:00:00+00:00,8188.639648,0.0,0.0,0.0,267.0,1073.800048,292.9,0.0,373.406341,0.0,51.8092
2026-03-14 11:00:00+00:00,8206.59375,0.0,0.0,0.0,136.5,1076.099975,308.88,0.0,489.078216,0.0,25.502985
2026-03-14 12:00:00+00:00,8190.245605,0.0,0.0,0.0,112.3,1078.199951,266.12,0.0,465.593566,0.0,24.419755
2026-03-14 13:00:00+00:00,7520.804199,0.0,0.0,0.0,181.85,1080.0,346.3,0.0,394.939483,0.0,23.958362
2026-03-14 14:00:00+00:00,8047.62207,0.0,0.0,0.0,187.58,1081.5,459.32,0.0,278.909942,0.0,24.504285
2026-03-14 15:00:00+00:00,8159.165527,0.0,0.0,0.0,467.12,1082.800048,728.2,0.0,165.461593,0.0,26.9775
2026-03-14 16:00:00+00:00,8154.932617,0.0,0.0,0.0,1376.68,1083.900024,1759.05,0.0,58.845802,0.0,27.153961
2026-03-14 17:00:00+00:00,7464.285156,0.0,0.0,0.0,2470.92,1084.800048,2344.25,0.0,2.83694,0.0,27.417465
2026-03-14 18:00:00+00:00,7620.419433,0.0,0.0,0.0,2509.75,1085.599975,2413.98,0.0,0.78545,0.0,26.074398
2026-03-14 19:00:00+00:00,7842.695312,0.0,0.0,0.0,1930.3,1086.199951,2059.22,0.0,0.47655,0.0,25.781455
2026-03-14 20:00:00+00:00,7170.846191,0.0,0.0,0.0,624.38,1086.699951,1306.98,0.0,0.178482,0.0,32.237262
2026-03-14 21:00:00+00:00,7033.142089,0.0,0.0,0.0,371.2,1087.099975,666.22,0.0,0.084373,0.0,25.806573
2026-03-14 22:00:00+00:00,6827.937011,0.0,0.0,0.0,466.8,1087.5,521.0,0.0,0.0,0.0,29.493906
2026-03-14 23:00:00+00:00,6830.66455,0.0,0.0,0.0,316.45,1082.900024,484.88,0.0,0.0,0.0,23.729475
2026-03-15 00:00:00+00:00,6528.236328,0.0,0.0,0.0,206.55,1078.099975,318.92,0.0,0.0,0.0,23.156118
2026-03-15 01:00:00+00:00,6400.036132,0.0,0.0,0.0,136.35,1073.400024,237.95,0.0,0.0,0.0,22.531276
2026-03-15 02:00:00+00:00,6206.92041,0.0,0.0,0.0,112.55,1068.900024,321.58,0.0,0.0,0.0,23.078569
2026-03-15 03:00:00+00:00,6215.83496,0.0,0.0,0.0,198.55,1064.599975,346.38,0.0,0.0,0.0,21.748466
2026-03-15 04:00:00+00:00,6198.020019,0.0,0.0,0.0,234.82,1060.5,317.55,0.0,0.0,0.0,18.673997
2026-03-15 05:00:00+00:00,6518.437988,0.0,0.0,0.0,266.22,1056.900024,439.3,0.0,2.003956,0.0,12.547008
2026-03-15 06:00:00+00:00,7262.302734,0.0,0.0,0.0,309.0,1053.699951,398.15,0.0,137.825714,0.0,12.551033
2026-03-15 07:00:00+00:00,7037.52539,0.0,0.0,0.0,175.02,1051.0,338.95,0.0,459.334106,0.0,12.87708
2026-03-15 08:00:00+00:00,7540.726074,0.0,0.0,0.0,199.58,1048.800048,357.52,0.0,876.997619,0.0,21.788457
2026-03-15 09:00:00+00:00,7529.434082,0.0,0.0,0.0,158.12,1047.400024,251.92,0.0,1165.343017,0.0,17.312358
2026-03-15 10:00:00+00:00,7517.966308,0.0,0.0,0.0,137.38,1046.699951,370.02,0.0,1254.459716,0.0,28.474285
2026-03-15 11:00:00+00:00,6884.296875,0.0,0.0,0.0,159.4,1046.800048,329.45,0.0,1270.179931,0.0,24.455327
2026-03-15 12:00:00+00:00,7303.514648,0.0,0.0,0.0,114.78,1047.800048,243.22,0.0,1139.541992,0.0,20.880758
2026-03-15 13:00:00+00:00,7403.427246,0.0,0.0,0.0,174.48,1049.599975,356.4,0.0,828.371582,0.0,22.174854
2026-03-15 14:00:00+00:00,7265.541015,0.0,0.0,0.0,322.48,1052.199951,382.2,0.0,542.742431,0.0,21.715229
2026-03-15 15:00:00+00:00,7191.372558,0.0,0.0,0.0,300.32,1055.5,584.5,0.0,274.565643,0.0,19.76054
2026-03-15 16:00:00+00:00,7393.504394,0.0,0.0,0.0,957.72,1059.5,992.3,0.0,89.830017,0.0,15.144493
2026-03-15 17:00:00+00:00,7254.779296,0.0,0.0,0.0,1794.75,1064.099975,1391.0,0.0,7.668745,0.0,10.695012
2026-03-15 18:00:00+00:00,7382.30371,0.0,0.0,0.0,1862.62,1069.400024,1533.95,0.0,2.496675,0.0,10.537747
2026-03-15 19:00:00+00:00,7445.543945,0.0,0.0,0.0,1316.85,1075.099975,1657.3,0.0,1.722473,0.0,10.81608
2026-03-15 20:00:00+00:00,7141.793457,0.0,0.0,0.0,803.1,1081.400024,1224.35,0.0,1.136721,0.0,10.247272
2026-03-15 21:00:00+00:00,7362.210937,0.0,0.0,0.0,662.38,1088.0,958.0,0.0,0.776452,0.0,8.098213
2026-03-15 22:00:00+00:00,6676.440429,0.0,0.0,0.0,180.65,1095.099975,428.82,0.0,0.594648,0.0,8.387679
2026-03-15 23:00:00+00:00,6640.432128,0.0,0.0,0.0,261.52,1073.400024,242.88,0.0,0.451679,0.0,15.799755
2026-03-16 00:00:00+00:00,7064.911621,0.0,0.0,0.0,201.55,1076.099975,137.25,0.0,0.29748,0.0,25.503225
2026-03-16 01:00:00+00:00,7368.311523,0.0,0.0,0.0,219.65,1079.099975,124.28,0.0,0.136126,0.0,49.167964
2026-03-16 02:00:00+00:00,7565.422363,0.0,0.0,0.0,239.1,1082.599975,125.72,0.0,0.080367,0.0,54.733806
2026-03-16 03:00:00+00:00,6839.87207,0.0,0.0,0.0,258.05,1086.300048,166.98,0.0,0.028285,0.0,95.231391
2026-03-16 04:00:00+00:00,7259.580078,0.0,0.0,0.0,514.88,1090.400024,515.32,0.0,0.166373,0.0,103.914405
2026-03-16 05:00:00+00:00,7714.860839,0.0,0.0,0.0,1216.32,1094.900024,1396.72,0.0,11.943369,0.0,106.328018
2026-03-16 06:00:00+00:00,8817.357421,0.0,0.0,0.0,2096.45,1099.599975,1822.55,0.0,236.568023,0.0,87.622726
2026-03-16 07:00:00+00:00,8754.738281,0.0,0.0,0.0,2053.82,1104.699951,1727.8,0.0,579.341857,0.0,75.364166
2026-03-16 08:00:00+00:00,8796.280273,0.0,0.0,0.0,863.08,1110.199951,1439.85,0.0,915.346313,0.0,52.713611
2026-03-16 09:00:00+00:00,8667.262695,0.0,0.0,0.0,390.58,1115.900024,811.2,0.0,1282.199218,0.0,48.166084
2026-03-16 10:00:00+00:00,8111.836425,0.0,0.0,0.0,422.55,1122.0,704.38,0.0,1402.350219,0.0,45.376842
2026-03-16 11:00:00+00:00,8062.390136,0.0,0.0,0.0,541.52,1128.400024,442.68,0.0,1468.967773,0.0,41.103523
2026-03-16 12:00:00+00:00,8180.221191,0.0,0.0,0.0,502.68,1135.099975,522.0,0.0,1311.893066,0.0,45.809669
2026-03-16 13:00:00+00:00,8186.046875,0.0,0.0,0.0,478.12,1142.099975,707.08,0.0,1119.221923,0.0,59.829059
2026-03-16 14:00:00+00:00,7971.691894,0.0,0.0,0.0,635.68,1149.400024,967.1,0.0,746.819335,0.0,84.090736
2026-03-16 15:00:00+00:00,7970.386718,0.0,0.0,0.0,1187.48,1156.800048,1346.28,0.0,309.397338,0.0,74.391502
2026-03-16 16:00:00+00:00,7989.084472,0.0,0.0,0.0,2169.15,1164.400024,1751.92,0.0,111.778793,0.0,41.731002
2026-03-16 17:00:00+00:00,7977.04541,0.0,0.0,0.0,3119.3,1172.099975,2304.95,0.0,12.80753,0.0,34.49905
2026-03-16 18:00:00+00:00,8094.743164,0.0,0.0,0.0,3731.35,1179.900024,2404.8,0.0,3.690074,0.0,32.430072
2026-03-16 19:00:00+00:00,8252.889648,0.0,0.0,0.0,2987.6,1187.800048,2152.95,0.0,2.489774,0.0,43.081184
2026-03-16 20:00:00+00:00,7235.651367,0.0,0.0,0.0,929.32,1195.599975,1270.4,0.0,1.705512,0.0,42.108242
2026-03-16 21:00:00+00:00,7767.165527,0.0,0.0,0.0,348.0,1203.400024,798.38,0.0,1.165593,0.0,36.482746
2026-03-16 22:00:00+00:00,7242.512695,0.0,0.0,0.0,195.35,1211.099975,465.38,0.0,0.838449,0.0,34.072734
2026-03-16 23:00:00+00:00,7250.908203,0.0,0.0,0.0,207.22,1154.199951,492.72,0.0,0.591691,0.0,28.560596
2026-03-17 00:00:00+00:00,6891.105957,0.0,0.0,0.0,250.32,1151.099975,173.82,0.0,0.411769,0.0,23.868713
2026-03-17 01:00:00+00:00,7775.283203,0.0,0.0,0.0,249.72,1148.0,198.0,0.0,0.241434,0.0,16.024351
2026-03-17 02:00:00+00:00,7771.396972,0.0,0.0,0.0,214.98,1145.0,153.95,0.0,0.167625,0.0,20.604736
2026-03-17 03:00:00+00:00,6948.922363,0.0,0.0,0.0,161.05,1142.199951,289.08,0.0,0.064504,0.0,18.379337
2026-03-17 04:00:00+00:00,7290.795898,0.0,0.0,0.0,248.18,1139.699951,744.45,0.0,0.148203,0.0,18.523368
2026-03-17 05:00:00+00:00,8745.220703,0.0,0.0,0.0,1108.68,1137.400024,1754.15,0.0,8.13975,0.0,19.765554
2026-03-17 06:00:00+00:00,8881.436523,0.0,0.0,0.0,2741.7,1135.5,2240.78,0.0,253.406158,0.0,24.410621
2026-03-17 07:00:00+00:00,8946.327148,0.0,0.0,0.0,1667.1,1134.0,2125.78,0.0,881.641784,0.0,31.083986
2026-03-17 08:00:00+00:00,8241.476562,0.0,0.0,0.0,711.32,1132.900024,1448.9,0.0,1648.918945,0.0,21.768932
2026-03-17 09:00:00+00:00,8336.320312,0.0,0.0,0.0,442.0,1132.400024,710.4,0.0,2354.899658,0.0,19.365179
2026-03-17 10:00:00+00:00,8247.037109,0.0,0.0,0.0,528.8,1132.5,476.5,0.0,2804.185302,0.0,17.444252
2026-03-17 11:00:00+00:00,7839.612304,0.0,0.0,0.0,281.32,1133.300048,398.28,0.0,2935.128173,0.0,16.72628
2026-03-17 12:00:00+00:00,7626.663085,0.0,0.0,0.0,256.7,1134.699951,362.42,0.0,2874.014892,0.0,23.072641
2026-03-17 13:00:00+00:00,8153.410156,0.0,0.0,0.0,528.22,1136.800048,392.0,0.0,2515.561523,0.0,31.46788
2026-03-17 14:00:00+00:00,8381.358398,0.0,0.0,0.0,328.55,1139.599975,548.3,0.0,1835.555541,0.0,42.26902
2026-03-17 15:00:00+00:00,8448.614257,0.0,0.0,0.0,369.52,1142.800048,1119.15,0.0,1099.940551,0.0,43.787292
2026-03-17 16:00:00+00:00,8146.92871,0.0,0.0,0.0,1837.62,1146.599975,1949.68,0.0,393.379455,0.0,54.922542
2026-03-17 17:00:00+00:00,8285.488281,0.0,0.0,0.0,2728.18,1150.800048,2406.82,0.0,40.320053,0.0,59.446571
2026-03-17 18:00:00+00:00,7929.157714,0.0,0.0,0.0,2244.98,1155.400024,2156.9,0.0,6.068746,0.0,65.87944
2026-03-17 19:00:00+00:00,8505.163085,0.0,0.0,0.0,1002.72,1160.300048,1701.0,0.0,4.776299,0.0,72.861358
2026-03-17 20:00:00+00:00,8075.003906,0.0,0.0,0.0,645.08,1165.5,1286.02,0.0,3.548744,0.0,58.246974
2026-03-17 21:00:00+00:00,8166.409179,0.0,0.0,0.0,388.52,1171.0,892.48,0.0,2.622939,0.0,54.934097
2026-03-17 22:00:00+00:00,7677.087402,0.0,0.0,0.0,215.95,1176.5,440.85,0.0,2.041434,0.0,71.055564
2026-03-17 23:00:00+00:00,6730.876464,0.0,0.0,0.0,356.18,1124.400024,155.62,0.0,1.780252,0.0,75.449417
2026-03-18 00:00:00+00:00,6627.589355,0.0,0.0,0.0,190.25,1120.0,142.82,0.0,1.462317,0.0,87.02732
2026-03-18 01:00:00+00:00,6696.36914,0.0,0.0,0.0,162.15,1115.900024,197.18,0.0,1.230114,0.0,111.378242
2026-03-18 02:00:00+00:00,7316.32666,0.0,0.0,0.0,148.32,1112.0,235.1,0.0,0.946147,0.0,106.746261
2026-03-18 03:00:00+00:00,6612.29541,0.0,0.0,0.0,181.92,1108.5,300.68,0.0,0.836768,0.0,104.461486
2026-03-18 04:00:00+00:00,7715.142089,0.0,0.0,0.0,371.4,1105.300048,650.12,0.0,0.988328,0.0,101.310379
2026-03-18 05:00:00+00:00,8119.10498,0.0,0.0,0.0,805.72,1102.5,1384.75,0.0,11.855524,0.0,112.482925
2026-03-18 06:00:00+00:00,9329.140625,0.0,0.0,0.0,1609.22,1100.099975,1765.08,0.0,275.654449,0.0,114.19831
2026-03-18 07:00:00+00:00,9174.347656,0.0,0.0,0.0,1203.05,1098.199951,1586.62,0.0,936.90802,0.0,110.828781
2026-03-18 08:00:00+00:00,8911.751953,0.0,0.0,0.0,567.28,1096.800048,1094.25,0.0,1746.982543,0.0,108.961036
2026-03-18 09:00:00+00:00,8840.838867,0.0,0.0,0.0,277.05,1096.0,751.5,0.0,2468.183349,0.0,106.964096
2026-03-18 10:00:00+00:00,8791.648437,0.0,0.0,0.0,198.58,1095.800048,480.9,0.0,2959.644775,0.0,98.907661
2026-03-18 11:00:00+00:00,8378.1875,0.0,0.0,0.0,205.45,1096.199951,320.7,0.0,3170.351562,0.0,92.581314
2026-03-18 12:00:00+00:00,8184.828125,0.0,0.0,0.0,147.4,1097.400024,282.5,0.0,3105.127929,0.0,93.50518
2026-03-18 13:00:00+00:00,8323.538085,0.0,0.0,0.0,224.2,1099.099975,475.8,0.0,2763.681152,0.0,73.821876
2026-03-18 14:00:00+00:00,8400.129882,0.0,0.0,0.0,410.35,1101.400024,599.18,0.0,2107.186523,0.0,73.093124
2026-03-18 15:00:00+00:00,8384.232421,0.0,0.0,0.0,552.98,1104.300048,1132.72,0.0,1255.202514,0.0,63.131931
2026-03-18 16:00:00+00:00,8392.64746,0.0,0.0,0.0,1307.42,1107.699951,1664.78,0.0,440.211273,0.0,56.91455
2026-03-18 17:00:00+00:00,8189.179199,0.0,0.0,0.0,2196.18,1111.599975,2009.65,0.0,43.470718,0.0,61.482383
2026-03-18 18:00:00+00:00,8361.101562,0.0,0.0,0.0,2703.0,1115.800048,2115.68,0.0,6.494848,0.0,71.702758
2026-03-18 19:00:00+00:00,8204.540039,0.0,0.0,0.0,1151.5,1120.400024,1591.62,0.0,5.188194,0.0,76.821586
2026-03-18 20:00:00+00:00,7298.657226,0.0,0.0,0.0,1030.8,1125.400024,1459.3,0.0,3.904064,0.0,74.482788
2026-03-18 21:00:00+00:00,7334.524414,0.0,0.0,0.0,768.42,1130.599975,1274.28,0.0,2.903688,0.0,62.561096
2026-03-18 22:00:00+00:00,7596.318359,0.0,0.0,0.0,586.3,1136.0,920.88,0.0,2.257663,0.0,50.940818
2026-03-18 23:00:00+00:00,6670.975585,0.0,0.0,0.0,367.9,1079.699951,515.82,0.0,1.750969,0.0,49.571117
2026-03-19 00:00:00+00:00,6560.323242,0.0,0.0,0.0,139.35,1076.199951,367.88,0.0,1.381121,0.0,58.290802
2026-03-19 01:00:00+00:00,6639.439453,0.0,0.0,0.0,122.0,1072.900024,301.1,0.0,1.208364,0.0,40.50526
2026-03-19 02:00:00+00:00,6559.742675,0.0,0.0,0.0,105.62,1070.0,310.25,0.0,1.011596,0.0,25.098794
2026-03-19 03:00:00+00:00,6652.542968,0.0,0.0,0.0,122.2,1067.599975,304.02,0.0,0.80938,0.0,7.805188
2026-03-19 04:00:00+00:00,7425.888671,0.0,0.0,0.0,400.82,1065.5,892.8,0.0,1.000013,0.0,4.662314
2026-03-19 05:00:00+00:00,7385.904296,0.0,0.0,0.0,2596.95,1064.0,1985.75,0.0,16.09394,0.0,3.158263
2026-03-19 06:00:00+00:00,8637.232421,0.0,0.0,0.0,2295.95,1063.0,1871.8,0.0,299.177581,0.0,0.512412
2026-03-19 07:00:00+00:00,8839.396484,0.0,0.0,0.0,1181.8,1062.5,1418.9,0.0,996.875305,0.0,0.0
2026-03-19 08:00:00+00:00,8649.749023,0.0,0.0,0.0,260.58,1062.699951,594.95,0.0,1835.015136,0.0,0.03205
2026-03-19 09:00:00+00:00,8271.242187,0.0,0.0,0.0,141.32,1063.599975,358.12,0.0,2548.099853,0.0,1.322066
2026-03-19 10:00:00+00:00,8390.669921,0.0,0.0,0.0,78.82,1065.099975,247.75,0.0,3008.246582,0.0,3.523202
2026-03-19 11:00:00+00:00,7542.973632,0.0,0.0,0.0,67.35,1067.400024,168.88,0.0,3191.582519,0.0,10.654028
2026-03-19 12:00:00+00:00,7731.898437,0.0,0.0,0.0,46.3,1070.5,134.88,0.0,3113.305419,0.0,12.678032
2026-03-19 13:00:00+00:00,7880.632324,0.0,0.0,0.0,76.35,1074.300048,159.1,0.0,2743.162597,0.0,23.887302
2026-03-19 14:00:00+00:00,7898.175781,0.0,0.0,0.0,229.6,1078.800048,231.58,0.0,2107.388183,0.0,29.829113
2026-03-19 15:00:00+00:00,7867.861816,0.0,0.0,0.0,485.0,1083.800048,644.78,0.0,1271.120483,0.0,29.45239
2026-03-19 16:00:00+00:00,8104.932128,0.0,0.0,0.0,2594.45,1089.400024,1831.68,0.0,459.027832,0.0,34.230346
2026-03-19 17:00:00+00:00,8143.212402,0.0,0.0,0.0,3484.62,1095.5,2411.25,0.0,47.273189,0.0,43.81781
2026-03-19 18:00:00+00:00,8037.133789,0.0,0.0,0.0,3113.85,1101.900024,2441.7,0.0,6.320708,0.0,49.142803
2026-03-19 19:00:00+00:00,8060.65039,0.0,0.0,0.0,2918.35,1108.699951,2371.52,0.0,5.227828,0.0,33.309852
2026-03-19 20:00:00+00:00,7502.366699,0.0,0.0,0.0,1838.62,1115.699951,1787.0,0.0,4.077354,0.0,48.523483
2026-03-19 21:00:00+00:00,7878.845703,0.0,0.0,0.0,748.45,1122.900024,1058.85,0.0,2.988178,0.0,57.50597
2026-03-19 22:00:00+00:00,7189.587402,0.0,0.0,0.0,452.08,1130.199951,615.65,0.0,2.224833,0.0,50.264389
2026-03-19 23:00:00+00:00,6805.709472,0.0,0.0,0.0,460.88,1082.900024,790.42,0.0,1.931467,0.0,60.729881
2026-03-20 00:00:00+00:00,6652.544921,0.0,0.0,0.0,315.9,1078.699951,589.38,0.0,1.532996,0.0,66.68798
2026-03-20 01:00:00+00:00,6590.51416,0.0,0.0,0.0,331.4,1074.699951,492.95,0.0,1.290441,0.0,56.253662
2026-03-20 02:00:00+00:00,6627.388671,0.0,0.0,0.0,301.18,1071.0,411.88,0.0,1.091602,0.0,41.687541
2026-03-20 03:00:00+00:00,6755.518066,0.0,0.0,0.0,325.28,1067.400024,644.0,0.0,0.901612,0.0,37.333522
2026-03-20 04:00:00+00:00,6919.96582,0.0,0.0,0.0,821.6,1064.199951,1295.62,0.0,1.018167,0.0,46.526176
2026-03-20 05:00:00+00:00,7548.886718,0.0,0.0,0.0,2180.75,1061.300048,1990.25,0.0,20.343694,0.0,50.840087
2026-03-20 06:00:00+00:00,8816.625976,0.0,0.0,0.0,2153.12,1058.800048,1873.75,0.0,342.957458,0.0,41.954524
2026-03-20 07:00:00+00:00,8793.884765,0.0,0.0,0.0,859.45,1056.800048,1324.3,0.0,1077.981811,0.0,27.71754
2026-03-20 08:00:00+00:00,8051.660644,0.0,0.0,0.0,502.68,1055.199951,1033.2,0.0,1894.033325,0.0,12.459305
2026-03-20 09:00:00+00:00,8130.296875,0.0,0.0,0.0,421.32,1054.099975,367.78,0.0,2593.760253,0.0,10.973849
2026-03-20 10:00:00+00:00,8189.678222,0.0,0.0,0.0,125.2,1053.599975,171.08,0.0,3062.565673,0.0,11.346536
2026-03-20 11:00:00+00:00,7942.939941,0.0,0.0,0.0,71.98,1053.699951,131.65,0.0,3256.389404,0.0,19.7282
2026-03-20 12:00:00+00:00,7951.296386,0.0,0.0,0.0,62.32,1054.5,273.92,0.0,3167.51416,0.0,25.913892
2026-03-20 13:00:00+00:00,8114.172851,0.0,0.0,0.0,93.88,1055.900024,277.5,0.0,2792.940429,0.0,24.265398
2026-03-20 14:00:00+00:00,7852.265625,0.0,0.0,0.0,161.88,1057.800048,416.4,0.0,2129.587402,0.0,24.492193
2026-03-20 15:00:00+00:00,7534.130371,0.0,0.0,0.0,359.28,1060.099975,1057.88,0.0,1275.04956,0.0,22.679595
2026-03-20 16:00:00+00:00,7875.837402,0.0,0.0,0.0,1522.05,1063.0,1780.15,0.0,469.177124,0.0,22.358129
2026-03-20 17:00:00+00:00,7996.506835,0.0,0.0,0.0,2913.55,1066.099975,2395.75,0.0,49.465782,0.0,24.179059
2026-03-20 18:00:00+00:00,7902.082519,0.0,0.0,0.0,3078.38,1069.599975,2314.98,0.0,6.313038,0.0,29.145393
2026-03-20 19:00:00+00:00,7878.600585,0.0,0.0,0.0,1434.2,1073.300048,1783.28,0.0,5.201912,0.0,36.075031
2026-03-20 20:00:00+00:00,7717.757324,0.0,0.0,0.0,778.22,1077.300048,1608.82,0.0,4.126907,0.0,38.114723
2026-03-20 21:00:00+00:00,7284.610839,0.0,0.0,0.0,485.18,1081.300048,1397.0,0.0,3.130693,0.0,36.044425
2026-03-20 22:00:00+00:00,7330.682617,0.0,0.0,0.0,651.95,1085.400024,1421.48,0.0,2.372905,0.0,45.015617
2026-03-20 23:00:00+00:00,6967.913085,0.0,0.0,0.0,153.55,1019.700012,732.0,0.0,1.862787,0.0,54.243377
2026-03-21 00:00:00+00:00,6426.237792,0.0,0.0,0.0,120.08,1013.299987,678.9,0.0,1.521927,0.0,42.532489
2026-03-21 01:00:00+00:00,7100.548828,0.0,0.0,0.0,101.92,1007.099975,471.98,0.0,1.295178,0.0,28.857583
2026-03-21 02:00:00+00:00,6683.565917,0.0,0.0,0.0,83.88,1001.200012,380.18,0.0,1.039866,0.0,27.996286
2026-03-21 03:00:00+00:00,6651.723632,0.0,0.0,0.0,105.68,995.400024,444.55,0.0,0.803604,0.0,32.58662
2026-03-21 04:00:00+00:00,7043.109375,0.0,0.0,0.0,185.6,990.0,661.62,0.0,0.884587,0.0,32.75951
2026-03-21 05:00:00+00:00,6758.782714,0.0,0.0,0.0,185.18,984.900024,733.0,0.0,16.781427,0.0,25.940986
2026-03-21 06:00:00+00:00,6866.412597,0.0,0.0,0.0,179.12,980.099975,595.0,0.0,284.538818,0.0,19.086471
2026-03-21 07:00:00+00:00,6885.965332,0.0,0.0,0.0,148.72,975.799987,331.62,0.0,918.329162,0.0,14.883941
2026-03-21 08:00:00+00:00,7270.814941,0.0,0.0,0.0,48.8,972.0,273.12,0.0,1706.394775,0.0,6.552061
2026-03-21 09:00:00+00:00,7822.243652,0.0,0.0,0.0,61.6,968.599975,195.8,0.0,2254.056396,0.0,3.38817
2026-03-21 10:00:00+00:00,7212.270019,0.0,0.0,0.0,139.0,965.799987,129.55,0.0,2601.947753,0.0,6.262071
2026-03-21 11:00:00+00:00,7289.339843,0.0,0.0,0.0,51.2,963.599975,128.38,0.0,2764.642822,0.0,16.22915
2026-03-21 12:00:00+00:00,7116.353027,0.0,0.0,0.0,45.55,962.0,112.4,0.0,2647.055908,0.0,23.004062
2026-03-21 13:00:00+00:00,7120.11621,0.0,0.0,0.0,125.02,961.0,149.82,0.0,2200.442626,0.0,16.738256
2026-03-21 14:00:00+00:00,7001.805664,0.0,0.0,0.0,153.62,960.599975,240.18,0.0,1467.084716,0.0,18.265939
2026-03-21 15:00:00+00:00,7081.097167,0.0,0.0,0.0,196.8,960.700012,676.88,0.0,765.672729,0.0,18.693435
2026-03-21 16:00:00+00:00,6997.125,0.0,0.0,0.0,533.25,961.299987,1385.25,0.0,273.368957,0.0,15.546608
2026-03-21 17:00:00+00:00,7287.69873,0.0,0.0,0.0,1948.68,962.400024,2218.45,0.0,29.38952,0.0,16.474445
2026-03-21 18:00:00+00:00,7233.279785,0.0,0.0,0.0,689.15,964.0,1618.65,0.0,5.740469,0.0,13.841506
2026-03-21 19:00:00+00:00,7308.046386,0.0,0.0,0.0,604.55,966.0,1385.7,0.0,4.511009,0.0,9.827266
2026-03-21 20:00:00+00:00,7714.89746,0.0,0.0,0.0,588.92,968.299987,1310.82,0.0,3.477796,0.0,10.356705
2026-03-21 21:00:00+00:00,6811.845703,0.0,0.0,0.0,492.22,971.0,1106.22,0.0,2.701452,0.0,14.920563
2026-03-21 22:00:00+00:00,7132.332031,0.0,0.0,0.0,317.68,974.099975,679.38,0.0,2.207325,0.0,31.930654
2026-03-21 23:00:00+00:00,6663.725585,0.0,0.0,0.0,208.72,924.799987,595.58,0.0,1.79563,0.0,35.886978
2026-03-22 00:00:00+00:00,6270.887207,0.0,0.0,0.0,212.08,920.400024,402.58,0.0,1.527566,0.0,35.36874
2026-03-22 01:00:00+00:00,6371.243652,0.0,0.0,0.0,215.3,916.400024,304.45,0.0,1.316665,0.0,35.407764
2026-03-22 02:00:00+00:00,6653.378906,0.0,0.0,0.0,118.98,913.0,349.62,0.0,1.07804,0.0,43.381164
2026-03-22 03:00:00+00:00,7040.453613,0.0,0.0,0.0,115.82,910.0,303.62,0.0,0.89678,0.0,35.020271
2026-03-22 04:00:00+00:00,7177.335449,0.0,0.0,0.0,111.4,907.700012,391.62,0.0,1.067978,0.0,35.222652
2026-03-22 05:00:00+00:00,6824.589355,0.0,0.0,0.0,125.0,905.900024,417.35,0.0,15.7032,0.0,33.471374
2026-03-22 06:00:00+00:00,6311.370605,0.0,0.0,0.0,78.58,904.900024,294.02,0.0,171.203079,0.0,34.880397
2026-03-22 07:00:00+00:00,6867.072753,0.0,0.0,0.0,168.0,904.5,369.62,0.0,502.052246,0.0,31.212762
2026-03-22 08:00:00+00:00,7460.05664,0.0,0.0,0.0,177.78,905.0,367.02,0.0,975.295471,0.0,38.582736
2026-03-22 09:00:00+00:00,6972.148437,0.0,0.0,0.0,99.88,906.200012,221.72,0.0,1553.070556,0.0,32.837509
2026-03-22 10:00:00+00:00,6863.601562,0.0,0.0,0.0,23.75,908.299987,123.2,0.0,2289.915283,0.0,33.178718
2026-03-22 11:00:00+00:00,6712.193359,0.0,0.0,0.0,23.22,911.400024,128.45,0.0,2742.44458,0.0,18.647821
2026-03-22 12:00:00+00:00,6641.53955,0.0,0.0,0.0,54.7,915.299987,119.42,0.0,2758.849609,0.0,16.401487
2026-03-22 13:00:00+00:00,7102.61621,0.0,0.0,0.0,43.6,920.200012,125.92,0.0,2453.11206,0.0,17.865163
2026-03-22 14:00:00+00:00,7080.336425,0.0,0.0,0.0,118.68,925.799987,176.32,0.0,1874.205566,0.0,20.87169
2026-03-22 15:00:00+00:00,6613.942871,0.0,0.0,0.0,83.78,932.200012,244.58,0.0,1117.046875,0.0,20.08344
2026-03-22 16:00:00+00:00,7436.705078,0.0,0.0,0.0,333.38,939.299987,865.05,0.0,441.42691,0.0,19.099538
2026-03-22 17:00:00+00:00,6934.597167,0.0,0.0,0.0,1138.1,947.0,1657.15,0.0,56.440349,0.0,19.929437
2026-03-22 18:00:00+00:00,7274.361328,0.0,0.0,0.0,1124.42,955.200012,1829.55,0.0,5.816601,0.0,17.918329
2026-03-22 19:00:00+00:00,7455.645996,0.0,0.0,0.0,334.3,963.799987,1144.1,0.0,4.882489,0.0,12.870713
2026-03-22 20:00:00+00:00,6717.726562,0.0,0.0,0.0,271.88,972.799987,1019.2,0.0,3.706049,0.0,11.114632
2026-03-22 21:00:00+00:00,6707.108886,0.0,0.0,0.0,223.82,982.200012,808.55,0.0,2.746919,0.0,7.478476
2026-03-22 22:00:00+00:00,6994.103027,0.0,0.0,0.0,197.72,991.799987,534.0,0.0,2.123081,0.0,5.217419
2026-03-22 23:00:00+00:00,6547.129394,0.0,0.0,0.0,217.58,977.700012,545.78,0.0,1.819591,0.0,3.056799
2026-03-23 00:00:00+00:00,7094.558593,0.0,0.0,0.0,116.05,982.400024,430.85,0.0,1.513689,0.0,3.23832
2026-03-23 01:00:00+00:00,7186.316894,0.0,0.0,0.0,256.25,987.200012,288.3,0.0,1.445171,0.0,2.008419
2026-03-23 02:00:00+00:00,7367.382324,0.0,0.0,0.0,349.0,992.099975,441.52,0.0,1.21812,0.0,1.054394
2026-03-23 03:00:00+00:00,6874.645996,0.0,0.0,0.0,645.32,997.099975,805.78,0.0,1.002334,0.0,4.513614
2026-03-23 04:00:00+00:00,6945.062988,0.0,0.0,0.0,1149.68,1002.099975,1274.22,0.0,1.18049,0.0,6.251789
2026-03-23 05:00:00+00:00,7553.41748,0.0,0.0,0.0,3019.12,1007.200012,2358.42,0.0,19.364137,0.0,10.386558
2026-03-23 06:00:00+00:00,8699.59082,0.0,0.0,0.0,3113.38,1012.299987,2275.95,0.0,252.339843,0.0,19.012218
2026-03-23 07:00:00+00:00,8796.955078,0.0,0.0,0.0,1831.32,1017.400024,1609.32,0.0,714.570068,0.0,18.993875
2026-03-23 08:00:00+00:00,8737.039062,0.0,0.0,0.0,579.55,1022.400024,610.48,0.0,1290.374755,0.0,9.945945
2026-03-23 09:00:00+00:00,8198.09082,0.0,0.0,0.0,494.15,1027.400024,816.05,0.0,2002.352416,0.0,19.323661
2026-03-23 10:00:00+00:00,7874.567382,0.0,0.0,0.0,193.2,1032.300048,468.5,0.0,2411.320068,0.0,22.085617
2026-03-23 11:00:00+00:00,8076.803222,0.0,0.0,0.0,182.18,1037.099975,778.32,0.0,2252.878173,0.0,14.362342
2026-03-23 12:00:00+00:00,8779.347656,0.0,0.0,0.0,535.6,1041.800048,476.65,0.0,1977.941772,0.0,26.817684
2026-03-23 13:00:00+00:00,8332.694335,0.0,0.0,0.0,646.32,1046.400024,801.3,0.0,1485.5802,0.0,36.704277
2026-03-23 14:00:00+00:00,8146.711425,0.0,0.0,0.0,1678.62,1050.800048,720.12,0.0,994.594665,0.0,28.194992
2026-03-23 15:00:00+00:00,8164.22998,0.0,0.0,0.0,2025.85,1055.0,1399.25,0.0,695.352966,0.0,33.983531
2026-03-23 16:00:00+00:00,8061.71582,0.0,0.0,0.0,2998.45,1059.199951,2011.98,0.0,298.605255,0.0,28.581598
2026-03-23 17:00:00+00:00,7810.139648,0.0,0.0,0.0,3457.2,1063.099975,2418.65,0.0,41.574604,0.0,30.656719
2026-03-23 18:00:00+00:00,8311.874023,0.0,0.0,0.0,3463.95,1066.900024,2516.45,0.0,5.243315,0.0,23.304409
2026-03-23 19:00:00+00:00,7680.255371,0.0,0.0,0.0,3210.92,1070.400024,2389.25,0.0,4.040878,0.0,18.012458
2026-03-23 20:00:00+00:00,7866.089843,0.0,0.0,0.0,2762.82,1073.800048,1839.98,0.0,3.128348,0.0,9.865933
2026-03-23 21:00:00+00:00,7467.574707,0.0,0.0,0.0,952.18,1077.0,1159.88,0.0,2.197518,0.0,8.070242
2026-03-23 22:00:00+00:00,7340.08496,0.0,0.0,0.0,693.68,1080.0,847.58,0.0,1.737939,0.0,4.068298
2026-03-23 23:00:00+00:00,6932.042968,0.0,0.0,0.0,514.85,1024.300048,667.85,0.0,1.385164,0.0,1.695977
2026-03-24 00:00:00+00:00,7222.572265,0.0,0.0,0.0,326.22,1016.5,476.92,0.0,1.12987,0.0,1.943427
2026-03-24 01:00:00+00:00,7494.84082,0.0,0.0,0.0,169.72,1008.799987,384.7,0.0,0.899505,0.0,6.81899
2026-03-24 02:00:00+00:00,7766.44873,0.0,0.0,0.0,73.22,1001.099975,421.95,0.0,0.73132,0.0,5.385877
2026-03-24 03:00:00+00:00,7771.45996,0.0,0.0,0.0,173.05,993.700012,396.68,0.0,0.579335,0.0,5.430434
2026-03-24 04:00:00+00:00,7353.735351,0.0,0.0,0.0,298.55,986.5,712.32,0.0,0.76294,0.0,6.333234
2026-03-24 05:00:00+00:00,7781.685058,0.0,0.0,0.0,783.5,979.599975,1273.28,0.0,37.292705,0.0,8.840748
2026-03-24 06:00:00+00:00,8688.155273,0.0,0.0,0.0,595.0,973.299987,881.3,0.0,410.234161,0.0,9.669365
2026-03-24 07:00:00+00:00,8497.443359,0.0,0.0,0.0,555.38,967.400024,825.9,0.0,1092.986083,0.0,6.873225
2026-03-24 08:00:00+00:00,8390.207031,0.0,0.0,0.0,193.9,962.299987,567.7,0.0,1848.090454,0.0,2.145793
2026-03-24 09:00:00+00:00,8129.1875,0.0,0.0,0.0,77.15,957.799987,292.32,0.0,2576.489013,0.0,1.296758
2026-03-24 10:00:00+00:00,7829.784179,0.0,0.0,0.0,53.6,954.200012,264.5,0.0,3032.146728,0.0,2.193916
2026-03-24 11:00:00+00:00,8323.101562,0.0,0.0,0.0,72.48,951.5,355.98,0.0,3190.964599,0.0,1.873055
2026-03-24 12:00:00+00:00,8831.986328,0.0,0.0,0.0,94.15,949.799987,290.62,0.0,3064.950195,0.0,6.422698
2026-03-24 13:00:00+00:00,8158.740722,0.0,0.0,0.0,95.38,949.0,296.55,0.0,2730.854736,0.0,15.209484
2026-03-24 14:00:00+00:00,8400.784179,0.0,0.0,0.0,141.5,949.099975,376.4,0.0,2152.539062,0.0,19.141572
2026-03-24 15:00:00+00:00,8436.33789,0.0,0.0,0.0,387.58,950.099975,878.62,0.0,1225.855957,0.0,17.498769
2026-03-24 16:00:00+00:00,8338.523437,0.0,0.0,0.0,1296.55,951.900024,1901.02,0.0,480.640869,0.0,13.020171
2026-03-24 17:00:00+00:00,8254.53125,0.0,0.0,0.0,1967.85,954.400024,2156.42,0.0,75.723548,0.0,14.828171
2026-03-24 18:00:00+00:00,8347.797851,0.0,0.0,0.0,1582.3,957.599975,2048.18,0.0,6.379973,0.0,14.367684
2026-03-24 19:00:00+00:00,7757.183593,0.0,0.0,0.0,842.88,961.5,1857.05,0.0,5.212562,0.0,19.048589
2026-03-24 20:00:00+00:00,8035.785156,0.0,0.0,0.0,605.02,966.0,1388.4,0.0,4.094948,0.0,56.809181
2026-03-24 21:00:00+00:00,7748.246582,0.0,0.0,0.0,609.05,971.099975,1271.78,0.0,3.051661,0.0,74.72512
2026-03-24 22:00:00+00:00,6984.284179,0.0,0.0,0.0,380.55,976.599975,722.25,0.0,2.240341,0.0,69.816253
2026-03-24 23:00:00+00:00,7020.232421,0.0,0.0,0.0,270.62,988.0,865.8,0.0,1.913071,0.0,96.702194
2026-03-25 00:00:00+00:00,6501.718261,0.0,0.0,0.0,156.02,990.200012,833.4,0.0,1.580765,0.0,118.27275
2026-03-25 01:00:00+00:00,6577.523437,0.0,0.0,0.0,252.42,992.700012,955.95,0.0,1.369297,0.0,111.868492
2026-03-25 02:00:00+00:00,6532.329589,0.0,0.0,0.0,265.38,995.700012,736.68,0.0,1.129108,0.0,123.570373
2026-03-25 03:00:00+00:00,6846.302734,0.0,0.0,0.0,222.15,999.0,1070.82,0.0,0.954629,0.0,130.021087
2026-03-25 04:00:00+00:00,6410.546386,0.0,0.0,0.0,414.62,1002.599975,1421.15,0.0,1.153015,0.0,129.547668
2026-03-25 05:00:00+00:00,7402.02832,0.0,0.0,0.0,1385.6,1006.5,1898.0,0.0,37.545829,0.0,127.409484
2026-03-25 06:00:00+00:00,8467.291015,0.0,0.0,0.0,841.12,1010.799987,1776.4,0.0,430.629394,0.0,135.067718
2026-03-25 07:00:00+00:00,8795.58496,0.0,0.0,0.0,441.15,1015.400024,1331.55,0.0,1108.76477,0.0,139.252914
2026-03-25 08:00:00+00:00,8288.589843,0.0,0.0,0.0,171.02,1020.299987,660.48,0.0,1712.351684,0.0,139.43962
2026-03-25 09:00:00+00:00,8350.047851,0.0,0.0,0.0,109.5,1025.5,366.98,0.0,1761.36499,0.0,135.479187
2026-03-25 10:00:00+00:00,8394.801757,0.0,0.0,0.0,31.32,1031.0,385.62,0.0,1652.953613,0.0,143.912963
2026-03-25 11:00:00+00:00,8143.749023,0.0,0.0,0.0,48.38,1036.699951,255.62,0.0,1584.467895,0.0,139.10501
2026-03-25 12:00:00+00:00,8115.500488,0.0,0.0,0.0,174.0,1042.699951,667.35,0.0,1103.870361,0.0,133.381774
2026-03-25 13:00:00+00:00,8389.6875,0.0,0.0,0.0,409.88,1048.900024,534.25,0.0,740.311035,0.0,145.200317
2026-03-25 14:00:00+00:00,8166.427246,0.0,0.0,0.0,771.78,1055.199951,840.58,0.0,674.732055,0.0,140.940109
2026-03-25 15:00:00+00:00,8275.30664,0.0,0.0,0.0,869.48,1061.699951,1259.48,0.0,485.517486,0.0,146.957366
2026-03-25 16:00:00+00:00,8383.21289,0.0,0.0,0.0,2066.98,1068.199951,2266.62,0.0,196.199996,0.0,180.568435
2026-03-25 17:00:00+00:00,8280.916992,0.0,0.0,0.0,2966.42,1074.800048,2677.7,0.0,32.785869,0.0,187.20346
2026-03-25 18:00:00+00:00,8733.518554,0.0,0.0,0.0,2811.42,1081.300048,2669.58,0.0,4.067874,0.0,181.791946
2026-03-25 19:00:00+00:00,8744.956054,0.0,0.0,0.0,1850.88,1087.800048,2258.0,0.0,2.998901,0.0,172.464538
2026-03-25 20:00:00+00:00,8108.769531,0.0,0.0,0.0,970.55,1094.099975,1587.12,0.0,2.162279,0.0,183.070709
2026-03-25 21:00:00+00:00,7798.846191,0.0,0.0,0.0,517.92,1100.300048,1276.12,0.0,1.536956,0.0,184.361648
2026-03-25 22:00:00+00:00,7663.953613,0.0,0.0,0.0,322.08,1106.300048,817.55,0.0,1.230336,0.0,182.245544
2026-03-25 23:00:00+00:00,7166.93164,0.0,0.0,0.0,148.78,1131.800048,601.62,0.0,0.929437,0.0,198.643478
2026-03-26 00:00:00+00:00,6936.95166,0.0,0.0,0.0,115.35,1134.5,365.1,0.0,0.62344,0.0,185.055236
2026-03-26 01:00:00+00:00,7300.875976,0.0,0.0,0.0,114.52,1136.800048,416.8,0.0,0.413493,0.0,176.307296
2026-03-26 02:00:00+00:00,7438.331542,0.0,0.0,0.0,87.75,1138.800048,345.5,0.0,0.349739,0.0,160.386688
2026-03-26 03:00:00+00:00,7043.735839,0.0,0.0,0.0,143.02,1140.300048,369.32,0.0,0.275107,0.0,147.498138
2026-03-26 04:00:00+00:00,7149.635742,0.0,0.0,0.0,269.4,1141.400024,410.45,0.0,0.405052,0.0,136.451492
2026-03-26 05:00:00+00:00,7644.882812,0.0,0.0,0.0,873.88,1142.0,1360.45,0.0,6.378333,0.0,117.79898
2026-03-26 06:00:00+00:00,8677.9375,0.0,0.0,0.0,1595.92,1142.099975,2037.92,0.0,81.381706,0.0,114.946823
2026-03-26 07:00:00+00:00,8727.128906,0.0,0.0,0.0,1866.7,1141.800048,1986.68,0.0,200.704833,0.0,97.576942
2026-03-26 08:00:00+00:00,8711.451171,0.0,0.0,0.0,1389.38,1140.900024,1810.85,0.0,362.963897,0.0,93.832763
2026-03-26 09:00:00+00:00,8665.140625,0.0,0.0,0.0,833.32,1139.5,1499.62,0.0,603.185485,0.0,90.279724
2026-03-26 10:00:00+00:00,8760.398437,0.0,0.0,0.0,740.3,1137.5,1524.68,0.0,783.732482,0.0,84.787994
2026-03-26 11:00:00+00:00,8293.421875,0.0,0.0,0.0,1006.18,1134.900024,930.65,0.0,1016.986022,0.0,82.752517
2026-03-26 12:00:00+00:00,8561.125976,0.0,0.0,0.0,586.62,1131.699951,1199.02,0.0,1166.483154,0.0,90.529945
2026-03-26 13:00:00+00:00,8689.1875,0.0,0.0,0.0,507.85,1128.0,1278.25,0.0,1301.427001,0.0,100.766555
2026-03-26 14:00:00+00:00,8838.425781,0.0,0.0,0.0,769.38,1123.800048,1208.58,0.0,1079.533691,0.0,102.167411
2026-03-26 15:00:00+00:00,8809.726562,0.0,0.0,0.0,911.75,1119.099975,1418.78,0.0,728.106201,0.0,104.119781
2026-03-26 16:00:00+00:00,8501.898437,0.0,0.0,0.0,1222.05,1114.099975,2212.18,0.0,311.062438,0.0,84.155715
2026-03-26 17:00:00+00:00,8600.188476,0.0,0.0,0.0,2040.82,1108.800048,2398.48,0.0,49.069248,0.0,79.461524
2026-03-26 18:00:00+00:00,8837.342773,0.0,0.0,0.0,2642.3,1103.300048,2392.82,0.0,2.676705,0.0,82.859718
2026-03-26 19:00:00+00:00,8341.317382,0.0,0.0,0.0,1710.22,1097.5,2150.45,0.0,2.033373,0.0,86.669639
2026-03-26 20:00:00+00:00,7626.610839,0.0,0.0,0.0,1140.0,1091.599975,1641.05,0.0,1.37215,0.0,85.810028
2026-03-26 21:00:00+00:00,7620.715332,0.0,0.0,0.0,707.88,1085.699951,1300.22,0.0,0.82787,0.0,79.677833
2026-03-26 22:00:00+00:00,7000.862792,0.0,0.0,0.0,404.0,1079.800048,867.92,0.0,0.584835,0.0,70.696075
2026-03-26 23:00:00+00:00,7419.824707,0.0,0.0,0.0,546.1,1076.300048,1276.68,0.0,0.369147,0.0,71.382476
2026-03-27 00:00:00+00:00,6915.5083,0.0,0.0,0.0,258.28,1069.900024,878.82,0.0,0.216878,0.0,81.491706
2026-03-27 01:00:00+00:00,6916.76123,0.0,0.0,0.0,217.65,1063.599975,470.0,0.0,0.057738,0.0,91.329475
2026-03-27 02:00:00+00:00,6941.547851,0.0,0.0,0.0,214.52,1057.699951,469.88,0.0,0.0,0.0,98.1856
2026-03-27 03:00:00+00:00,6856.723632,0.0,0.0,0.0,241.58,1052.0,483.08,0.0,0.0,0.0,89.927818
2026-03-27 04:00:00+00:00,7553.373535,0.0,0.0,0.0,289.82,1046.699951,1075.3,0.0,0.0,0.0,82.566574
2026-03-27 05:00:00+00:00,7801.01123,0.0,0.0,0.0,1799.08,1041.900024,1888.18,0.0,11.680994,0.0,85.094573
2026-03-27 06:00:00+00:00,8694.432617,0.0,0.0,0.0,1655.58,1037.599975,1853.02,0.0,137.516296,0.0,79.533554
2026-03-27 07:00:00+00:00,8787.759765,0.0,0.0,0.0,1264.5,1033.800048,1599.5,0.0,469.942596,0.0,74.359474
2026-03-27 08:00:00+00:00,8714.902343,0.0,0.0,0.0,764.98,1030.699951,1143.6,0.0,893.567871,0.0,66.021446
2026-03-27 09:00:00+00:00,8687.737304,0.0,0.0,0.0,609.98,1028.400024,791.3,0.0,1324.215454,0.0,64.862876
2026-03-27 10:00:00+00:00,8709.15625,0.0,0.0,0.0,341.12,1026.800048,699.8,0.0,1653.205444,0.0,61.157318
2026-03-27 11:00:00+00:00,8388.603515,0.0,0.0,0.0,336.2,1026.0,533.95,0.0,1777.322143,0.0,51.498188
2026-03-27 12:00:00+00:00,8381.221679,0.0,0.0,0.0,452.65,1026.199951,539.85,0.0,1720.824829,0.0,47.921451
2026-03-27 13:00:00+00:00,8456.896484,0.0,0.0,0.0,433.02,1027.199951,682.72,0.0,1558.998413,0.0,44.28511
2026-03-27 14:00:00+00:00,8410.863281,0.0,0.0,0.0,518.02,1028.900024,932.48,0.0,1248.219604,0.0,44.698032
2026-03-27 15:00:00+00:00,8463.02539,0.0,0.0,0.0,462.62,1031.400024,1167.6,0.0,821.166259,0.0,42.206336
2026-03-27 16:00:00+00:00,8503.568359,0.0,0.0,0.0,996.72,1034.5,1394.05,0.0,376.966644,0.0,38.789791
2026-03-27 17:00:00+00:00,8439.341796,0.0,0.0,0.0,1610.0,1038.199951,1873.15,0.0,68.968421,0.0,33.775241
2026-03-27 18:00:00+00:00,8869.192382,0.0,0.0,0.0,1915.22,1042.300048,1892.32,0.0,3.700143,0.0,26.285566
2026-03-27 19:00:00+00:00,8050.96582,0.0,0.0,0.0,1748.55,1046.900024,1763.48,0.0,3.179656,0.0,29.303831
2026-03-27 20:00:00+00:00,7405.640136,0.0,0.0,0.0,1388.72,1051.800048,1763.88,0.0,2.361564,0.0,30.229484
2026-03-27 21:00:00+00:00,7160.797363,0.0,0.0,0.0,836.98,1057.0,1591.45,0.0,1.558822,0.0,33.57003
2026-03-27 22:00:00+00:00,7554.985839,0.0,0.0,0.0,508.18,1062.400024,1067.85,0.0,1.107277,0.0,34.152233
2026-03-27 23:00:00+00:00,7115.158691,0.0,0.0,0.0,674.92,917.700012,1141.95,0.0,0.807176,0.0,26.120742
2026-03-28 00:00:00+00:00,6995.208007,0.0,0.0,0.0,331.6,909.0,702.05,0.0,0.552536,0.0,19.031797
2026-03-28 01:00:00+00:00,6970.74121,0.0,0.0,0.0,221.72,900.700012,523.72,0.0,0.339635,0.0,18.041936
2026-03-28 02:00:00+00:00,6949.635253,0.0,0.0,0.0,229.75,893.0,507.4,0.0,0.278159,0.0,19.553092
2026-03-28 03:00:00+00:00,6946.862792,0.0,0.0,0.0,273.3,885.900024,442.98,0.0,0.110969,0.0,26.372056
2026-03-28 04:00:00+00:00,6972.933105,0.0,0.0,0.0,468.35,879.5,919.28,0.0,0.296817,0.0,34.533264
2026-03-28 05:00:00+00:00,7050.449707,0.0,0.0,0.0,536.6,873.900024,1011.38,0.0,60.053436,0.0,26.505886
2026-03-28 06:00:00+00:00,7151.476074,0.0,0.0,0.0,337.22,869.099975,631.98,0.0,474.476226,0.0,25.358217
2026-03-28 07:00:00+00:00,7627.269042,0.0,0.0,0.0,209.28,865.200012,298.1,0.0,1160.833251,0.0,22.413497
2026-03-28 08:00:00+00:00,7534.808593,0.0,0.0,0.0,101.48,862.200012,133.95,0.0,1835.401,0.0,22.675577
2026-03-28 09:00:00+00:00,7244.496093,0.0,0.0,0.0,33.12,860.299987,141.98,0.0,2368.946777,0.0,21.024576
2026-03-28 10:00:00+00:00,7138.649414,0.0,0.0,0.0,31.95,859.5,106.88,0.0,2452.447753,0.0,20.509845
2026-03-28 11:00:00+00:00,7453.518066,0.0,0.0,0.0,83.38,859.900024,97.65,0.0,2271.559082,0.0,22.836965
2026-03-28 12:00:00+00:00,7616.685058,0.0,0.0,0.0,161.55,861.5,106.38,0.0,1831.5354,0.0,31.65698
2026-03-28 13:00:00+00:00,7608.991699,0.0,0.0,0.0,76.82,864.299987,98.92,0.0,1244.65625,0.0,44.107692
2026-03-28 14:00:00+00:00,7449.524414,0.0,0.0,0.0,66.45,868.099975,220.7,0.0,736.854492,0.0,56.815589
2026-03-28 15:00:00+00:00,6938.614746,0.0,0.0,0.0,229.32,873.0,205.68,0.0,380.586242,0.0,74.360534
2026-03-28 16:00:00+00:00,7374.538085,0.0,0.0,0.0,287.65,878.799987,619.32,0.0,144.122894,0.0,70.841789
2026-03-28 17:00:00+00:00,7280.099609,0.0,0.0,0.0,820.28,885.5,1308.42,0.0,29.278253,0.0,62.071395
2026-03-28 18:00:00+00:00,7366.064941,0.0,0.0,0.0,1742.92,893.0,1916.12,0.0,4.320878,0.0,63.294555
2026-03-28 19:00:00+00:00,7286.524902,0.0,0.0,0.0,1479.15,901.200012,1788.52,0.0,3.319663,0.0,48.47369
2026-03-28 20:00:00+00:00,6889.15625,0.0,0.0,0.0,871.28,910.099975,1344.02,0.0,2.519481,0.0,51.112628
2026-03-28 21:00:00+00:00,6800.894531,0.0,0.0,0.0,234.72,919.5,1079.85,0.0,1.904633,0.0,58.384845
2026-03-28 22:00:00+00:00,6815.949707,0.0,0.0,0.0,272.58,929.400024,824.4,0.0,1.439606,0.0,75.007987
2026-03-28 23:00:00+00:00,6722.786621,0.0,0.0,0.0,83.2,782.900024,377.35,0.0,1.02481,0.0,72.573036
2026-03-29 00:00:00+00:00,6432.548828,0.0,0.0,0.0,81.6,776.099975,329.2,0.0,0.815051,0.0,68.278251
2026-03-29 01:00:00+00:00,6392.270996,0.0,0.0,0.0,158.48,770.0,326.82,0.0,0.687628,0.0,65.016868
2026-03-29 02:00:00+00:00,6410.676269,0.0,0.0,0.0,156.32,765.0,350.3,0.0,0.570275,0.0,61.041152
2026-03-29 03:00:00+00:00,6492.993164,0.0,0.0,0.0,103.2,760.900024,275.2,0.0,0.597423,0.0,58.968769
2026-03-29 04:00:00+00:00,6616.13916,0.0,0.0,0.0,234.95,758.0,363.48,0.0,0.609958,0.0,51.697395
2026-03-29 05:00:00+00:00,6688.125488,0.0,0.0,0.0,124.15,756.299987,306.7,0.0,23.388362,0.0,47.690692
2026-03-29 06:00:00+00:00,8015.681152,0.0,0.0,0.0,217.08,755.900024,307.0,0.0,186.270629,0.0,39.195972
2026-03-29 07:00:00+00:00,8079.524414,0.0,0.0,0.0,203.1,757.0,203.95,0.0,468.295593,0.0,33.888774
2026-03-29 08:00:00+00:00,8207.701171,0.0,0.0,0.0,162.22,759.5,200.8,0.0,777.850463,0.0,33.676902
2026-03-29 09:00:00+00:00,8309.030273,0.0,0.0,0.0,170.98,763.700012,247.5,0.0,1056.489746,0.0,34.350353
2026-03-29 10:00:00+00:00,7682.332519,0.0,0.0,0.0,172.32,769.599975,294.3,0.0,1257.483032,0.0,34.543369
2026-03-29 11:00:00+00:00,6917.870605,0.0,0.0,0.0,257.3,777.400024,280.08,0.0,1534.898193,0.0,36.864311
2026-03-29 12:00:00+00:00,6917.252929,0.0,0.0,0.0,148.2,787.0,121.98,0.0,1628.809692,0.0,32.639564
2026-03-29 13:00:00+00:00,7195.202148,0.0,0.0,0.0,194.58,798.299987,250.68,0.0,1470.549804,0.0,31.257116
2026-03-29 14:00:00+00:00,7272.248535,0.0,0.0,0.0,227.05,811.299987,201.55,0.0,1096.620727,0.0,38.187412
2026-03-29 15:00:00+00:00,6979.666015,0.0,0.0,0.0,170.35,825.799987,292.7,0.0,649.682739,0.0,34.631145
2026-03-29 16:00:00+00:00,7695.236816,0.0,0.0,0.0,362.28,841.5,435.45,0.0,295.873229,0.0,39.240684
2026-03-29 17:00:00+00:00,7824.958984,0.0,0.0,0.0,408.22,858.400024,465.8,0.0,40.337631,0.0,35.478916
2026-03-29 18:00:00+00:00,7822.57373,0.0,0.0,0.0,340.02,876.299987,545.08,0.0,3.560015,0.0,19.958011
2026-03-29 19:00:00+00:00,8225.605468,0.0,0.0,0.0,288.98,895.0,432.02,0.0,2.802587,0.0,11.738556
2026-03-29 20:00:00+00:00,8116.199707,0.0,0.0,0.0,343.65,914.400024,354.38,0.0,1.962981,0.0,11.632741
2026-03-29 21:00:00+00:00,6835.27832,0.0,0.0,0.0,365.72,934.400024,302.5,0.0,1.377155,0.0,20.427772
2026-03-29 22:00:00+00:00,6576.910156,0.0,0.0,0.0,971.65,780.799987,907.38,0.0,1.135809,0.0,29.345092
2026-03-29 23:00:00+00:00,6079.376953,0.0,0.0,0.0,269.32,783.200012,350.38,0.0,0.83614,0.0,27.170904
2026-03-30 00:00:00+00:00,6261.290039,0.0,0.0,0.0,255.65,786.200012,398.35,0.0,0.644646,0.0,46.587959
2026-03-30 01:00:00+00:00,6279.976074,0.0,0.0,0.0,237.68,789.900024,264.1,0.0,0.489363,0.0,64.645462
2026-03-30 02:00:00+00:00,6900.369628,0.0,0.0,0.0,351.8,794.200012,281.4,0.0,0.391473,0.0,79.400421
2026-03-30 03:00:00+00:00,7358.218261,0.0,0.0,0.0,617.85,799.200012,493.6,0.0,0.578612,0.0,103.321891
2026-03-30 04:00:00+00:00,8219.325195,0.0,0.0,0.0,971.05,805.0,1215.55,0.0,0.835106,0.0,92.45787
2026-03-30 05:00:00+00:00,8952.072265,0.0,0.0,0.0,1696.52,811.5,1926.72,0.0,11.972223,0.0,98.091613
2026-03-30 06:00:00+00:00,8947.938476,0.0,0.0,0.0,1770.75,818.799987,1832.25,0.0,99.037734,0.0,85.099037
2026-03-30 07:00:00+00:00,8879.909179,0.0,0.0,0.0,1763.15,826.900024,1526.0,0.0,256.974121,0.0,64.930313
2026-03-30 08:00:00+00:00,8865.74707,0.0,0.0,0.0,1484.48,835.900024,1158.78,0.0,539.416931,0.0,52.878372
2026-03-30 09:00:00+00:00,8725.909179,0.0,0.0,0.0,756.1,845.700012,901.38,0.0,1135.803466,0.0,53.66072
2026-03-30 10:00:00+00:00,8197.90039,0.0,0.0,0.0,434.15,856.5,469.85,0.0,1480.768066,0.0,61.616737
2026-03-30 11:00:00+00:00,8436.328125,0.0,0.0,0.0,567.52,868.200012,624.2,0.0,1438.48059,0.0,83.525505
2026-03-30 12:00:00+00:00,8421.010742,0.0,0.0,0.0,367.35,880.700012,504.88,0.0,1367.796508,0.0,100.243995
2026-03-30 13:00:00+00:00,8444.196289,0.0,0.0,0.0,552.9,893.900024,597.52,0.0,835.460205,0.0,101.874031
2026-03-30 14:00:00+00:00,8444.007812,0.0,0.0,0.0,632.48,907.900024,893.18,0.0,685.132263,0.0,94.93431
2026-03-30 15:00:00+00:00,8355.385742,0.0,0.0,0.0,614.2,922.400024,990.75,0.0,508.749816,0.0,83.369071
2026-03-30 16:00:00+00:00,8425.173828,0.0,0.0,0.0,1289.28,937.299987,1264.55,0.0,181.513397,0.0,116.275657
2026-03-30 17:00:00+00:00,8735.749023,0.0,0.0,0.0,1558.6,952.700012,2130.92,0.0,31.055942,0.0,109.60305
2026-03-30 18:00:00+00:00,8098.288085,0.0,0.0,0.0,1172.9,968.299987,1773.4,0.0,2.358781,0.0,93.289474
2026-03-30 19:00:00+00:00,7548.33496,0.0,0.0,0.0,778.32,984.099975,972.82,0.0,1.943864,0.0,103.811943
2026-03-30 20:00:00+00:00,7561.660644,0.0,0.0,0.0,470.7,999.900024,972.48,0.0,1.315353,0.0,80.188095
2026-03-30 21:00:00+00:00,7580.597656,0.0,0.0,0.0,339.75,1015.799987,637.18,0.0,0.883443,0.0,77.393394
2026-03-30 22:00:00+00:00,7256.569824,0.0,0.0,0.0,349.18,865.799987,339.4,0.0,0.69835,0.0,77.287994
2026-03-30 23:00:00+00:00,6370.234863,0.0,0.0,0.0,254.45,864.599975,327.35,0.0,0.427357,0.0,77.181709
2026-03-31 00:00:00+00:00,6933.272949,0.0,0.0,0.0,194.78,863.700012,250.78,0.0,0.318791,0.0,95.657089
2026-03-31 01:00:00+00:00,7379.594726,0.0,0.0,0.0,65.7,863.099975,227.25,0.0,0.303234,0.0,84.560096
2026-03-31 02:00:00+00:00,6757.490722,0.0,0.0,0.0,87.25,862.900024,220.05,0.0,0.101119,0.0,87.996063
2026-03-31 03:00:00+00:00,6942.754394,0.0,0.0,0.0,220.82,863.099975,545.42,0.0,0.161363,0.0,96.438774
2026-03-31 04:00:00+00:00,7895.500976,0.0,0.0,0.0,1023.4,863.900024,1452.82,0.0,0.390515,0.0,99.29956
2026-03-31 05:00:00+00:00,8477.246093,0.0,0.0,0.0,2341.5,865.299987,2185.2,0.0,24.577756,0.0,80.851936
2026-03-31 06:00:00+00:00,8475.782226,0.0,0.0,0.0,2832.32,867.299987,2188.42,0.0,196.017623,0.0,74.078033
2026-03-31 07:00:00+00:00,8477.154296,0.0,0.0,0.0,1527.0,870.099975,1707.75,0.0,568.464721,0.0,70.644592
2026-03-31 08:00:00+00:00,8476.117187,0.0,0.0,0.0,743.62,873.799987,1239.02,0.0,956.327148,0.0,60.308837
2026-03-31 09:00:00+00:00,8452.429687,0.0,0.0,0.0,260.22,878.200012,843.78,0.0,1140.290771,0.0,55.686981
2026-03-31 10:00:00+00:00,8292.224609,0.0,0.0,0.0,324.92,883.700012,593.68,0.0,1352.295532,0.0,62.064167
2026-03-31 11:00:00+00:00,8325.295898,0.0,0.0,0.0,161.35,890.099975,530.6,0.0,1599.728027,0.0,64.490371
2026-03-31 12:00:00+00:00,8217.384765,0.0,0.0,0.0,152.85,897.5,367.62,0.0,1603.411254,0.0,67.880317
2026-03-31 13:00:00+00:00,8460.019531,0.0,0.0,0.0,104.0,905.799987,313.22,0.0,1616.218261,0.0,56.49475
2026-03-31 14:00:00+00:00,8640.820312,0.0,0.0,0.0,165.08,914.799987,465.15,0.0,1276.762207,0.0,60.864997
2026-03-31 15:00:00+00:00,8263.148437,0.0,0.0,0.0,251.6,924.5,969.78,0.0,856.41156,0.0,71.60456
2026-03-31 16:00:00+00:00,8345.722656,0.0,0.0,0.0,981.82,934.900024,1533.72,0.0,410.885559,0.0,71.956436
2026-03-31 17:00:00+00:00,8419.392578,0.0,0.0,0.0,3227.1,945.700012,2548.0,0.0,74.026763,0.0,66.806838
2026-03-31 18:00:00+00:00,8238.526367,0.0,0.0,0.0,3054.32,957.0,2544.08,0.0,3.660647,0.0,73.170616
2026-03-31 19:00:00+00:00,7887.67871,0.0,0.0,0.0,2020.3,968.700012,1839.12,0.0,3.123775,0.0,72.347251
2026-03-31 20:00:00+00:00,7713.412109,0.0,0.0,0.0,1405.58,980.700012,1411.0,0.0,2.238405,0.0,62.803142
2026-03-31 21:00:00+00:00,7421.433593,0.0,0.0,0.0,227.98,992.799987,948.65,0.0,1.609437,0.0,46.90493
2026-03-31 22:00:00+00:00,6880.168945,0.0,0.0,0.0,95.22,876.099975,637.68,0.0,1.310678,0.0,19.783603
2026-03-31 23:00:00+00:00,7326.083007,0.0,0.0,0.0,57.88,873.400024,274.2,0.0,0.95686,0.0,17.898643
2026-04-01 00:00:00+00:00,7359.746582,0.0,0.0,0.0,62.3,871.099975,279.62,0.0,0.659634,0.0,13.272283
2026-04-01 01:00:00+00:00,7373.320312,0.0,0.0,0.0,80.0,869.299987,261.4,0.0,0.502022,0.0,16.2956
2026-04-01 02:00:00+00:00,6724.060546,0.0,0.0,0.0,77.8,868.0,395.9,0.0,0.345548,0.0,15.083305
2026-04-01 03:00:00+00:00,7336.327148,0.0,0.0,0.0,374.3,867.200012,841.72,0.0,0.498979,0.0,17.978027
2026-04-01 04:00:00+00:00,7733.500976,0.0,0.0,0.0,3195.5,867.099975,2103.55,0.0,0.669177,0.0,16.982929
2026-04-01 05:00:00+00:00,8713.674804,0.0,0.0,0.0,3314.7,867.799987,2488.58,0.0,43.062427,0.0,12.402129
2026-04-01 06:00:00+00:00,8820.386718,0.0,0.0,0.0,3130.2,869.200012,2376.75,0.0,303.017883,0.0,13.360249
2026-04-01 07:00:00+00:00,8819.338867,0.0,0.0,0.0,1191.6,871.400024,1255.88,0.0,850.574462,0.0,13.470612
2026-04-01 08:00:00+00:00,8824.277343,0.0,0.0,0.0,485.25,874.5,685.82,0.0,1445.213745,0.0,12.733799
2026-04-01 09:00:00+00:00,8700.280273,0.0,0.0,0.0,113.3,878.599975,781.82,0.0,1958.051391,0.0,11.619135
2026-04-01 10:00:00+00:00,8248.898437,0.0,0.0,0.0,119.2,883.799987,243.18,0.0,2486.7229,0.0,15.187179
2026-04-01 11:00:00+00:00,8369.693359,0.0,0.0,0.0,76.6,890.0,239.92,0.0,2647.488525,0.0,16.200767
2026-04-01 12:00:00+00:00,8494.222656,0.0,0.0,0.0,78.5,897.200012,237.25,0.0,2493.236083,0.0,16.899841
2026-04-01 13:00:00+00:00,8544.682617,0.0,0.0,0.0,113.3,905.299987,189.3,0.0,1962.320678,0.0,16.968744
2026-04-01 14:00:00+00:00,8457.89746,0.0,0.0,0.0,155.15,914.200012,461.22,0.0,1387.975952,0.0,16.944015
2026-04-01 15:00:00+00:00,8450.532226,0.0,0.0,0.0,165.48,923.900024,449.55,0.0,848.586181,0.0,16.68464
2026-04-01 16:00:00+00:00,8069.701171,0.0,0.0,0.0,991.08,934.200012,1193.8,0.0,392.148468,0.0,17.481863
2026-04-01 17:00:00+00:00,8045.760253,0.0,0.0,0.0,3340.85,945.099975,2350.3,0.0,83.211914,0.0,15.040496
2026-04-01 18:00:00+00:00,8125.472167,0.0,0.0,0.0,3362.05,956.400024,2269.7,0.0,4.939417,0.0,19.13585
2026-04-01 19:00:00+00:00,7989.208496,0.0,0.0,0.0,2308.52,968.099975,1498.25,0.0,4.094686,0.0,18.981466
2026-04-01 20:00:00+00:00,8088.293945,0.0,0.0,0.0,647.28,980.099975,1103.38,0.0,2.981285,0.0,20.924751
2026-04-01 21:00:00+00:00,7257.368164,0.0,0.0,0.0,223.98,992.400024,506.72,0.0,2.264942,0.0,25.748336
2026-04-01 22:00:00+00:00,7032.277343,0.0,0.0,0.0,207.6,842.200012,283.4,0.0,1.776413,0.0,26.441356
2026-04-01 23:00:00+00:00,7313.138183,0.0,0.0,0.0,86.98,836.5,205.65,0.0,1.416673,0.0,29.524795
2026-04-02 00:00:00+00:00,7229.893554,0.0,0.0,0.0,79.52,831.400024,193.1,0.0,1.092212,0.0,26.42506
2026-04-02 01:00:00+00:00,6815.177734,0.0,0.0,0.0,54.58,826.900024,220.3,0.0,0.811163,0.0,22.30228
2026-04-02 02:00:00+00:00,7294.569824,0.0,0.0,0.0,75.72,823.0,281.38,0.0,0.673827,0.0,25.9094
2026-04-02 03:00:00+00:00,7359.037109,0.0,0.0,0.0,176.22,819.900024,432.8,0.0,0.782126,0.0,27.731201
2026-04-02 04:00:00+00:00,8152.968261,0.0,0.0,0.0,2210.42,817.599975,1448.48,0.0,1.176484,0.0,24.416065
2026-04-02 05:00:00+00:00,8305.142578,0.0,0.0,0.0,3103.22,816.200012,2372.5,0.0,78.312065,0.0,25.38352
2026-04-02 06:00:00+00:00,8391.140625,0.0,0.0,0.0,2518.9,815.799987,2169.4,0.0,493.067047,0.0,23.186609
2026-04-02 07:00:00+00:00,8330.736328,0.0,0.0,0.0,339.65,816.5,903.38,0.0,1187.383666,0.0,24.317216
2026-04-02 08:00:00+00:00,8253.11621,0.0,0.0,0.0,159.48,818.400024,565.92,0.0,2035.549316,0.0,19.00459
2026-04-02 09:00:00+00:00,8219.072265,0.0,0.0,0.0,79.55,821.5,155.3,0.0,2773.699218,0.0,14.783576
2026-04-02 10:00:00+00:00,8283.5625,0.0,0.0,0.0,123.12,826.0,149.75,0.0,3067.356445,0.0,18.231554
2026-04-02 11:00:00+00:00,8285.237304,0.0,0.0,0.0,201.58,831.900024,113.72,0.0,3034.965087,0.0,25.093101
2026-04-02 12:00:00+00:00,8279.961914,0.0,0.0,0.0,147.48,839.099975,132.88,0.0,2886.913085,0.0,23.43045
2026-04-02 13:00:00+00:00,8364.511718,0.0,0.0,0.0,154.25,847.5,124.72,0.0,2604.318847,0.0,24.81129
2026-04-02 14:00:00+00:00,8171.251953,0.0,0.0,0.0,123.42,857.0,166.98,0.0,2015.81018,0.0,33.726184
2026-04-02 15:00:00+00:00,8021.905273,0.0,0.0,0.0,167.4,867.400024,534.92,0.0,1322.837768,0.0,33.970909
2026-04-02 16:00:00+00:00,8135.278808,0.0,0.0,0.0,969.85,878.700012,837.5,0.0,612.309082,0.0,35.600887
2026-04-02 17:00:00+00:00,7993.688476,0.0,0.0,0.0,2797.08,890.700012,1912.3,0.0,123.270492,0.0,29.740531
2026-04-02 18:00:00+00:00,7822.290527,0.0,0.0,0.0,2695.45,903.299987,1740.2,0.0,6.162606,0.0,25.630569
2026-04-02 19:00:00+00:00,7461.764648,0.0,0.0,0.0,1700.48,916.400024,935.35,0.0,5.304094,0.0,23.473272
2026-04-02 20:00:00+00:00,7076.139648,0.0,0.0,0.0,841.58,929.900024,343.12,0.0,4.005273,0.0,22.774469
2026-04-02 21:00:00+00:00,7410.036132,0.0,0.0,0.0,499.98,943.700012,326.08,0.0,3.172493,0.0,19.820924
2026-04-02 22:00:00+00:00,7136.097656,0.0,0.0,0.0,987.58,749.900024,411.95,0.0,2.616227,0.0,15.01509
2026-04-02 23:00:00+00:00,6866.935546,0.0,0.0,0.0,453.6,745.0,239.95,0.0,2.079518,0.0,12.701467
2026-04-03 00:00:00+00:00,6757.292968,0.0,0.0,0.0,231.72,740.700012,228.1,0.0,1.796886,0.0,9.349994
2026-04-03 01:00:00+00:00,6542.111328,0.0,0.0,0.0,247.95,737.0,200.0,0.0,1.523596,0.0,5.167436
2026-04-03 02:00:00+00:00,6578.197265,0.0,0.0,0.0,223.3,734.0,187.82,0.0,1.225398,0.0,5.319065
2026-04-03 03:00:00+00:00,6512.503906,0.0,0.0,0.0,387.42,731.799987,304.05,0.0,1.30944,0.0,4.896769
2026-04-03 04:00:00+00:00,6637.014648,0.0,0.0,0.0,1056.98,730.400024,461.9,0.0,1.435935,0.0,4.686229
2026-04-03 05:00:00+00:00,6523.043457,0.0,0.0,0.0,1733.15,729.900024,467.88,0.0,105.843826,0.0,5.260082
2026-04-03 06:00:00+00:00,6702.438964,0.0,0.0,0.0,1104.75,730.400024,301.95,0.0,654.902709,0.0,4.31484
2026-04-03 07:00:00+00:00,6939.544921,0.0,0.0,0.0,239.88,732.0,254.1,0.0,1514.97705,0.0,5.422801
2026-04-03 08:00:00+00:00,6517.800292,0.0,0.0,0.0,56.58,734.599975,221.1,0.0,2374.53247,0.0,5.424257
2026-04-03 09:00:00+00:00,6868.779785,0.0,0.0,0.0,84.38,738.400024,171.22,0.0,2987.158935,0.0,5.565411
2026-04-03 10:00:00+00:00,7177.613769,0.0,0.0,0.0,105.2,743.5,239.3,0.0,3350.959472,0.0,6.401533
2026-04-03 11:00:00+00:00,7172.44873,0.0,0.0,0.0,61.6,749.799987,186.8,0.0,3384.536865,0.0,9.189208
2026-04-03 12:00:00+00:00,6441.916015,0.0,0.0,0.0,36.52,757.299987,120.58,0.0,3261.23291,0.0,10.691565
2026-04-03 13:00:00+00:00,6361.340332,0.0,0.0,0.0,31.58,765.900024,121.72,0.0,2926.828125,0.0,11.158761
2026-04-03 14:00:00+00:00,6590.402343,0.0,0.0,0.0,60.42,775.400024,128.38,0.0,2247.755126,0.0,14.664487
2026-04-03 15:00:00+00:00,6889.010253,0.0,0.0,0.0,123.0,785.799987,312.95,0.0,1391.081787,0.0,16.216934
2026-04-03 16:00:00+00:00,7409.877929,0.0,0.0,0.0,796.95,796.900024,626.2,0.0,630.473205,0.0,15.23302
2026-04-03 17:00:00+00:00,7192.996582,0.0,0.0,0.0,1548.4,808.700012,811.48,0.0,84.192596,0.0,16.743488
2026-04-03 18:00:00+00:00,7040.130371,0.0,0.0,0.0,1639.72,820.900024,885.12,0.0,5.836319,0.0,19.441947
2026-04-03 19:00:00+00:00,7009.881347,0.0,0.0,0.0,1740.12,833.599975,542.58,0.0,5.326047,0.0,17.676891
2026-04-03 20:00:00+00:00,7183.935546,0.0,0.0,0.0,1428.5,846.599975,456.95,0.0,4.25179,0.0,24.203311
2026-04-03 21:00:00+00:00,6785.684082,0.0,0.0,0.0,433.25,859.700012,423.0,0.0,3.305891,0.0,28.671974
2026-04-03 22:00:00+00:00,6654.032226,0.0,0.0,0.0,224.68,740.599975,359.15,0.0,2.708742,0.0,36.268009
2026-04-03 23:00:00+00:00,7052.727539,0.0,0.0,0.0,98.52,741.200012,316.48,0.0,2.164502,0.0,32.550662
2026-04-04 00:00:00+00:00,6968.347167,0.0,0.0,0.0,91.78,742.200012,336.85,0.0,1.889796,0.0,31.98125
2026-04-04 01:00:00+00:00,6046.622558,0.0,0.0,0.0,75.4,743.400024,175.02,0.0,1.634405,0.0,36.683406
2026-04-04 02:00:00+00:00,5550.033203,0.0,0.0,0.0,82.1,744.799987,182.0,0.0,1.49117,0.0,35.427768
2026-04-04 03:00:00+00:00,6729.8833,0.0,0.0,0.0,76.65,746.599975,192.35,0.0,1.600711,0.0,24.858562
2026-04-04 04:00:00+00:00,6217.765136,0.0,0.0,0.0,47.48,748.700012,244.38,0.0,1.744634,0.0,19.465978
2026-04-04 05:00:00+00:00,6605.886718,0.0,0.0,0.0,85.38,751.0,197.28,0.0,47.828563,0.0,15.764451
2026-04-04 06:00:00+00:00,7486.498046,0.0,0.0,0.0,95.2,753.700012,157.35,0.0,295.664367,0.0,13.457076
2026-04-04 07:00:00+00:00,7227.594238,0.0,0.0,0.0,64.12,756.700012,146.25,0.0,683.52185,0.0,10.998992
2026-04-04 08:00:00+00:00,7503.829101,0.0,0.0,0.0,41.55,760.0,130.68,0.0,1275.863037,0.0,5.699565
2026-04-04 09:00:00+00:00,8125.660156,0.0,0.0,0.0,85.85,763.700012,135.52,0.0,1950.886962,0.0,2.426884
2026-04-04 10:00:00+00:00,7560.819335,0.0,0.0,0.0,91.32,767.700012,126.4,0.0,2567.926513,0.0,0.920836
2026-04-04 11:00:00+00:00,7237.172363,0.0,0.0,0.0,62.95,772.0,125.88,0.0,3075.279541,0.0,2.302482
2026-04-04 12:00:00+00:00,6569.786132,0.0,0.0,0.0,70.75,776.700012,133.8,0.0,3112.849853,0.0,4.746899
2026-04-04 13:00:00+00:00,6735.680175,0.0,0.0,0.0,114.45,781.700012,147.0,0.0,2794.0625,0.0,5.379539
2026-04-04 14:00:00+00:00,6725.753906,0.0,0.0,0.0,62.42,787.099975,121.82,0.0,2367.8833,0.0,5.013905
2026-04-04 15:00:00+00:00,6950.22998,0.0,0.0,0.0,68.58,792.700012,219.75,0.0,1618.066894,0.0,4.893337
2026-04-04 16:00:00+00:00,7833.543945,0.0,0.0,0.0,337.32,798.599975,347.2,0.0,696.673217,0.0,3.887516
2026-04-04 17:00:00+00:00,7437.418457,0.0,0.0,0.0,1637.1,804.799987,793.95,0.0,135.585311,0.0,2.346386
2026-04-04 18:00:00+00:00,7576.195312,0.0,0.0,0.0,1574.48,811.299987,559.0,0.0,5.996432,0.0,0.52547
2026-04-04 19:00:00+00:00,6445.479492,0.0,0.0,0.0,1013.15,818.0,171.15,0.0,5.342081,0.0,0.947973
2026-04-04 20:00:00+00:00,6920.830566,0.0,0.0,0.0,522.25,824.900024,201.8,0.0,4.455351,0.0,3.98784
2026-04-04 21:00:00+00:00,6053.1958,0.0,0.0,0.0,330.95,832.0,168.8,0.0,3.523154,0.0,11.760421
2026-04-04 22:00:00+00:00,6665.460937,0.0,0.0,0.0,414.92,845.5,185.2,0.0,2.83164,0.0,24.662607
2026-04-04 23:00:00+00:00,6443.222656,0.0,0.0,0.0,363.68,850.700012,194.85,0.0,2.349698,0.0,34.190803
2026-04-05 00:00:00+00:00,6604.933593,0.0,0.0,0.0,313.1,856.0,171.62,0.0,2.011528,0.0,38.528533
2026-04-05 01:00:00+00:00,6349.831054,0.0,0.0,0.0,320.58,861.599975,158.65,0.0,1.758882,0.0,37.874343
2026-04-05 02:00:00+00:00,6261.704589,0.0,0.0,0.0,232.9,867.299987,160.2,0.0,1.546674,0.0,41.806934
2026-04-05 03:00:00+00:00,6560.579589,0.0,0.0,0.0,357.12,873.299987,177.58,0.0,1.632552,0.0,45.893352
2026-04-05 04:00:00+00:00,6263.154296,0.0,0.0,0.0,423.85,879.5,184.3,0.0,2.011166,0.0,48.078666
2026-04-05 05:00:00+00:00,6297.515625,0.0,0.0,0.0,186.28,885.900024,307.72,0.0,125.013343,0.0,47.408405
2026-04-05 06:00:00+00:00,6929.246093,0.0,0.0,0.0,100.48,892.599975,230.75,0.0,719.728698,0.0,39.276084
2026-04-05 07:00:00+00:00,6376.458007,0.0,0.0,0.0,95.45,899.599975,224.3,0.0,1607.116821,0.0,30.362207
2026-04-05 08:00:00+00:00,6323.439453,0.0,0.0,0.0,91.15,906.799987,236.58,0.0,2467.164794,0.0,30.43898
2026-04-05 09:00:00+00:00,6040.600585,0.0,0.0,0.0,162.18,914.400024,230.25,0.0,3127.117675,0.0,27.849685
2026-04-05 10:00:00+00:00,6886.186523,0.0,0.0,0.0,105.38,922.200012,235.65,0.0,3542.442871,0.0,30.786298
2026-04-05 11:00:00+00:00,7065.71582,0.0,0.0,0.0,72.72,930.299987,162.82,0.0,3652.013427,0.0,29.54817
2026-04-05 12:00:00+00:00,6665.043457,0.0,0.0,0.0,73.02,938.599975,203.88,0.0,3407.861328,0.0,23.383581
2026-04-05 13:00:00+00:00,6529.715332,0.0,0.0,0.0,214.28,947.200012,222.42,0.0,2923.206054,0.0,23.656549
2026-04-05 14:00:00+00:00,6609.0708,0.0,0.0,0.0,220.5,955.900024,142.8,0.0,2143.006835,0.0,21.001745
2026-04-05 15:00:00+00:00,5758.517578,0.0,0.0,0.0,203.7,964.700012,206.2,0.0,1272.889282,0.0,14.832548
2026-04-05 16:00:00+00:00,6361.040527,0.0,0.0,0.0,151.38,973.599975,221.25,0.0,523.870666,0.0,9.465728
2026-04-05 17:00:00+00:00,6731.523925,0.0,0.0,0.0,238.98,982.400024,255.18,0.0,109.988243,0.0,9.936841
2026-04-05 18:00:00+00:00,6217.704101,0.0,0.0,0.0,465.12,991.299987,301.25,0.0,5.474314,0.0,6.940652
2026-04-05 19:00:00+00:00,5612.055664,0.0,0.0,0.0,459.3,1000.0,239.55,0.0,5.021389,0.0,10.678942
2026-04-05 20:00:00+00:00,7525.828125,0.0,0.0,0.0,374.98,1008.5,277.78,0.0,4.217565,0.0,13.241187
2026-04-05 21:00:00+00:00,6934.939941,0.0,0.0,0.0,181.45,1016.900024,345.5,0.0,3.277596,0.0,18.026443
2026-04-05 22:00:00+00:00,5885.499511,0.0,0.0,0.0,49.5,1045.199951,294.0,0.0,2.813529,0.0,22.146635
2026-04-05 23:00:00+00:00,6508.041503,0.0,0.0,0.0,144.7,1051.699951,327.55,0.0,2.413173,0.0,7.832253
2026-04-06 00:00:00+00:00,6476.87207,0.0,0.0,0.0,188.82,1057.800048,245.7,0.0,2.132763,0.0,8.506889
2026-04-06 01:00:00+00:00,6595.651855,0.0,0.0,0.0,31.75,1063.5,258.5,0.0,1.803965,0.0,3.26371
2026-04-06 02:00:00+00:00,6249.674804,0.0,0.0,0.0,37.65,1068.699951,209.92,0.0,1.752393,0.0,2.633838
2026-04-06 03:00:00+00:00,5743.69873,0.0,0.0,0.0,291.4,1073.400024,293.5,0.0,1.986961,0.0,4.44827
2026-04-06 04:00:00+00:00,5890.031738,0.0,0.0,0.0,381.0,1077.5,375.12,0.0,2.358686,0.0,1.501786
2026-04-06 05:00:00+00:00,5791.725097,0.0,0.0,0.0,299.48,1081.099975,297.15,0.0,122.373031,0.0,1.182057
2026-04-06 06:00:00+00:00,6181.842285,0.0,0.0,0.0,299.12,1084.099975,286.62,0.0,710.523254,0.0,1.845428
2026-04-06 07:00:00+00:00,4987.790527,0.0,0.0,0.0,71.58,1086.400024,267.82,0.0,1609.531127,0.0,3.348758
2026-04-06 08:00:00+00:00,6575.462402,0.0,0.0,0.0,87.05,1088.0,262.8,0.0,2488.036132,0.0,1.188717
2026-04-06 09:00:00+00:00,6075.982421,0.0,0.0,0.0,86.22,1088.900024,174.58,0.0,3151.023193,0.0,0.659668
2026-04-06 10:00:00+00:00,6446.048339,0.0,0.0,0.0,112.82,1089.0,187.85,0.0,3540.153808,0.0,3.165571
2026-04-06 11:00:00+00:00,6211.83496,0.0,0.0,0.0,98.78,1088.400024,127.62,0.0,3669.694824,0.0,4.43197
2026-04-06 12:00:00+00:00,5925.658691,0.0,0.0,0.0,55.48,1087.0,108.0,0.0,3341.397216,0.0,6.160756
2026-04-06 13:00:00+00:00,6262.229492,0.0,0.0,0.0,265.05,1084.900024,132.2,0.0,2645.854736,0.0,6.343802
2026-04-06 14:00:00+00:00,6956.853515,0.0,0.0,0.0,269.42,1082.199951,164.38,0.0,2025.733886,0.0,4.816566
2026-04-06 15:00:00+00:00,6255.883789,0.0,0.0,0.0,180.98,1078.900024,167.0,0.0,1517.400512,0.0,3.448339
2026-04-06 16:00:00+00:00,5844.459472,0.0,0.0,0.0,208.18,1075.199951,282.78,0.0,745.304382,0.0,3.337486
2026-04-06 17:00:00+00:00,6324.134277,0.0,0.0,0.0,1310.6,1071.0,366.72,0.0,161.812911,0.0,2.445009
2026-04-06 18:00:00+00:00,6924.970214,0.0,0.0,0.0,2528.12,1066.5,854.15,0.0,6.834428,0.0,1.530284
2026-04-06 19:00:00+00:00,6603.486328,0.0,0.0,0.0,2197.72,1061.599975,634.2,0.0,5.328765,0.0,1.049587
2026-04-06 20:00:00+00:00,7729.813964,0.0,0.0,0.0,2267.35,1056.5,543.3,0.0,4.343794,0.0,1.100852
2026-04-06 21:00:00+00:00,4968.516601,0.0,0.0,0.0,1364.42,1051.300048,409.55,0.0,3.402328,0.0,2.685436
2026-04-06 22:00:00+00:00,5935.24707,0.0,0.0,0.0,144.18,1197.199951,327.52,0.0,2.893014,0.0,3.944574
2026-04-06 23:00:00+00:00,6097.338867,0.0,0.0,0.0,123.4,1202.5,353.95,0.0,2.400475,0.0,3.764304
2026-04-07 00:00:00+00:00,6207.879394,0.0,0.0,0.0,123.4,1207.400024,356.32,0.0,2.062134,0.0,6.077907
2026-04-07 01:00:00+00:00,6311.10791,0.0,0.0,0.0,200.4,1211.800048,299.65,0.0,1.857336,0.0,8.115973
2026-04-07 02:00:00+00:00,6041.686035,0.0,0.0,0.0,324.28,1215.699951,327.8,0.0,1.742764,0.0,10.149506
2026-04-07 03:00:00+00:00,6954.811035,0.0,0.0,0.0,815.62,1219.0,342.05,0.0,2.10742,0.0,9.767927
2026-04-07 04:00:00+00:00,7946.174316,0.0,0.0,0.0,2735.5,1221.599975,1397.1,0.0,3.021247,0.0,12.373036
2026-04-07 05:00:00+00:00,8090.993652,0.0,0.0,0.0,3894.52,1223.599975,2154.32,0.0,146.826568,0.0,13.744362
2026-04-07 06:00:00+00:00,7730.527343,0.0,0.0,0.0,1928.52,1224.900024,1061.65,0.0,775.088745,0.0,12.510895
2026-04-07 07:00:00+00:00,7758.70996,0.0,0.0,0.0,228.82,1225.400024,384.7,0.0,1676.310058,0.0,7.948741
2026-04-07 08:00:00+00:00,7558.454101,0.0,0.0,0.0,148.85,1225.199951,264.1,0.0,2543.449218,0.0,5.953
2026-04-07 09:00:00+00:00,7330.859375,0.0,0.0,0.0,155.65,1224.099975,176.45,0.0,3210.95874,0.0,3.916661
2026-04-07 10:00:00+00:00,7390.12207,0.0,0.0,0.0,96.92,1222.099975,204.12,0.0,3625.190429,0.0,1.254638
2026-04-07 11:00:00+00:00,7304.792968,0.0,0.0,0.0,205.08,1219.199951,254.18,0.0,3763.074218,0.0,1.428539
2026-04-07 12:00:00+00:00,7181.088378,0.0,0.0,0.0,191.38,1215.5,204.02,0.0,3643.175537,0.0,3.499974
2026-04-07 13:00:00+00:00,7440.006835,0.0,0.0,0.0,68.82,1211.0,305.12,0.0,3251.336425,0.0,5.951406
2026-04-07 14:00:00+00:00,7549.423828,0.0,0.0,0.0,78.02,1205.800048,379.22,0.0,2594.309082,0.0,6.694792
2026-04-07 15:00:00+00:00,7227.396484,0.0,0.0,0.0,213.72,1200.0,391.8,0.0,1718.320312,0.0,5.196803
2026-04-07 16:00:00+00:00,7485.480468,0.0,0.0,0.0,1322.38,1193.699951,1214.1,0.0,788.050537,0.0,4.08516
2026-04-07 17:00:00+00:00,8043.151855,0.0,0.0,0.0,3128.28,1186.900024,1974.28,0.0,152.95169,0.0,3.21521
2026-04-07 18:00:00+00:00,6936.679199,0.0,0.0,0.0,3359.38,1179.699951,1881.38,0.0,6.93085,0.0,3.245821
2026-04-07 19:00:00+00:00,7578.581542,0.0,0.0,0.0,2342.7,1172.300048,1093.5,0.0,5.459646,0.0,4.359236
2026-04-07 20:00:00+00:00,6275.146972,0.0,0.0,0.0,1270.05,1164.599975,858.5,0.0,4.201364,0.0,3.934594
2026-04-07 21:00:00+00:00,6757.583007,0.0,0.0,0.0,456.0,1156.800048,356.92,0.0,3.154192,0.0,3.233577
2026-04-07 22:00:00+00:00,5483.892089,0.0,0.0,0.0,326.08,1353.5,365.22,0.0,2.753582,0.0,2.61433
2026-04-07 23:00:00+00:00,6184.160156,0.0,0.0,0.0,185.38,1360.199951,370.88,0.0,2.32568,0.0,4.390909
2026-04-08 00:00:00+00:00,5611.189453,0.0,0.0,0.0,191.62,1366.400024,407.5,0.0,2.082379,0.0,5.549763
2026-04-08 01:00:00+00:00,6394.881835,0.0,0.0,0.0,175.8,1371.900024,330.35,0.0,1.896702,0.0,4.198946
2026-04-08 02:00:00+00:00,6202.418457,0.0,0.0,0.0,219.18,1376.800048,345.22,0.0,1.77456,0.0,5.40498
2026-04-08 03:00:00+00:00,6690.159667,0.0,0.0,0.0,558.65,1381.0,655.88,0.0,2.11729,0.0,5.805346
2026-04-08 04:00:00+00:00,7551.060546,0.0,0.0,0.0,1980.8,1384.400024,1795.65,0.0,3.464024,0.0,5.420962
2026-04-08 05:00:00+00:00,7789.714843,0.0,0.0,0.0,3106.5,1387.0,2221.28,0.0,156.466369,0.0,5.01585
2026-04-08 06:00:00+00:00,7760.213378,0.0,0.0,0.0,2653.25,1388.699951,1529.25,0.0,789.940979,0.0,4.83311
2026-04-08 07:00:00+00:00,7514.150878,0.0,0.0,0.0,277.4,1389.400024,739.45,0.0,1688.868164,0.0,4.048704
2026-04-08 08:00:00+00:00,7614.225097,0.0,0.0,0.0,177.6,1389.0,518.5,0.0,2560.637695,0.0,3.652172
2026-04-08 09:00:00+00:00,7778.972656,0.0,0.0,0.0,145.72,1387.599975,472.55,0.0,3225.537109,0.0,1.586968
2026-04-08 10:00:00+00:00,7620.580566,0.0,0.0,0.0,26.28,1385.0,182.4,0.0,3653.527099,0.0,0.825921
2026-04-08 11:00:00+00:00,7564.321777,0.0,0.0,0.0,20.0,1381.199951,152.1,0.0,3805.372314,0.0,2.393785
2026-04-08 12:00:00+00:00,8415.80957,0.0,0.0,0.0,20.0,1376.300048,156.15,0.0,3686.726074,0.0,5.816952
2026-04-08 13:00:00+00:00,8325.918945,0.0,0.0,0.0,22.62,1370.300048,354.6,0.0,3301.46997,0.0,9.354305
2026-04-08 14:00:00+00:00,8300.470703,0.0,0.0,0.0,52.78,1363.300048,285.28,0.0,2639.318115,0.0,8.554549
2026-04-08 15:00:00+00:00,8195.083007,0.0,0.0,0.0,511.22,1355.400024,347.15,0.0,1754.228393,0.0,8.655821
2026-04-08 16:00:00+00:00,7405.134277,0.0,0.0,0.0,2192.62,1346.699951,1131.52,0.0,817.352905,0.0,7.105487
2026-04-08 17:00:00+00:00,7267.066894,0.0,0.0,0.0,3628.02,1337.300048,2058.38,0.0,164.979797,0.0,6.179069
2026-04-08 18:00:00+00:00,8004.1875,0.0,0.0,0.0,3748.38,1327.199951,2122.58,0.0,7.051968,0.0,5.372673
2026-04-08 19:00:00+00:00,7369.090332,0.0,0.0,0.0,3181.62,1316.5,1346.75,0.0,5.344882,0.0,5.118479
2026-04-08 20:00:00+00:00,6947.810546,0.0,0.0,0.0,1607.52,1305.400024,566.7,0.0,4.239566,0.0,7.54613
2026-04-08 21:00:00+00:00,6513.449218,0.0,0.0,0.0,601.8,1293.800048,447.78,0.0,3.278943,0.0,7.703349
2026-04-08 22:00:00+00:00,5947.275878,0.0,0.0,0.0,455.18,1458.900024,524.7,0.0,2.863332,0.0,7.485403
2026-04-08 23:00:00+00:00,5681.446777,0.0,0.0,0.0,328.6,1456.599975,291.9,0.0,2.329097,0.0,3.493549
2026-04-09 00:00:00+00:00,5983.801757,0.0,0.0,0.0,413.7,1453.699951,273.75,0.0,2.055219,0.0,2.674726
2026-04-09 01:00:00+00:00,5944.143066,0.0,0.0,0.0,579.95,1450.099975,297.68,0.0,1.823,0.0,4.542576
2026-04-09 02:00:00+00:00,5997.899902,0.0,0.0,0.0,1126.38,1445.800048,329.62,0.0,1.798728,0.0,4.649014
2026-04-09 03:00:00+00:00,7055.505371,0.0,0.0,0.0,1637.8,1440.800048,544.4,0.0,2.069106,0.0,4.949115
2026-04-09 04:00:00+00:00,7822.661621,0.0,0.0,0.0,2888.65,1435.0,1414.38,0.0,3.442684,0.0,4.342193
2026-04-09 05:00:00+00:00,8102.061035,0.0,0.0,0.0,3341.98,1428.400024,1900.28,0.0,163.336242,0.0,4.374441
2026-04-09 06:00:00+00:00,7836.404296,0.0,0.0,0.0,2649.55,1421.099975,1598.68,0.0,805.985534,0.0,4.432894
2026-04-09 07:00:00+00:00,7813.053222,0.0,0.0,0.0,392.28,1413.0,544.55,0.0,1679.497436,0.0,3.711099
2026-04-09 08:00:00+00:00,7739.109375,0.0,0.0,0.0,130.25,1404.099975,292.6,0.0,2542.307128,0.0,3.082964
2026-04-09 09:00:00+00:00,7767.165527,0.0,0.0,0.0,85.12,1394.400024,294.25,0.0,3215.607666,0.0,3.09272
2026-04-09 10:00:00+00:00,7302.466308,0.0,0.0,0.0,63.58,1383.800048,208.52,0.0,3640.156982,0.0,5.220566
2026-04-09 11:00:00+00:00,7399.275878,0.0,0.0,0.0,87.95,1372.400024,235.15,0.0,3777.127197,0.0,9.383216
2026-04-09 12:00:00+00:00,7522.961425,0.0,0.0,0.0,103.45,1360.199951,268.68,0.0,3652.374267,0.0,11.247058
2026-04-09 13:00:00+00:00,7952.651367,0.0,0.0,0.0,40.18,1347.400024,202.22,0.0,3259.028076,0.0,9.798068
2026-04-09 14:00:00+00:00,8188.163085,0.0,0.0,0.0,57.32,1333.800048,343.62,0.0,2594.750244,0.0,12.646113
2026-04-09 15:00:00+00:00,7360.461425,0.0,0.0,0.0,163.15,1319.699951,493.65,0.0,1713.269165,0.0,11.362885
2026-04-09 16:00:00+00:00,7498.662597,0.0,0.0,0.0,1465.65,1305.099975,878.28,0.0,814.100463,0.0,12.869405
2026-04-09 17:00:00+00:00,7519.224609,0.0,0.0,0.0,2851.9,1290.0,2017.72,0.0,190.204376,0.0,14.604213
2026-04-09 18:00:00+00:00,8084.841308,0.0,0.0,0.0,2228.25,1274.599975,1417.65,0.0,6.888269,0.0,16.654504
2026-04-09 19:00:00+00:00,6923.541015,0.0,0.0,0.0,1358.22,1258.900024,814.5,0.0,5.37431,0.0,11.326003
2026-04-09 20:00:00+00:00,6816.367675,0.0,0.0,0.0,1143.72,1243.0,514.08,0.0,4.2324,0.0,11.01546
2026-04-09 21:00:00+00:00,6231.436523,0.0,0.0,0.0,458.38,1226.900024,292.38,0.0,3.39952,0.0,13.277394
2026-04-09 22:00:00+00:00,6177.703613,0.0,0.0,0.0,366.58,1416.900024,385.0,0.0,2.820449,0.0,13.492658
2026-04-09 23:00:00+00:00,5692.169433,0.0,0.0,0.0,102.8,1417.099975,403.2,0.0,2.339479,0.0,16.791393
2026-04-10 00:00:00+00:00,6071.890625,0.0,0.0,0.0,93.2,1416.699951,447.78,0.0,2.056941,0.0,22.021863
2026-04-10 01:00:00+00:00,6769.730468,0.0,0.0,0.0,116.25,1415.599975,418.62,0.0,1.875043,0.0,24.816339
2026-04-10 02:00:00+00:00,5946.956054,0.0,0.0,0.0,93.65,1413.800048,431.28,0.0,1.777675,0.0,24.372232
2026-04-10 03:00:00+00:00,6393.875,0.0,0.0,0.0,321.32,1411.099975,564.6,0.0,2.005132,0.0,15.610445
2026-04-10 04:00:00+00:00,7457.728027,0.0,0.0,0.0,1196.88,1407.5,640.42,0.0,3.288872,0.0,15.583636
2026-04-10 05:00:00+00:00,7901.835449,0.0,0.0,0.0,1658.3,1402.800048,697.75,0.0,100.04496,0.0,19.074699
2026-04-10 06:00:00+00:00,8453.810546,0.0,0.0,0.0,1412.22,1397.0,765.72,0.0,419.860198,0.0,22.072105
2026-04-10 07:00:00+00:00,8369.595703,0.0,0.0,0.0,1895.52,1390.0,679.92,0.0,855.512023,0.0,19.787332
2026-04-10 08:00:00+00:00,9053.451171,0.0,0.0,0.0,1783.1,1381.699951,463.45,0.0,1265.961303,0.0,14.706823
2026-04-10 09:00:00+00:00,8150.651855,0.0,0.0,0.0,1961.85,1372.0,256.42,0.0,1361.588623,0.0,9.77039
2026-04-10 10:00:00+00:00,7685.645019,0.0,0.0,0.0,1362.08,1360.800048,229.7,0.0,1552.390502,0.0,10.843507
2026-04-10 11:00:00+00:00,7597.854003,0.0,0.0,0.0,752.65,1348.099975,247.78,0.0,1571.633056,0.0,15.505666
2026-04-10 12:00:00+00:00,7465.22705,0.0,0.0,0.0,300.0,1334.0,313.2,0.0,1529.911987,0.0,17.174224
2026-04-10 13:00:00+00:00,7285.5625,0.0,0.0,0.0,351.6,1318.5,288.45,0.0,1380.506347,0.0,14.503445
2026-04-10 14:00:00+00:00,7555.060058,0.0,0.0,0.0,984.9,1301.699951,518.05,0.0,1061.676391,0.0,12.424734
2026-04-10 15:00:00+00:00,7081.816894,0.0,0.0,0.0,2445.08,1283.900024,1297.1,0.0,809.933166,0.0,8.027906
2026-04-10 16:00:00+00:00,7234.261718,0.0,0.0,0.0,3238.12,1265.099975,2123.98,0.0,435.328002,0.0,3.753509
2026-04-10 17:00:00+00:00,7875.271972,0.0,0.0,0.0,3734.65,1245.5,2513.4,0.0,103.965835,0.0,2.351001
2026-04-10 18:00:00+00:00,7992.841308,0.0,0.0,0.0,3766.85,1225.099975,2490.82,0.0,4.620991,0.0,1.110907
2026-04-10 19:00:00+00:00,7079.338867,0.0,0.0,0.0,3316.2,1204.099975,2181.08,0.0,3.551005,0.0,2.801256
2026-04-10 20:00:00+00:00,7058.314941,0.0,0.0,0.0,2485.3,1182.5,1679.28,0.0,2.904674,0.0,6.778599
2026-04-10 21:00:00+00:00,6914.231445,0.0,0.0,0.0,1905.78,1160.599975,1259.18,0.0,2.309737,0.0,12.63393
2026-04-10 22:00:00+00:00,6470.466796,0.0,0.0,0.0,1708.22,1446.699951,882.68,0.0,1.939376,0.0,18.388849
2026-04-10 23:00:00+00:00,5451.376464,0.0,0.0,0.0,868.72,1445.599975,809.15,0.0,1.491984,0.0,24.722568
2026-04-11 00:00:00+00:00,5945.222656,0.0,0.0,0.0,536.08,1443.5,572.68,0.0,1.315819,0.0,23.227521
2026-04-11 01:00:00+00:00,5781.3125,0.0,0.0,0.0,534.65,1440.300048,391.82,0.0,1.177168,0.0,20.092245
2026-04-11 02:00:00+00:00,5785.10791,0.0,0.0,0.0,423.88,1436.0,440.2,0.0,1.061913,0.0,18.307765
2026-04-11 03:00:00+00:00,6237.439453,0.0,0.0,0.0,406.45,1430.5,449.0,0.0,1.147001,0.0,17.55632
2026-04-11 04:00:00+00:00,6391.09082,0.0,0.0,0.0,586.52,1423.699951,585.9,0.0,3.065455,0.0,18.409227
2026-04-11 05:00:00+00:00,6118.532226,0.0,0.0,0.0,301.48,1415.5,434.45,0.0,143.854141,0.0,19.113111
2026-04-11 06:00:00+00:00,8245.636718,0.0,0.0,0.0,157.52,1405.800048,402.82,0.0,587.900695,0.0,16.789999
2026-04-11 07:00:00+00:00,7665.600585,0.0,0.0,0.0,69.5,1394.5,487.82,0.0,1247.002929,0.0,15.702119
2026-04-11 08:00:00+00:00,6811.879394,0.0,0.0,0.0,53.02,1381.5,404.1,0.0,2065.467285,0.0,16.184795
2026-04-11 09:00:00+00:00,6736.799316,0.0,0.0,0.0,75.85,1366.800048,308.9,0.0,2995.899414,0.0,19.070617
2026-04-11 10:00:00+00:00,6710.209472,0.0,0.0,0.0,82.02,1350.300048,243.82,0.0,3559.157226,0.0,12.154304
2026-04-11 11:00:00+00:00,6656.754882,0.0,0.0,0.0,61.15,1331.800048,250.12,0.0,3655.854492,0.0,5.463517
2026-04-11 12:00:00+00:00,6645.322265,0.0,0.0,0.0,123.52,1311.599975,271.08,0.0,3289.334228,0.0,9.103269
2026-04-11 13:00:00+00:00,6940.655273,0.0,0.0,0.0,86.9,1289.800048,263.52,0.0,2592.789062,0.0,20.538042
2026-04-11 14:00:00+00:00,6644.799804,0.0,0.0,0.0,105.48,1266.599975,325.95,0.0,1562.849365,0.0,40.553989
2026-04-11 15:00:00+00:00,6714.112792,0.0,0.0,0.0,288.9,1242.199951,410.3,0.0,644.316223,0.0,18.436244
2026-04-11 16:00:00+00:00,6726.471191,0.0,0.0,0.0,276.82,1216.800048,431.55,0.0,278.046905,0.0,9.383399
2026-04-11 17:00:00+00:00,6722.316406,0.0,0.0,0.0,705.08,1190.5,663.25,0.0,70.693138,0.0,13.031037
2026-04-11 18:00:00+00:00,6739.820312,0.0,0.0,0.0,606.48,1163.5,500.45,0.0,5.225333,0.0,13.159791
2026-04-11 19:00:00+00:00,7441.498046,0.0,0.0,0.0,363.42,1136.0,491.12,0.0,4.613536,0.0,10.742467
2026-04-11 20:00:00+00:00,6433.308105,0.0,0.0,0.0,124.72,1108.199951,411.28,0.0,3.718922,0.0,8.693467
2026-04-11 21:00:00+00:00,6645.145996,0.0,0.0,0.0,130.65,1080.300048,321.48,0.0,2.874333,0.0,18.928731
2026-04-11 22:00:00+00:00,5678.488769,0.0,0.0,0.0,50.8,1405.400024,303.22,0.0,2.431887,0.0,21.214933
2026-04-11 23:00:00+00:00,5730.277832,0.0,0.0,0.0,30.45,1408.300048,297.2,0.0,2.011043,0.0,28.87848
2026-04-12 00:00:00+00:00,6108.364257,0.0,0.0,0.0,24.3,1410.5,306.8,0.0,1.769459,0.0,33.544612
2026-04-12 01:00:00+00:00,5868.876464,0.0,0.0,0.0,26.3,1411.800048,375.3,0.0,1.5015,0.0,19.593883
2026-04-12 02:00:00+00:00,6937.934082,0.0,0.0,0.0,61.3,1412.199951,398.42,0.0,1.441809,0.0,11.679436
2026-04-12 03:00:00+00:00,6692.871582,0.0,0.0,0.0,48.18,1411.599975,384.08,0.0,1.547549,0.0,8.243692
2026-04-12 04:00:00+00:00,6440.829589,0.0,0.0,0.0,80.8,1409.699951,464.85,0.0,2.094951,0.0,5.075497
2026-04-12 05:00:00+00:00,6197.125488,0.0,0.0,0.0,81.22,1406.5,476.02,0.0,49.659084,0.0,4.306047
2026-04-12 06:00:00+00:00,7128.484863,0.0,0.0,0.0,55.55,1401.900024,318.88,0.0,185.028564,0.0,5.824996
2026-04-12 07:00:00+00:00,7346.318359,0.0,0.0,0.0,65.02,1395.699951,304.38,0.0,315.418762,0.0,7.001773
2026-04-12 08:00:00+00:00,7487.180664,0.0,0.0,0.0,157.65,1387.900024,323.02,0.0,466.709381,0.0,5.667833
2026-04-12 09:00:00+00:00,7281.2583,0.0,0.0,0.0,150.4,1378.300048,294.92,0.0,650.280212,0.0,5.175817
2026-04-12 10:00:00+00:00,6197.276367,0.0,0.0,0.0,94.72,1366.699951,391.28,0.0,761.620117,0.0,6.818173
2026-04-12 11:00:00+00:00,5837.194824,0.0,0.0,0.0,89.42,1353.199951,305.88,0.0,709.786743,0.0,10.984786
2026-04-12 12:00:00+00:00,5774.761718,0.0,0.0,0.0,144.45,1337.900024,310.32,0.0,621.904357,0.0,10.103603
2026-04-12 13:00:00+00:00,5836.036132,0.0,0.0,0.0,42.95,1320.800048,319.98,0.0,571.651,0.0,10.630684
2026-04-12 14:00:00+00:00,6487.529296,0.0,0.0,0.0,134.4,1302.300048,431.05,0.0,421.411254,0.0,13.91098
2026-04-12 15:00:00+00:00,6817.21582,0.0,0.0,0.0,958.92,1282.400024,762.62,0.0,286.963623,0.0,11.591739
2026-04-12 16:00:00+00:00,6632.958496,0.0,0.0,0.0,3036.32,1261.300048,1677.68,0.0,161.210418,0.0,15.256477
2026-04-12 17:00:00+00:00,6706.524414,0.0,0.0,0.0,3171.88,1239.199951,2340.38,0.0,38.554855,0.0,15.848834
2026-04-12 18:00:00+00:00,8133.994628,0.0,0.0,0.0,3514.12,1216.300048,2377.58,0.0,1.755711,0.0,13.059328
2026-04-12 19:00:00+00:00,7687.287109,0.0,0.0,0.0,3284.22,1192.699951,2107.32,0.0,1.717668,0.0,15.549801
2026-04-12 20:00:00+00:00,7267.668457,0.0,0.0,0.0,2823.72,1168.599975,1773.65,0.0,1.274537,0.0,13.363409
2026-04-12 21:00:00+00:00,6137.043457,0.0,0.0,0.0,1641.62,1144.199951,911.38,0.0,0.903165,0.0,16.16192
2026-04-12 22:00:00+00:00,6125.096191,0.0,0.0,0.0,1143.0,1608.300048,636.35,0.0,0.749922,0.0,12.352989
2026-04-12 23:00:00+00:00,6551.618164,0.0,0.0,0.0,337.7,1623.199951,357.52,0.0,0.597287,0.0,9.863734
2026-04-13 00:00:00+00:00,6457.097656,0.0,0.0,0.0,277.78,1636.699951,340.42,0.0,0.494663,0.0,11.942842
2026-04-13 01:00:00+00:00,6511.662597,0.0,0.0,0.0,227.9,1648.699951,311.82,0.0,0.414513,0.0,9.608989
2026-04-13 02:00:00+00:00,6805.687011,0.0,0.0,0.0,289.0,1658.900024,479.98,0.0,0.346578,0.0,11.023569
2026-04-13 03:00:00+00:00,6756.58496,0.0,0.0,0.0,1054.9,1667.199951,970.65,0.0,0.536168,0.0,11.917239
2026-04-13 04:00:00+00:00,6673.314941,0.0,0.0,0.0,2867.28,1673.199951,2143.05,0.0,0.908861,0.0,6.963052
2026-04-13 05:00:00+00:00,8044.773925,0.0,0.0,0.0,3389.7,1676.900024,2506.98,0.0,21.101182,0.0,5.759553
2026-04-13 06:00:00+00:00,8466.815429,0.0,0.0,0.0,3764.28,1677.900024,2592.22,0.0,111.278877,0.0,4.269573
2026-04-13 07:00:00+00:00,8852.251953,0.0,0.0,0.0,3619.85,1676.099975,2445.5,0.0,240.72908,0.0,5.89188
2026-04-13 08:00:00+00:00,8851.041992,0.0,0.0,0.0,3308.68,1671.199951,2197.88,0.0,395.674133,0.0,5.899132
2026-04-13 09:00:00+00:00,8826.644531,0.0,0.0,0.0,2946.28,1663.0,1776.75,0.0,572.119995,0.0,6.892035
2026-04-13 10:00:00+00:00,8121.180175,0.0,0.0,0.0,2108.0,1651.400024,1119.48,0.0,754.516296,0.0,8.70328
2026-04-13 11:00:00+00:00,7850.254882,0.0,0.0,0.0,1177.4,1636.199951,1085.42,0.0,864.00592,0.0,9.043313
2026-04-13 12:00:00+00:00,8076.529296,0.0,0.0,0.0,1769.02,1617.5,1249.52,0.0,831.24475,0.0,11.168947
2026-04-13 13:00:00+00:00,8342.751953,0.0,0.0,0.0,1113.75,1595.699951,763.58,0.0,673.275512,0.0,11.940496
2026-04-13 14:00:00+00:00,7850.40039,0.0,0.0,0.0,1293.65,1571.0,1345.78,0.0,439.209014,0.0,14.056918
2026-04-13 15:00:00+00:00,7873.729492,0.0,0.0,0.0,3040.32,1543.800048,2260.98,0.0,271.490264,0.0,16.248914
2026-04-13 16:00:00+00:00,7710.049316,0.0,0.0,0.0,3851.4,1514.300048,2522.45,0.0,143.913116,0.0,15.216011
2026-04-13 17:00:00+00:00,7451.878906,0.0,0.0,0.0,3895.28,1482.800048,2571.15,0.0,35.27317,0.0,13.379689
2026-04-13 18:00:00+00:00,7373.539062,0.0,0.0,0.0,3903.7,1449.599975,2542.65,0.0,1.438714,0.0,14.836506
2026-04-13 19:00:00+00:00,7593.467773,0.0,0.0,0.0,3166.35,1415.0,2274.8,0.0,1.343927,0.0,13.967911
2026-04-13 20:00:00+00:00,6888.342285,0.0,0.0,0.0,2747.25,1379.199951,2006.7,0.0,0.943242,0.0,12.740032
2026-04-13 21:00:00+00:00,6290.384277,0.0,0.0,0.0,1655.72,1342.5,1080.35,0.0,0.558974,0.0,12.777019
2026-04-13 22:00:00+00:00,6853.484375,0.0,0.0,0.0,583.62,1681.0,482.1,0.0,0.457821,0.0,10.804226
2026-04-13 23:00:00+00:00,7070.645507,0.0,0.0,0.0,327.68,1673.199951,480.35,0.0,0.262618,0.0,9.124794
2026-04-14 00:00:00+00:00,6628.270996,0.0,0.0,0.0,114.9,1664.199951,393.4,0.0,0.112997,0.0,8.718015
2026-04-14 01:00:00+00:00,7243.939941,0.0,0.0,0.0,123.2,1654.0,376.22,0.0,0.015931,0.0,7.259567
2026-04-14 02:00:00+00:00,7486.911132,0.0,0.0,0.0,289.85,1642.699951,394.88,0.0,0.0,0.0,4.973081
2026-04-14 03:00:00+00:00,6923.510742,0.0,0.0,0.0,579.38,1630.099975,635.28,0.0,0.065654,0.0,3.691142
2026-04-14 04:00:00+00:00,7601.529296,0.0,0.0,0.0,1925.3,1616.300048,1477.08,0.0,0.69661,0.0,3.25839
2026-04-14 05:00:00+00:00,9252.580078,0.0,0.0,0.0,3202.22,1601.300048,2052.15,0.0,73.148925,0.0,2.450998
2026-04-14 06:00:00+00:00,8808.246093,0.0,0.0,0.0,3599.62,1585.099975,2276.95,0.0,308.875823,0.0,4.238989
2026-04-14 07:00:00+00:00,8873.295898,0.0,0.0,0.0,1794.85,1567.699951,1212.02,0.0,654.25061,0.0,5.47073
2026-04-14 08:00:00+00:00,8991.171875,0.0,0.0,0.0,515.72,1549.099975,854.3,0.0,981.596618,0.0,8.642663
2026-04-14 09:00:00+00:00,9079.333984,0.0,0.0,0.0,621.58,1529.199951,546.78,0.0,1213.324951,0.0,8.742445
2026-04-14 10:00:00+00:00,8289.42871,0.0,0.0,0.0,479.82,1508.099975,555.55,0.0,1404.68811,0.0,8.3192
2026-04-14 11:00:00+00:00,7839.097167,0.0,0.0,0.0,489.7,1485.800048,506.98,0.0,1454.697387,0.0,9.218356
2026-04-14 12:00:00+00:00,7823.946777,0.0,0.0,0.0,200.3,1462.400024,434.55,0.0,1380.338989,0.0,11.771868
2026-04-14 13:00:00+00:00,7601.250976,0.0,0.0,0.0,181.3,1437.900024,547.65,0.0,1062.862792,0.0,12.433561
2026-04-14 14:00:00+00:00,7604.905273,0.0,0.0,0.0,452.75,1412.599975,862.95,0.0,700.850219,0.0,14.409244
2026-04-14 15:00:00+00:00,7932.206542,0.0,0.0,0.0,1479.52,1386.5,1434.4,0.0,421.620269,0.0,14.695857
2026-04-14 16:00:00+00:00,7902.214843,0.0,0.0,0.0,2929.82,1359.900024,2080.12,0.0,191.817169,0.0,12.08295
2026-04-14 17:00:00+00:00,8127.395507,0.0,0.0,0.0,3336.68,1332.699951,2601.3,0.0,49.843761,0.0,10.270862
2026-04-14 18:00:00+00:00,7505.404296,0.0,0.0,0.0,3312.48,1305.199951,2585.0,0.0,3.656635,0.0,9.10418
2026-04-14 19:00:00+00:00,7956.769042,0.0,0.0,0.0,3295.32,1277.400024,2377.45,0.0,2.651104,0.0,6.418374
2026-04-14 20:00:00+00:00,7066.855468,0.0,0.0,0.0,2924.92,1249.5,2023.52,0.0,1.900872,0.0,5.742947
2026-04-14 21:00:00+00:00,6113.794433,0.0,0.0,0.0,1419.4,1221.599975,1403.22,0.0,1.337906,0.0,6.547756
2026-04-14 22:00:00+00:00,6807.907226,0.0,0.0,0.0,448.15,1551.699951,558.68,0.0,1.147835,0.0,5.267644
2026-04-14 23:00:00+00:00,6099.441894,0.0,0.0,0.0,208.22,1552.099975,500.18,0.0,0.935748,0.0,10.161141
2026-04-15 00:00:00+00:00,5901.981445,0.0,0.0,0.0,155.08,1551.800048,510.58,0.0,0.735429,0.0,7.062691
2026-04-15 01:00:00+00:00,6073.466308,0.0,0.0,0.0,138.65,1550.599975,512.1,0.0,0.536415,0.0,10.71488
2026-04-15 02:00:00+00:00,6749.994628,0.0,0.0,0.0,170.1,1548.400024,616.52,0.0,0.426182,0.0,7.913328
2026-04-15 03:00:00+00:00,6134.185546,0.0,0.0,0.0,523.5,1545.0,957.02,0.0,0.54182,0.0,15.476205
2026-04-15 04:00:00+00:00,7382.138183,0.0,0.0,0.0,2671.9,1540.300048,2051.72,0.0,1.644265,0.0,11.275174
2026-04-15 05:00:00+00:00,7943.436035,0.0,0.0,0.0,3412.35,1534.199951,2399.55,0.0,76.44828,0.0,13.682489
2026-04-15 06:00:00+00:00,8515.021484,0.0,0.0,0.0,2804.8,1526.400024,1947.15,0.0,307.680664,0.0,18.336357
2026-04-15 07:00:00+00:00,8630.911132,0.0,0.0,0.0,870.7,1516.900024,812.52,0.0,676.363464,0.0,20.269371
2026-04-15 08:00:00+00:00,8077.30664,0.0,0.0,0.0,428.6,1505.5,605.1,0.0,1138.130737,0.0,12.499442
2026-04-15 09:00:00+00:00,7952.224609,0.0,0.0,0.0,228.45,1492.099975,431.0,0.0,1513.193237,0.0,6.649443
2026-04-15 10:00:00+00:00,7525.447265,0.0,0.0,0.0,353.18,1476.5,380.82,0.0,1685.08789,0.0,5.269832
2026-04-15 11:00:00+00:00,7406.57666,0.0,0.0,0.0,473.52,1458.5,445.3,0.0,1815.586669,0.0,6.248068
2026-04-15 12:00:00+00:00,7367.553222,0.0,0.0,0.0,302.75,1438.5,405.9,0.0,1821.024414,0.0,8.892846
2026-04-15 13:00:00+00:00,7752.798828,0.0,0.0,0.0,263.65,1416.400024,445.7,0.0,1695.787841,0.0,10.451615
2026-04-15 14:00:00+00:00,7564.857421,0.0,0.0,0.0,423.48,1392.599975,707.68,0.0,1456.887939,0.0,10.514631
2026-04-15 15:00:00+00:00,7389.699218,0.0,0.0,0.0,894.78,1367.199951,861.1,0.0,1022.89923,0.0,10.651277
2026-04-15 16:00:00+00:00,7402.919433,0.0,0.0,0.0,1225.58,1340.300048,1838.02,0.0,553.754882,0.0,10.644499
2026-04-15 17:00:00+00:00,7415.355957,0.0,0.0,0.0,2727.7,1312.300048,2564.98,0.0,148.060211,0.0,9.514694
2026-04-15 18:00:00+00:00,7478.598144,0.0,0.0,0.0,2662.02,1283.199951,2685.02,0.0,6.909272,0.0,7.032515
2026-04-15 19:00:00+00:00,7324.544921,0.0,0.0,0.0,1575.42,1253.300048,2201.68,0.0,4.090936,0.0,6.236002
2026-04-15 20:00:00+00:00,7017.214355,0.0,0.0,0.0,771.9,1222.699951,1289.95,0.0,3.091964,0.0,5.505967
2026-04-15 21:00:00+00:00,6830.538574,0.0,0.0,0.0,512.75,1191.599975,750.42,0.0,2.301347,0.0,4.37347
2026-04-15 22:00:00+00:00,6550.025878,0.0,0.0,0.0,188.62,1562.800048,601.45,0.0,2.027548,0.0,2.599285
2026-04-15 23:00:00+00:00,6521.496093,0.0,0.0,0.0,177.48,1561.900024,441.62,0.0,1.603744,0.0,1.143196
2026-04-16 00:00:00+00:00,5850.463867,0.0,0.0,0.0,288.95,1559.900024,557.65,0.0,1.344022,0.0,2.767264
2026-04-16 01:00:00+00:00,5881.115722,0.0,0.0,0.0,291.32,1556.699951,557.25,0.0,1.12876,0.0,2.588098
2026-04-16 02:00:00+00:00,6872.979492,0.0,0.0,0.0,482.85,1552.099975,450.55,0.0,0.960924,0.0,0.773051
2026-04-16 03:00:00+00:00,6653.217773,0.0,0.0,0.0,730.58,1546.0,851.4,0.0,1.167737,0.0,1.182107
2026-04-16 04:00:00+00:00,7374.425292,0.0,0.0,0.0,2135.05,1538.300048,1810.32,0.0,3.928536,0.0,1.127657
2026-04-16 05:00:00+00:00,8297.170898,0.0,0.0,0.0,2825.08,1528.900024,2396.18,0.0,147.728942,0.0,1.133841
2026-04-16 06:00:00+00:00,8405.129882,0.0,0.0,0.0,1400.72,1517.599975,1949.75,0.0,641.984802,0.0,1.758279
2026-04-16 07:00:00+00:00,7839.869628,0.0,0.0,0.0,559.7,1504.5,792.25,0.0,1509.06726,0.0,1.788377
2026-04-16 08:00:00+00:00,7771.825683,0.0,0.0,0.0,157.75,1489.300048,563.08,0.0,2452.663818,0.0,1.724046
2026-04-16 09:00:00+00:00,7836.117675,0.0,0.0,0.0,157.12,1471.900024,332.15,0.0,3092.274658,0.0,1.916592
2026-04-16 10:00:00+00:00,7962.417968,0.0,0.0,0.0,85.7,1452.300048,340.68,0.0,3468.061035,0.0,1.786551
2026-04-16 11:00:00+00:00,7825.490234,0.0,0.0,0.0,22.3,1430.300048,310.58,0.0,3559.655029,0.0,1.487385
2026-04-16 12:00:00+00:00,7349.390136,0.0,0.0,0.0,122.42,1406.199951,285.55,0.0,3289.392089,0.0,3.139832
2026-04-16 13:00:00+00:00,7134.113769,0.0,0.0,0.0,84.7,1380.099975,283.08,0.0,2910.62207,0.0,6.331919
2026-04-16 14:00:00+00:00,7232.67871,0.0,0.0,0.0,91.22,1352.300048,437.42,0.0,2342.079589,0.0,7.989603
2026-04-16 15:00:00+00:00,7271.375488,0.0,0.0,0.0,438.95,1322.900024,822.78,0.0,1563.231811,0.0,9.38921
2026-04-16 16:00:00+00:00,7879.016113,0.0,0.0,0.0,1311.3,1292.199951,1597.38,0.0,808.993591,0.0,8.539043
2026-04-16 17:00:00+00:00,7503.583007,0.0,0.0,0.0,3177.25,1260.400024,2353.6,0.0,228.529586,0.0,7.210342
2026-04-16 18:00:00+00:00,8366.8125,0.0,0.0,0.0,3275.48,1227.599975,2533.2,0.0,13.001329,0.0,6.274986
2026-04-16 19:00:00+00:00,7398.450195,0.0,0.0,0.0,2993.12,1194.099975,2122.48,0.0,5.878953,0.0,5.699525
2026-04-16 20:00:00+00:00,6806.57373,0.0,0.0,0.0,1784.1,1160.199951,1674.48,0.0,4.657145,0.0,5.903799
2026-04-16 21:00:00+00:00,6880.202148,0.0,0.0,0.0,781.5,1125.900024,849.4,0.0,3.650413,0.0,7.445058
2026-04-16 22:00:00+00:00,6385.948242,0.0,0.0,0.0,846.1,1538.900024,735.22,0.0,3.021925,0.0,8.497751
2026-04-16 23:00:00+00:00,5866.958496,0.0,0.0,0.0,508.85,1539.900024,506.82,0.0,2.488922,0.0,11.529927
2026-04-17 00:00:00+00:00,5981.780273,0.0,0.0,0.0,72.55,1539.900024,484.25,0.0,2.212742,0.0,9.507761
2026-04-17 01:00:00+00:00,5889.161132,0.0,0.0,0.0,70.95,1538.699951,523.65,0.0,1.95427,0.0,8.243923
2026-04-17 02:00:00+00:00,7016.60791,0.0,0.0,0.0,96.02,1536.199951,587.28,0.0,1.826182,0.0,6.386412
2026-04-17 03:00:00+00:00,6262.790039,0.0,0.0,0.0,606.75,1532.199951,685.9,0.0,2.111411,0.0,3.65154
2026-04-17 04:00:00+00:00,7148.123535,0.0,0.0,0.0,2604.82,1526.699951,954.3,0.0,18.926475,0.0,3.618059
2026-04-17 05:00:00+00:00,7964.620605,0.0,0.0,0.0,2829.58,1519.5,1193.22,0.0,301.50769,0.0,4.204493
2026-04-17 06:00:00+00:00,8415.823242,0.0,0.0,0.0,1041.28,1510.400024,976.72,0.0,953.789184,0.0,5.605027
2026-04-17 07:00:00+00:00,8074.651855,0.0,0.0,0.0,161.9,1499.400024,438.4,0.0,1758.560668,0.0,5.170943
2026-04-17 08:00:00+00:00,8106.540039,0.0,0.0,0.0,91.15,1486.199951,285.18,0.0,2519.487304,0.0,3.673181
2026-04-17 09:00:00+00:00,8630.005859,0.0,0.0,0.0,21.95,1470.800048,333.8,0.0,3025.267333,0.0,1.300093
2026-04-17 10:00:00+00:00,7684.329101,0.0,0.0,0.0,72.78,1453.0,312.08,0.0,3314.298828,0.0,1.786243
2026-04-17 11:00:00+00:00,7514.400878,0.0,0.0,0.0,59.18,1432.699951,326.75,0.0,3273.967529,0.0,5.884134
2026-04-17 12:00:00+00:00,7382.18164,0.0,0.0,0.0,77.72,1410.199951,274.45,0.0,3113.745849,0.0,8.704884
2026-04-17 13:00:00+00:00,7828.799804,0.0,0.0,0.0,71.8,1385.599975,274.0,0.0,2787.809814,0.0,9.552412
2026-04-17 14:00:00+00:00,7744.577636,0.0,0.0,0.0,57.42,1359.199951,303.35,0.0,2400.841064,0.0,9.850713
2026-04-17 15:00:00+00:00,7372.714843,0.0,0.0,0.0,134.5,1331.199951,559.65,0.0,1748.785522,0.0,9.906247
2026-04-17 16:00:00+00:00,7574.365722,0.0,0.0,0.0,1459.25,1301.699951,1136.92,0.0,902.095153,0.0,9.548786
2026-04-17 17:00:00+00:00,6985.455078,0.0,0.0,0.0,3522.68,1271.199951,2293.6,0.0,236.265823,0.0,6.727417
2026-04-17 18:00:00+00:00,7776.347656,0.0,0.0,0.0,3347.02,1239.699951,2336.1,0.0,12.705219,0.0,4.602985
2026-04-17 19:00:00+00:00,7372.171875,0.0,0.0,0.0,2299.18,1207.5,1722.0,0.0,5.813492,0.0,3.838978
2026-04-17 20:00:00+00:00,6486.399414,0.0,0.0,0.0,981.18,1174.800048,789.65,0.0,4.819458,0.0,1.715666
2026-04-17 21:00:00+00:00,6471.917968,0.0,0.0,0.0,473.1,1141.900024,518.25,0.0,3.80411,0.0,1.739511
2026-04-17 22:00:00+00:00,6614.480468,0.0,0.0,0.0,468.32,1522.800048,530.1,0.0,3.229379,0.0,1.016365
2026-04-17 23:00:00+00:00,5740.445312,0.0,0.0,0.0,299.75,1523.199951,482.85,0.0,2.663521,0.0,0.039359
2026-04-18 00:00:00+00:00,6100.911132,0.0,0.0,0.0,288.35,1522.800048,445.5,0.0,2.33951,0.0,0.495367
2026-04-18 01:00:00+00:00,5719.089843,0.0,0.0,0.0,237.7,1521.400024,469.75,0.0,2.080034,0.0,0.514312
2026-04-18 02:00:00+00:00,5894.382812,0.0,0.0,0.0,223.15,1519.0,554.6,0.0,1.896539,0.0,0.584268
2026-04-18 03:00:00+00:00,6207.528808,0.0,0.0,0.0,276.62,1515.400024,592.85,0.0,2.059813,0.0,0.985825
2026-04-18 04:00:00+00:00,5903.804687,0.0,0.0,0.0,110.25,1510.599975,836.65,0.0,16.412624,0.0,1.678596
2026-04-18 05:00:00+00:00,6867.721679,0.0,0.0,0.0,95.58,1504.5,743.6,0.0,297.332427,0.0,1.556477
2026-04-18 06:00:00+00:00,7299.709472,0.0,0.0,0.0,79.28,1497.0,558.58,0.0,962.057373,0.0,1.246746
2026-04-18 07:00:00+00:00,7781.898925,0.0,0.0,0.0,83.02,1487.900024,343.6,0.0,1805.42456,0.0,1.03245
2026-04-18 08:00:00+00:00,6732.194824,0.0,0.0,0.0,101.78,1477.199951,381.0,0.0,2621.825195,0.0,0.180791
2026-04-18 09:00:00+00:00,6741.541992,0.0,0.0,0.0,124.65,1464.800048,245.65,0.0,3276.7854,0.0,0.216259
2026-04-18 10:00:00+00:00,6703.757812,0.0,0.0,0.0,50.42,1450.599975,187.8,0.0,3653.840087,0.0,1.661663
2026-04-18 11:00:00+00:00,7123.523437,0.0,0.0,0.0,29.65,1434.599975,179.5,0.0,3720.554931,0.0,4.137264
2026-04-18 12:00:00+00:00,7107.216796,0.0,0.0,0.0,57.1,1416.800048,245.52,0.0,3550.763916,0.0,5.082949
2026-04-18 13:00:00+00:00,6979.975097,0.0,0.0,0.0,38.98,1397.400024,224.95,0.0,3080.712402,0.0,5.931637
2026-04-18 14:00:00+00:00,6940.44873,0.0,0.0,0.0,131.8,1376.699951,351.3,0.0,2356.756347,0.0,5.614687
2026-04-18 15:00:00+00:00,7034.955566,0.0,0.0,0.0,477.72,1354.800048,524.25,0.0,1477.113159,0.0,4.741619
2026-04-18 16:00:00+00:00,6700.983886,0.0,0.0,0.0,1758.75,1331.900024,919.2,0.0,759.234008,0.0,6.664098
2026-04-18 17:00:00+00:00,6762.45996,0.0,0.0,0.0,2943.2,1308.199951,1600.3,0.0,224.080215,0.0,7.471077
2026-04-18 18:00:00+00:00,6773.49121,0.0,0.0,0.0,3099.62,1283.800048,2193.15,0.0,10.241303,0.0,5.637062
2026-04-18 19:00:00+00:00,6688.791503,0.0,0.0,0.0,2671.8,1258.900024,1795.7,0.0,5.695643,0.0,3.977594
2026-04-18 20:00:00+00:00,6973.995605,0.0,0.0,0.0,2245.1,1233.800048,1018.08,0.0,4.738987,0.0,1.978364
2026-04-18 21:00:00+00:00,6784.175292,0.0,0.0,0.0,1493.12,1208.5,716.88,0.0,3.916189,0.0,0.520085
2026-04-18 22:00:00+00:00,5635.80664,0.0,0.0,0.0,494.3,1514.599975,529.42,0.0,3.215724,0.0,0.33711
2026-04-18 23:00:00+00:00,5143.486816,0.0,0.0,0.0,252.32,1515.0,461.5,0.0,2.53335,0.0,0.086929
2026-04-19 00:00:00+00:00,4945.08496,0.0,0.0,0.0,304.75,1514.800048,353.5,0.0,2.199289,0.0,2.552671
2026-04-19 01:00:00+00:00,5270.961914,0.0,0.0,0.0,203.58,1514.0,428.65,0.0,1.997016,0.0,4.340816
2026-04-19 02:00:00+00:00,5686.714843,0.0,0.0,0.0,179.1,1512.400024,528.62,0.0,1.801717,0.0,4.236468
2026-04-19 03:00:00+00:00,5079.103515,0.0,0.0,0.0,176.7,1510.0,549.05,0.0,1.900762,0.0,5.526277
2026-04-19 04:00:00+00:00,6359.604003,0.0,0.0,0.0,158.0,1506.800048,526.75,0.0,8.911502,0.0,15.299472
2026-04-19 05:00:00+00:00,6317.196777,0.0,0.0,0.0,124.75,1502.599975,539.05,0.0,205.473129,0.0,22.421018
2026-04-19 06:00:00+00:00,6964.822265,0.0,0.0,0.0,69.5,1497.400024,520.5,0.0,615.58374,0.0,13.292661
2026-04-19 07:00:00+00:00,7067.953125,0.0,0.0,0.0,46.02,1491.199951,407.9,0.0,1250.629272,0.0,6.829022
2026-04-19 08:00:00+00:00,6708.633789,0.0,0.0,0.0,50.65,1483.800048,340.22,0.0,1871.452514,0.0,9.822841
2026-04-19 09:00:00+00:00,6220.926269,0.0,0.0,0.0,106.82,1475.199951,217.3,0.0,2308.901367,0.0,8.304128
2026-04-19 10:00:00+00:00,6612.162109,0.0,0.0,0.0,145.98,1465.300048,205.02,0.0,2607.388916,0.0,8.403812
2026-04-19 11:00:00+00:00,6952.073242,0.0,0.0,0.0,65.2,1454.099975,180.52,0.0,2660.270751,0.0,8.971398
2026-04-19 12:00:00+00:00,6384.621582,0.0,0.0,0.0,63.28,1441.699951,157.75,0.0,2667.64746,0.0,12.440785
2026-04-19 13:00:00+00:00,6294.24707,0.0,0.0,0.0,112.55,1428.199951,164.32,0.0,2447.613525,0.0,18.698644
2026-04-19 14:00:00+00:00,6288.147949,0.0,0.0,0.0,43.28,1413.699951,338.9,0.0,1927.508789,0.0,18.130519
2026-04-19 15:00:00+00:00,6620.257324,0.0,0.0,0.0,89.38,1398.400024,370.32,0.0,1338.741088,0.0,13.753471
2026-04-19 16:00:00+00:00,6072.623046,0.0,0.0,0.0,106.85,1382.400024,648.88,0.0,690.257019,0.0,13.277123
2026-04-19 17:00:00+00:00,6457.772949,0.0,0.0,0.0,463.95,1365.699951,741.25,0.0,208.685028,0.0,10.972289
2026-04-19 18:00:00+00:00,6928.808105,0.0,0.0,0.0,911.62,1348.599975,1074.78,0.0,14.2916,0.0,8.197815
2026-04-19 19:00:00+00:00,6198.97998,0.0,0.0,0.0,587.0,1331.199951,839.22,0.0,5.360062,0.0,7.601111
2026-04-19 20:00:00+00:00,7295.929687,0.0,0.0,0.0,338.9,1313.5,729.88,0.0,4.248155,0.0,9.579784
2026-04-19 21:00:00+00:00,7243.302734,0.0,0.0,0.0,270.6,1295.800048,523.12,0.0,3.393348,0.0,10.150308
2026-04-19 22:00:00+00:00,7038.561035,0.0,0.0,0.0,180.6,1489.900024,461.52,0.0,2.779434,0.0,10.726261
2026-04-19 23:00:00+00:00,6468.314941,0.0,0.0,0.0,70.5,1490.800048,426.3,0.0,2.410133,0.0,12.074699
2026-04-20 00:00:00+00:00,5539.601074,0.0,0.0,0.0,46.05,1491.300048,386.45,0.0,2.087717,0.0,10.267183
2026-04-20 01:00:00+00:00,6126.777343,0.0,0.0,0.0,113.3,1491.300048,435.12,0.0,1.903602,0.0,13.070371
2026-04-20 02:00:00+00:00,6731.629882,0.0,0.0,0.0,93.25,1490.900024,507.12,0.0,1.769631,0.0,10.435657
2026-04-20 03:00:00+00:00,6764.66748,0.0,0.0,0.0,673.12,1489.900024,774.32,0.0,2.165087,0.0,7.49347
2026-04-20 04:00:00+00:00,6816.617187,0.0,0.0,0.0,2413.98,1488.300048,1391.92,0.0,19.234991,0.0,8.361474
2026-04-20 05:00:00+00:00,8275.661132,0.0,0.0,0.0,2912.05,1486.0,2248.12,0.0,275.804595,0.0,8.471185
2026-04-20 06:00:00+00:00,8913.737304,0.0,0.0,0.0,2808.95,1483.0,1697.85,0.0,872.41333,0.0,6.131813
2026-04-20 07:00:00+00:00,8046.767578,0.0,0.0,0.0,431.15,1479.300048,578.4,0.0,1708.322753,0.0,3.530037
2026-04-20 08:00:00+00:00,8122.923828,0.0,0.0,0.0,73.02,1474.699951,360.25,0.0,2651.662353,0.0,4.000374
2026-04-20 09:00:00+00:00,7769.032226,0.0,0.0,0.0,21.88,1469.199951,276.0,0.0,3361.481445,0.0,7.384362
2026-04-20 10:00:00+00:00,7329.526855,0.0,0.0,0.0,18.88,1462.900024,253.7,0.0,3690.844726,0.0,10.794795
2026-04-20 11:00:00+00:00,7727.394531,0.0,0.0,0.0,21.32,1455.5,336.9,0.0,3624.072753,0.0,13.45086
2026-04-20 12:00:00+00:00,7026.291503,0.0,0.0,0.0,76.05,1447.300048,387.7,0.0,3242.51831,0.0,14.057641
2026-04-20 13:00:00+00:00,7713.185058,0.0,0.0,0.0,82.08,1438.300048,485.58,0.0,2589.17749,0.0,16.612617
2026-04-20 14:00:00+00:00,7614.468261,0.0,0.0,0.0,237.52,1428.599975,472.35,0.0,2079.204589,0.0,15.773065
2026-04-20 15:00:00+00:00,7784.232421,0.0,0.0,0.0,536.62,1418.400024,574.82,0.0,1483.581176,0.0,17.137355
2026-04-20 16:00:00+00:00,8035.522949,0.0,0.0,0.0,2206.08,1407.699951,912.18,0.0,868.074096,0.0,16.725755
2026-04-20 17:00:00+00:00,7355.379394,0.0,0.0,0.0,3246.35,1396.599975,1506.5,0.0,272.061065,0.0,13.147595
2026-04-20 18:00:00+00:00,7725.006835,0.0,0.0,0.0,3397.18,1385.300048,2244.42,0.0,16.747091,0.0,10.344215
2026-04-20 19:00:00+00:00,7868.611816,0.0,0.0,0.0,3113.05,1373.900024,1851.38,0.0,5.994786,0.0,12.582336
2026-04-20 20:00:00+00:00,7044.835937,0.0,0.0,0.0,2337.78,1362.400024,1049.15,0.0,4.776993,0.0,14.488064
2026-04-20 21:00:00+00:00,7548.625976,0.0,0.0,0.0,1297.1,1350.900024,609.0,0.0,3.778138,0.0,12.893566
2026-04-20 22:00:00+00:00,6418.564941,0.0,0.0,0.0,1016.25,1478.800048,294.9,0.0,3.149302,0.0,16.414964
2026-04-20 23:00:00+00:00,6822.695312,0.0,0.0,0.0,522.35,1477.800048,304.15,0.0,2.576398,0.0,17.012163
2026-04-21 00:00:00+00:00,6238.460449,0.0,0.0,0.0,279.65,1476.900024,308.38,0.0,2.256804,0.0,21.627115
2026-04-21 01:00:00+00:00,7445.870117,0.0,0.0,0.0,312.3,1475.900024,408.18,0.0,2.069217,0.0,23.425577
2026-04-21 02:00:00+00:00,6770.613769,0.0,0.0,0.0,438.55,1474.800048,533.38,0.0,1.856832,0.0,20.670236
2026-04-21 03:00:00+00:00,6824.536621,0.0,0.0,0.0,1514.62,1473.800048,788.38,0.0,2.249344,0.0,21.317111
2026-04-21 04:00:00+00:00,6961.989257,0.0,0.0,0.0,2874.8,1472.699951,1763.55,0.0,21.248666,0.0,18.962888
2026-04-21 05:00:00+00:00,8764.782226,0.0,0.0,0.0,2861.15,1471.599975,2053.0,0.0,324.064178,0.0,18.890344
2026-04-21 06:00:00+00:00,9147.582031,0.0,0.0,0.0,2167.38,1470.5,1549.7,0.0,1050.978759,0.0,13.431598
2026-04-21 07:00:00+00:00,8374.547851,0.0,0.0,0.0,935.4,1469.400024,742.7,0.0,1958.587036,0.0,7.041908
2026-04-21 08:00:00+00:00,7962.334472,0.0,0.0,0.0,249.18,1468.300048,462.4,0.0,2831.083251,0.0,6.404965
2026-04-21 09:00:00+00:00,7717.846191,0.0,0.0,0.0,304.1,1467.300048,433.52,0.0,3483.297119,0.0,8.909408
2026-04-21 10:00:00+00:00,8137.032714,0.0,0.0,0.0,21.45,1466.199951,444.65,0.0,3823.508789,0.0,14.80079
2026-04-21 11:00:00+00:00,7609.86621,0.0,0.0,0.0,59.05,1465.199951,425.9,0.0,3794.118896,0.0,18.75271
2026-04-21 12:00:00+00:00,6972.758789,0.0,0.0,0.0,97.65,1464.199951,498.28,0.0,3501.243164,0.0,19.565519
2026-04-21 13:00:00+00:00,7361.126953,0.0,0.0,0.0,29.55,1463.300048,398.88,0.0,3095.399902,0.0,22.778841
2026-04-21 14:00:00+00:00,7684.688964,0.0,0.0,0.0,65.58,1462.300048,433.78,0.0,2511.85913,0.0,22.060314
2026-04-21 15:00:00+00:00,7197.307128,0.0,0.0,0.0,149.72,1461.400024,633.85,0.0,1756.619628,0.0,19.271059
2026-04-21 16:00:00+00:00,7216.395996,0.0,0.0,0.0,1538.4,1460.400024,1250.2,0.0,911.075073,0.0,23.397268
2026-04-21 17:00:00+00:00,7330.43457,0.0,0.0,0.0,2725.95,1459.5,2592.5,0.0,268.603485,0.0,26.122516
2026-04-21 18:00:00+00:00,7929.557128,0.0,0.0,0.0,2966.75,1458.599975,2676.65,0.0,18.24101,0.0,21.544427
2026-04-21 19:00:00+00:00,7456.452148,0.0,0.0,0.0,2565.22,1457.599975,2489.72,0.0,6.145593,0.0,28.65549
2026-04-21 20:00:00+00:00,7512.351562,0.0,0.0,0.0,2005.52,1456.599975,1858.7,0.0,4.90333,0.0,35.586765
2026-04-21 21:00:00+00:00,7053.968261,0.0,0.0,0.0,1190.18,1455.699951,1019.02,0.0,3.685485,0.0,42.421596
2026-04-21 22:00:00+00:00,6934.154296,0.0,0.0,0.0,1095.95,1432.099975,497.62,0.0,3.04878,0.0,30.697721
2026-04-21 23:00:00+00:00,6134.483398,0.0,0.0,0.0,911.32,1425.599975,551.98,0.0,2.576687,0.0,35.193534
2026-04-22 00:00:00+00:00,6634.729003,0.0,0.0,0.0,749.5,1419.0,524.78,0.0,2.252008,0.0,28.396505
2026-04-22 01:00:00+00:00,6625.503906,0.0,0.0,0.0,684.28,1412.699951,526.5,0.0,1.951308,0.0,38.183368
2026-04-22 02:00:00+00:00,6276.378417,0.0,0.0,0.0,795.02,1406.400024,565.2,0.0,1.755319,0.0,28.436723
2026-04-22 03:00:00+00:00,6989.333007,0.0,0.0,0.0,1778.3,1400.400024,1344.85,0.0,2.116653,0.0,35.562316
2026-04-22 04:00:00+00:00,7301.782226,0.0,0.0,0.0,2517.68,1394.699951,2404.45,0.0,24.680448,0.0,33.060417
2026-04-22 05:00:00+00:00,7861.68457,0.0,0.0,0.0,2429.62,1389.300048,2064.08,0.0,329.309295,0.0,41.645858
2026-04-22 06:00:00+00:00,8479.210937,0.0,0.0,0.0,1302.58,1384.199951,1417.12,0.0,1022.799011,0.0,36.971652
2026-04-22 07:00:00+00:00,8519.990234,0.0,0.0,0.0,213.5,1379.599975,600.6,0.0,1886.064941,0.0,26.390869
2026-04-22 08:00:00+00:00,8219.463867,0.0,0.0,0.0,95.92,1375.400024,495.65,0.0,2746.547363,0.0,20.792757
2026-04-22 09:00:00+00:00,7966.575195,0.0,0.0,0.0,154.08,1371.699951,340.85,0.0,3439.450439,0.0,19.30515
2026-04-22 10:00:00+00:00,7562.916015,0.0,0.0,0.0,28.88,1368.5,361.65,0.0,3891.183349,0.0,21.45672
2026-04-22 11:00:00+00:00,7994.710449,0.0,0.0,0.0,15.0,1366.0,290.32,0.0,4053.47998,0.0,24.351808
2026-04-22 12:00:00+00:00,7343.807128,0.0,0.0,0.0,35.28,1364.0,231.62,0.0,3940.827636,0.0,28.76581
2026-04-22 13:00:00+00:00,7348.537109,0.0,0.0,0.0,31.9,1362.599975,275.12,0.0,3547.970703,0.0,31.718816
2026-04-22 14:00:00+00:00,7524.041015,0.0,0.0,0.0,26.7,1361.699951,351.55,0.0,2876.181152,0.0,32.692699
2026-04-22 15:00:00+00:00,7341.619628,0.0,0.0,0.0,113.62,1361.199951,469.5,0.0,1966.254516,0.0,31.041395
2026-04-22 16:00:00+00:00,7757.536621,0.0,0.0,0.0,936.15,1361.199951,913.6,0.0,1013.7005,0.0,30.13134
2026-04-22 17:00:00+00:00,7319.053222,0.0,0.0,0.0,2850.65,1361.599975,2197.2,0.0,284.952819,0.0,26.146076
2026-04-22 18:00:00+00:00,7831.722167,0.0,0.0,0.0,3032.18,1362.400024,2382.32,0.0,18.886571,0.0,29.152359
2026-04-22 19:00:00+00:00,7734.848144,0.0,0.0,0.0,2649.5,1363.599975,2134.6,0.0,6.30946,0.0,39.617504
2026-04-22 20:00:00+00:00,7403.458007,0.0,0.0,0.0,1834.38,1365.099975,1463.3,0.0,4.985857,0.0,38.570579
2026-04-22 21:00:00+00:00,6253.467773,0.0,0.0,0.0,1567.62,1366.800048,687.0,0.0,3.85081,0.0,49.000358
2026-04-22 22:00:00+00:00,6721.513183,0.0,0.0,0.0,563.82,1304.599975,643.12,0.0,3.109334,0.0,38.472206
2026-04-22 23:00:00+00:00,6497.179687,0.0,0.0,0.0,108.5,1299.599975,470.38,0.0,2.647774,0.0,44.241241
2026-04-23 00:00:00+00:00,6543.581542,0.0,0.0,0.0,131.85,1295.0,586.2,0.0,2.233836,0.0,38.426048
2026-04-23 01:00:00+00:00,6310.33496,0.0,0.0,0.0,174.98,1290.800048,499.48,0.0,2.040276,0.0,42.970851
2026-04-23 02:00:00+00:00,6039.656738,0.0,0.0,0.0,417.7,1287.099975,552.02,0.0,1.851426,0.0,35.40229
2026-04-23 03:00:00+00:00,7090.707519,0.0,0.0,0.0,1810.92,1284.0,992.25,0.0,2.148115,0.0,33.56184
2026-04-23 04:00:00+00:00,7312.638671,0.0,0.0,0.0,2923.05,1281.400024,1843.28,0.0,27.804212,0.0,34.578933
2026-04-23 05:00:00+00:00,8063.799804,0.0,0.0,0.0,3162.7,1279.400024,2427.5,0.0,368.635925,0.0,38.668891
2026-04-23 06:00:00+00:00,8258.292968,0.0,0.0,0.0,1497.5,1278.099975,1726.25,0.0,1133.279785,0.0,33.761661
2026-04-23 07:00:00+00:00,8467.80371,0.0,0.0,0.0,157.35,1277.5,390.92,0.0,2050.505371,0.0,26.348411
2026-04-23 08:00:00+00:00,7742.275878,0.0,0.0,0.0,105.82,1277.599975,244.12,0.0,2900.929687,0.0,20.139717
2026-04-23 09:00:00+00:00,7868.248046,0.0,0.0,0.0,99.3,1278.5,254.18,0.0,3543.462402,0.0,11.098335
2026-04-23 10:00:00+00:00,7951.735351,0.0,0.0,0.0,133.5,1280.199951,281.05,0.0,3924.788818,0.0,9.212998
2026-04-23 11:00:00+00:00,7773.529296,0.0,0.0,0.0,142.48,1282.699951,218.6,0.0,4043.742675,0.0,14.748631
2026-04-23 12:00:00+00:00,7425.742675,0.0,0.0,0.0,98.3,1286.0,221.92,0.0,3914.672363,0.0,18.926036
2026-04-23 13:00:00+00:00,7076.625,0.0,0.0,0.0,145.72,1290.0,238.42,0.0,3536.41333,0.0,19.546813
2026-04-23 14:00:00+00:00,7249.330078,0.0,0.0,0.0,155.72,1294.699951,275.9,0.0,2892.577392,0.0,22.556016
2026-04-23 15:00:00+00:00,7327.502441,0.0,0.0,0.0,232.08,1299.900024,319.75,0.0,2018.786132,0.0,22.208957
2026-04-23 16:00:00+00:00,7526.709472,0.0,0.0,0.0,872.78,1305.699951,857.18,0.0,1060.163696,0.0,20.147621
2026-04-23 17:00:00+00:00,7239.602539,0.0,0.0,0.0,2795.4,1311.900024,2428.58,0.0,306.397766,0.0,17.887994
2026-04-23 18:00:00+00:00,7862.279296,0.0,0.0,0.0,3140.22,1318.400024,2846.48,0.0,20.738237,0.0,22.579399
2026-04-23 19:00:00+00:00,7643.474609,0.0,0.0,0.0,3108.58,1325.300048,2136.4,0.0,6.172287,0.0,20.111335
2026-04-23 20:00:00+00:00,7350.926757,0.0,0.0,0.0,2569.78,1332.400024,1376.9,0.0,5.099158,0.0,17.043046
2026-04-23 21:00:00+00:00,6748.627929,0.0,0.0,0.0,2348.95,1339.599975,919.2,0.0,3.939228,0.0,21.352144
2026-04-23 22:00:00+00:00,6302.625488,0.0,0.0,0.0,321.08,1305.300048,691.82,0.0,3.333286,0.0,27.381713
2026-04-23 23:00:00+00:00,6735.555664,0.0,0.0,0.0,139.95,1306.0,538.65,0.0,2.732482,0.0,36.27819
2026-04-24 00:00:00+00:00,6202.041992,0.0,0.0,0.0,195.48,1306.699951,393.6,0.0,2.408752,0.0,41.591461
2026-04-24 01:00:00+00:00,6994.771484,0.0,0.0,0.0,202.02,1307.599975,520.32,0.0,2.161531,0.0,43.891338
2026-04-24 02:00:00+00:00,5790.534667,0.0,0.0,0.0,264.68,1308.599975,688.12,0.0,1.931352,0.0,44.180049
2026-04-24 03:00:00+00:00,6207.933105,0.0,0.0,0.0,776.3,1309.800048,1345.45,0.0,2.267081,0.0,47.475303
2026-04-24 04:00:00+00:00,7002.314453,0.0,0.0,0.0,2053.62,1311.0,2068.88,0.0,30.264278,0.0,51.033893
2026-04-24 05:00:00+00:00,7990.141601,0.0,0.0,0.0,2398.1,1312.400024,2547.82,0.0,385.28836,0.0,48.162006
2026-04-24 06:00:00+00:00,8352.831054,0.0,0.0,0.0,936.32,1313.800048,1411.28,0.0,1154.132202,0.0,31.108175
2026-04-24 07:00:00+00:00,8259.239257,0.0,0.0,0.0,143.58,1315.400024,438.48,0.0,2060.512939,0.0,12.867205
2026-04-24 08:00:00+00:00,8079.805664,0.0,0.0,0.0,35.4,1317.0,323.55,0.0,2892.630859,0.0,3.742596
2026-04-24 09:00:00+00:00,7813.902832,0.0,0.0,0.0,71.62,1318.699951,243.18,0.0,3507.77124,0.0,1.803197
2026-04-24 10:00:00+00:00,7537.30957,0.0,0.0,0.0,27.75,1320.599975,286.62,0.0,3878.271728,0.0,4.061656
2026-04-24 11:00:00+00:00,7554.660644,0.0,0.0,0.0,67.68,1322.5,244.3,0.0,3988.234619,0.0,8.935684
2026-04-24 12:00:00+00:00,7906.561035,0.0,0.0,0.0,48.82,1324.5,214.42,0.0,3848.093994,0.0,12.875531
2026-04-24 13:00:00+00:00,7555.265625,0.0,0.0,0.0,65.45,1326.599975,217.5,0.0,3462.154296,0.0,14.422153
2026-04-24 14:00:00+00:00,7890.239746,0.0,0.0,0.0,63.02,1328.599975,241.88,0.0,2837.170898,0.0,16.808607
2026-04-24 15:00:00+00:00,7800.316894,0.0,0.0,0.0,79.7,1330.800048,387.65,0.0,1981.008789,0.0,16.157342
2026-04-24 16:00:00+00:00,7680.537109,0.0,0.0,0.0,458.58,1332.900024,1017.88,0.0,1046.73291,0.0,13.335721
2026-04-24 17:00:00+00:00,7323.119628,0.0,0.0,0.0,3329.1,1335.099975,2709.1,0.0,311.397125,0.0,10.374094
2026-04-24 18:00:00+00:00,7369.023437,0.0,0.0,0.0,3727.9,1337.199951,2746.4,0.0,23.593122,0.0,7.655617
2026-04-24 19:00:00+00:00,7297.774902,0.0,0.0,0.0,3079.72,1339.300048,2469.3,0.0,6.11875,0.0,7.134205
2026-04-24 20:00:00+00:00,6655.934082,0.0,0.0,0.0,2381.48,1341.300048,1644.9,0.0,5.24218,0.0,5.406326
2026-04-24 21:00:00+00:00,6589.103027,0.0,0.0,0.0,1728.32,1343.300048,1051.95,0.0,4.114386,0.0,5.545556
2026-04-24 22:00:00+00:00,6634.446289,0.0,0.0,0.0,842.32,1321.5,623.5,0.0,3.379935,0.0,3.549469
2026-04-24 23:00:00+00:00,5329.535644,0.0,0.0,0.0,479.08,1317.5,526.58,0.0,2.717703,0.0,2.595386
2026-04-25 00:00:00+00:00,5719.345703,0.0,0.0,0.0,372.65,1313.400024,494.0,0.0,2.397555,0.0,3.47348
2026-04-25 01:00:00+00:00,5739.806152,0.0,0.0,0.0,313.3,1309.400024,458.02,0.0,2.193947,0.0,4.402204
2026-04-25 02:00:00+00:00,6170.572265,0.0,0.0,0.0,333.82,1305.5,511.22,0.0,1.977631,0.0,3.684316
2026-04-25 03:00:00+00:00,6810.911621,0.0,0.0,0.0,414.68,1301.800048,425.62,0.0,2.178093,0.0,3.982861
2026-04-25 04:00:00+00:00,5914.887207,0.0,0.0,0.0,693.72,1298.199951,430.48,0.0,32.853328,0.0,4.258344
2026-04-25 05:00:00+00:00,6560.028808,0.0,0.0,0.0,264.18,1294.800048,339.08,0.0,391.27243,0.0,4.50242
2026-04-25 06:00:00+00:00,7142.846679,0.0,0.0,0.0,91.2,1291.699951,373.7,0.0,1146.902465,0.0,4.481178
2026-04-25 07:00:00+00:00,7458.743164,0.0,0.0,0.0,96.72,1288.900024,345.5,0.0,2033.81604,0.0,2.581758
2026-04-25 08:00:00+00:00,6752.936523,0.0,0.0,0.0,104.55,1286.5,287.42,0.0,2841.514648,0.0,1.45553
2026-04-25 09:00:00+00:00,6732.658203,0.0,0.0,0.0,158.65,1284.400024,271.75,0.0,3445.314697,0.0,2.946633
2026-04-25 10:00:00+00:00,7246.826171,0.0,0.0,0.0,131.82,1282.699951,171.6,0.0,3802.5,0.0,7.29312
2026-04-25 11:00:00+00:00,6875.943847,0.0,0.0,0.0,130.65,1281.599975,160.18,0.0,3902.590332,0.0,10.016258
2026-04-25 12:00:00+00:00,6718.484375,0.0,0.0,0.0,60.1,1280.900024,184.55,0.0,3776.443847,0.0,11.354272
2026-04-25 13:00:00+00:00,6617.557128,0.0,0.0,0.0,69.02,1280.699951,194.95,0.0,3407.351074,0.0,11.427329
2026-04-25 14:00:00+00:00,6831.80371,0.0,0.0,0.0,118.18,1281.0,242.38,0.0,2783.618652,0.0,11.953099
2026-04-25 15:00:00+00:00,6647.619628,0.0,0.0,0.0,22.55,1281.800048,285.48,0.0,1942.015991,0.0,14.364383
2026-04-25 16:00:00+00:00,7131.927246,0.0,0.0,0.0,16.42,1283.099975,375.98,0.0,1032.065795,0.0,10.162604
2026-04-25 17:00:00+00:00,6855.736816,0.0,0.0,0.0,41.92,1284.900024,428.8,0.0,307.624542,0.0,11.156692
2026-04-25 18:00:00+00:00,6519.828125,0.0,0.0,0.0,144.4,1287.199951,376.18,0.0,20.679843,0.0,8.497097
2026-04-25 19:00:00+00:00,6758.574218,0.0,0.0,0.0,133.7,1290.099975,565.05,0.0,6.058047,0.0,9.049758
2026-04-25 20:00:00+00:00,6856.631835,0.0,0.0,0.0,128.0,1293.599975,512.72,0.0,5.050197,0.0,6.821903
2026-04-25 21:00:00+00:00,5644.661621,0.0,0.0,0.0,56.1,1297.599975,388.48,0.0,4.142039,0.0,4.369358
2026-04-25 22:00:00+00:00,5806.575683,0.0,0.0,0.0,87.65,1199.800048,283.3,0.0,3.40693,0.0,3.658042
2026-04-25 23:00:00+00:00,6752.603515,0.0,0.0,0.0,93.25,1195.900024,288.32,0.0,2.782159,0.0,4.425636
2026-04-26 00:00:00+00:00,6104.680175,0.0,0.0,0.0,126.08,1193.0,297.48,0.0,2.39027,0.0,5.341458
2026-04-26 01:00:00+00:00,5376.375,0.0,0.0,0.0,130.35,1191.099975,309.82,0.0,2.084908,0.0,5.377081
2026-04-26 02:00:00+00:00,6819.233398,0.0,0.0,0.0,121.18,1190.300048,486.0,0.0,1.966396,0.0,5.421195
2026-04-26 03:00:00+00:00,6624.731445,0.0,0.0,0.0,201.28,1190.699951,510.25,0.0,2.12127,0.0,12.094642
2026-04-26 04:00:00+00:00,6614.966308,0.0,0.0,0.0,199.98,1192.300048,418.75,0.0,41.474868,0.0,20.345928
2026-04-26 05:00:00+00:00,6385.131835,0.0,0.0,0.0,82.9,1195.300048,301.08,0.0,417.987762,0.0,29.831848
2026-04-26 06:00:00+00:00,7436.875488,0.0,0.0,0.0,58.1,1199.800048,348.75,0.0,1154.534667,0.0,22.428365
2026-04-26 07:00:00+00:00,6180.061523,0.0,0.0,0.0,107.1,1205.900024,395.42,0.0,1988.058227,0.0,16.805931
2026-04-26 08:00:00+00:00,7027.788574,0.0,0.0,0.0,155.3,1213.599975,217.3,0.0,2735.118164,0.0,9.360954
2026-04-26 09:00:00+00:00,6222.899414,0.0,0.0,0.0,138.12,1223.099975,166.75,0.0,3292.841552,0.0,5.195164
2026-04-26 10:00:00+00:00,6712.044433,0.0,0.0,0.0,165.08,1234.400024,152.0,0.0,3582.95166,0.0,5.820005
2026-04-26 11:00:00+00:00,6456.750976,0.0,0.0,0.0,206.05,1247.699951,160.38,0.0,3490.123291,0.0,9.451889
2026-04-26 12:00:00+00:00,6775.159179,0.0,0.0,0.0,80.55,1262.699951,132.1,0.0,3398.125976,0.0,14.221272
2026-04-26 13:00:00+00:00,6686.333984,0.0,0.0,0.0,20.7,1279.300048,141.7,0.0,3218.661621,0.0,13.88411
2026-04-26 14:00:00+00:00,6284.509277,0.0,0.0,0.0,34.55,1297.300048,179.05,0.0,2749.12622,0.0,14.15906
2026-04-26 15:00:00+00:00,5887.962402,0.0,0.0,0.0,99.1,1316.5,273.8,0.0,1964.163208,0.0,14.070429
2026-04-26 16:00:00+00:00,5974.217773,0.0,0.0,0.0,739.9,1336.900024,660.1,0.0,1048.674316,0.0,14.27469
2026-04-26 17:00:00+00:00,6398.644042,0.0,0.0,0.0,2195.85,1358.099975,1111.0,0.0,300.983337,0.0,12.060167
2026-04-26 18:00:00+00:00,6141.533691,0.0,0.0,0.0,2705.82,1380.0,1262.98,0.0,23.611011,0.0,11.178512
2026-04-26 19:00:00+00:00,6261.76123,0.0,0.0,0.0,2811.45,1402.5,1617.25,0.0,5.957035,0.0,11.824311
2026-04-26 20:00:00+00:00,5771.14746,0.0,0.0,0.0,2708.08,1425.400024,1761.65,0.0,5.006747,0.0,12.163946
2026-04-26 21:00:00+00:00,7008.701171,0.0,0.0,0.0,2406.68,1448.400024,1245.52,0.0,3.922282,0.0,11.629047
2026-04-26 22:00:00+00:00,7167.145507,0.0,0.0,0.0,1780.75,1367.5,857.7,0.0,3.213025,0.0,12.451854
2026-04-26 23:00:00+00:00,5594.817382,0.0,0.0,0.0,1105.38,1378.699951,508.25,0.0,2.669644,0.0,16.720369
2026-04-27 00:00:00+00:00,5735.07373,0.0,0.0,0.0,1003.68,1389.900024,471.1,0.0,2.302505,0.0,22.900617
2026-04-27 01:00:00+00:00,6382.176757,0.0,0.0,0.0,1082.92,1401.0,510.55,0.0,2.069078,0.0,20.088459
2026-04-27 02:00:00+00:00,5915.061523,0.0,0.0,0.0,1637.08,1412.099975,732.2,0.0,1.988967,0.0,15.296287
2026-04-27 03:00:00+00:00,6041.755371,0.0,0.0,0.0,2586.78,1422.900024,1204.28,0.0,2.349892,0.0,12.345506
2026-04-27 04:00:00+00:00,7348.790039,0.0,0.0,0.0,3281.75,1433.599975,2177.15,0.0,44.471458,0.0,9.85275
2026-04-27 05:00:00+00:00,8681.364257,0.0,0.0,0.0,3343.9,1443.900024,1839.68,0.0,421.690856,0.0,7.983379
2026-04-27 06:00:00+00:00,8011.533203,0.0,0.0,0.0,2090.1,1453.900024,1093.68,0.0,1142.967285,0.0,8.569172
2026-04-27 07:00:00+00:00,7463.699218,0.0,0.0,0.0,141.9,1463.5,428.1,0.0,1957.880004,0.0,7.906199
2026-04-27 08:00:00+00:00,7353.692382,0.0,0.0,0.0,22.8,1472.599975,276.35,0.0,2797.989746,0.0,6.321129
2026-04-27 09:00:00+00:00,7409.99121,0.0,0.0,0.0,13.0,1481.199951,336.8,0.0,3404.307373,0.0,5.218363
2026-04-27 10:00:00+00:00,7161.675292,0.0,0.0,0.0,13.0,1489.199951,253.02,0.0,3803.543457,0.0,5.738298
2026-04-27 11:00:00+00:00,6938.666992,0.0,0.0,0.0,13.0,1496.5,218.68,0.0,3911.458251,0.0,8.681404
2026-04-27 12:00:00+00:00,7753.687988,0.0,0.0,0.0,25.8,1503.199951,198.1,0.0,3755.262939,0.0,10.649507
2026-04-27 13:00:00+00:00,7810.191406,0.0,0.0,0.0,38.08,1509.300048,217.78,0.0,3262.755371,0.0,10.843286
2026-04-27 14:00:00+00:00,7768.307128,0.0,0.0,0.0,110.68,1514.800048,383.5,0.0,2503.245117,0.0,13.208495
2026-04-27 15:00:00+00:00,7930.170898,0.0,0.0,0.0,808.9,1519.699951,927.62,0.0,1708.7052,0.0,13.907002
2026-04-27 16:00:00+00:00,7817.416503,0.0,0.0,0.0,2630.25,1524.199951,1850.5,0.0,913.731323,0.0,12.850441
2026-04-27 17:00:00+00:00,7488.208496,0.0,0.0,0.0,3430.12,1528.099975,2466.28,0.0,312.776763,0.0,7.933004
2026-04-27 18:00:00+00:00,7054.32373,0.0,0.0,0.0,3504.5,1531.5,2454.98,0.0,27.075557,0.0,4.854004
2026-04-27 19:00:00+00:00,6834.823242,0.0,0.0,0.0,3259.75,1534.599975,2341.68,0.0,6.020484,0.0,3.794096
2026-04-27 20:00:00+00:00,6493.769042,0.0,0.0,0.0,2646.55,1537.099975,1433.72,0.0,4.890457,0.0,3.657886
2026-04-27 21:00:00+00:00,7392.736328,0.0,0.0,0.0,1416.4,1539.300048,763.45,0.0,3.686859,0.0,4.648905
2026-04-27 22:00:00+00:00,5033.582031,0.0,0.0,0.0,1377.1,1656.800048,595.65,0.0,3.137809,0.0,6.166126
2026-04-27 23:00:00+00:00,6199.608398,0.0,0.0,0.0,655.22,1665.900024,379.0,0.0,2.67435,0.0,5.923057
2026-04-28 00:00:00+00:00,6396.873046,0.0,0.0,0.0,483.28,1674.300048,378.02,0.0,2.277838,0.0,3.271844
2026-04-28 01:00:00+00:00,5855.273437,0.0,0.0,0.0,476.98,1682.099975,359.4,0.0,2.013019,0.0,3.477826
2026-04-28 02:00:00+00:00,6350.913574,0.0,0.0,0.0,844.3,1689.099975,493.1,0.0,1.8781,0.0,3.398362
2026-04-28 03:00:00+00:00,5485.108398,0.0,0.0,0.0,1219.55,1695.199951,1025.85,0.0,2.265513,0.0,2.211889
2026-04-28 04:00:00+00:00,7463.058105,0.0,0.0,0.0,2475.1,1700.599975,1427.7,0.0,35.840057,0.0,1.787317
2026-04-28 05:00:00+00:00,7995.909667,0.0,0.0,0.0,1992.45,1705.0,1272.35,0.0,295.54248,0.0,2.66562
2026-04-28 06:00:00+00:00,7682.027832,0.0,0.0,0.0,872.9,1708.5,942.3,0.0,777.823486,0.0,2.896366
2026-04-28 07:00:00+00:00,8366.607421,0.0,0.0,0.0,115.62,1711.0,430.95,0.0,1440.417114,0.0,3.146149
2026-04-28 08:00:00+00:00,7750.392578,0.0,0.0,0.0,35.72,1712.5,368.55,0.0,2002.689086,0.0,1.818487
2026-04-28 09:00:00+00:00,7543.791503,0.0,0.0,0.0,44.15,1712.900024,316.65,0.0,2375.097656,0.0,3.754912
2026-04-28 10:00:00+00:00,7754.005859,0.0,0.0,0.0,16.62,1712.099975,379.05,0.0,2425.795898,0.0,4.160457
2026-04-28 11:00:00+00:00,7410.632812,0.0,0.0,0.0,11.55,1710.199951,287.6,0.0,2203.165527,0.0,4.615495
2026-04-28 12:00:00+00:00,7550.981933,0.0,0.0,0.0,18.4,1707.199951,312.55,0.0,1905.313964,0.0,5.892581
2026-04-28 13:00:00+00:00,7792.997558,0.0,0.0,0.0,105.92,1703.099975,401.85,0.0,1362.095703,0.0,5.941726
2026-04-28 14:00:00+00:00,7568.586914,0.0,0.0,0.0,89.05,1698.099975,479.6,0.0,885.174072,0.0,7.155204
2026-04-28 15:00:00+00:00,7815.756835,0.0,0.0,0.0,445.58,1692.300048,623.65,0.0,509.272674,0.0,7.468632
2026-04-28 16:00:00+00:00,7677.960449,0.0,0.0,0.0,1320.9,1685.599975,1302.62,0.0,273.081359,0.0,5.559289
2026-04-28 17:00:00+00:00,7342.067382,0.0,0.0,0.0,2286.8,1678.300048,1908.82,0.0,103.118095,0.0,5.645441
2026-04-28 18:00:00+00:00,7426.27539,0.0,0.0,0.0,2759.42,1670.300048,2069.6,0.0,10.353873,0.0,8.185033
2026-04-28 19:00:00+00:00,6768.997558,0.0,0.0,0.0,2030.28,1661.800048,1652.68,0.0,4.403072,0.0,7.278145
2026-04-28 20:00:00+00:00,6474.41748,0.0,0.0,0.0,1449.85,1652.800048,1255.7,0.0,3.455641,0.0,10.496326
2026-04-28 21:00:00+00:00,6389.359375,0.0,0.0,0.0,829.05,1643.5,508.4,0.0,2.75303,0.0,12.594089
2026-04-28 22:00:00+00:00,6136.275878,0.0,0.0,0.0,995.35,1744.400024,612.62,0.0,2.325834,0.0,13.45309
2026-04-28 23:00:00+00:00,5983.8125,0.0,0.0,0.0,803.45,1744.199951,598.65,0.0,1.866098,0.0,23.296213
2026-04-29 00:00:00+00:00,6395.578613,0.0,0.0,0.0,794.72,1743.599975,555.28,0.0,1.621155,0.0,32.761272
2026-04-29 01:00:00+00:00,6048.672851,0.0,0.0,0.0,641.7,1742.5,569.85,0.0,1.394893,0.0,27.054641
2026-04-29 02:00:00+00:00,6101.799316,0.0,0.0,0.0,959.42,1740.800048,704.32,0.0,1.315741,0.0,21.594039
2026-04-29 03:00:00+00:00,6448.503417,0.0,0.0,0.0,1548.18,1738.599975,1018.82,0.0,1.652453,0.0,21.459955
2026-04-29 04:00:00+00:00,7298.498046,0.0,0.0,0.0,3195.0,1735.900024,1815.05,0.0,13.177027,0.0,28.673612
2026-04-29 05:00:00+00:00,7730.374511,0.0,0.0,0.0,3118.9,1732.599975,2048.88,0.0,128.538681,0.0,29.907258
2026-04-29 06:00:00+00:00,7760.813964,0.0,0.0,0.0,1506.12,1728.699951,1402.32,0.0,352.523864,0.0,33.557823
2026-04-29 07:00:00+00:00,7654.959472,0.0,0.0,0.0,325.68,1724.199951,919.35,0.0,752.222595,0.0,23.499732
2026-04-29 08:00:00+00:00,7496.388183,0.0,0.0,0.0,288.65,1719.199951,674.02,0.0,1441.262573,0.0,16.627401
2026-04-29 09:00:00+00:00,7489.5708,0.0,0.0,0.0,178.4,1713.5,594.58,0.0,2140.795166,0.0,17.07975
2026-04-29 10:00:00+00:00,7558.853027,0.0,0.0,0.0,60.4,1707.099975,533.45,0.0,2595.881103,0.0,27.50727
2026-04-29 11:00:00+00:00,6966.941894,0.0,0.0,0.0,24.58,1700.199951,475.65,0.0,2984.044677,0.0,23.038028
2026-04-29 12:00:00+00:00,7198.642089,0.0,0.0,0.0,46.08,1692.599975,340.38,0.0,2976.607421,0.0,17.692667
2026-04-29 13:00:00+00:00,7361.137695,0.0,0.0,0.0,106.7,1684.599975,516.22,0.0,2699.52832,0.0,18.052526
2026-04-29 14:00:00+00:00,7509.063964,0.0,0.0,0.0,83.5,1676.0,383.62,0.0,2237.168212,0.0,21.040401
2026-04-29 15:00:00+00:00,7307.362304,0.0,0.0,0.0,143.12,1667.099975,672.58,0.0,1615.20227,0.0,22.230354
2026-04-29 16:00:00+00:00,7511.950195,0.0,0.0,0.0,1004.85,1657.699951,901.78,0.0,915.75415,0.0,21.753805
2026-04-29 17:00:00+00:00,7620.819824,0.0,0.0,0.0,3297.7,1648.099975,2372.15,0.0,328.169769,0.0,29.667936
2026-04-29 18:00:00+00:00,7711.451171,0.0,0.0,0.0,3552.15,1638.199951,2481.25,0.0,31.407274,0.0,37.622982
2026-04-29 19:00:00+00:00,6696.458007,0.0,0.0,0.0,3424.6,1628.199951,2189.35,0.0,5.729565,0.0,46.292472
2026-04-29 20:00:00+00:00,6665.237304,0.0,0.0,0.0,2581.9,1618.0,1532.85,0.0,4.758932,0.0,53.137241
2026-04-29 21:00:00+00:00,6450.571289,0.0,0.0,0.0,1611.32,1607.699951,866.0,0.0,3.679728,0.0,54.258369
2026-04-29 22:00:00+00:00,6357.262207,0.0,0.0,0.0,702.65,1671.699951,768.62,0.0,3.226914,0.0,53.125396
2026-04-29 23:00:00+00:00,6036.833496,0.0,0.0,0.0,437.75,1666.199951,787.55,0.0,2.705022,0.0,53.014553
2026-04-30 00:00:00+00:00,5627.677246,0.0,0.0,0.0,310.68,1660.599975,809.8,0.0,2.307524,0.0,53.639926
2026-04-30 01:00:00+00:00,5653.447265,0.0,0.0,0.0,255.8,1654.900024,807.92,0.0,2.034571,0.0,51.634216
2026-04-30 02:00:00+00:00,5850.736816,0.0,0.0,0.0,511.05,1649.099975,979.38,0.0,1.826101,0.0,47.092372
2026-04-30 03:00:00+00:00,6519.574707,0.0,0.0,0.0,1528.42,1643.199951,1740.42,0.0,2.092398,0.0,44.247692
2026-04-30 04:00:00+00:00,7023.390136,0.0,0.0,0.0,2740.8,1637.199951,2364.92,0.0,48.144939,0.0,44.667781
2026-04-30 05:00:00+00:00,8288.351562,0.0,0.0,0.0,2242.32,1631.199951,2059.75,0.0,421.801177,0.0,40.576198
2026-04-30 06:00:00+00:00,8381.24707,0.0,0.0,0.0,438.78,1625.099975,1089.18,0.0,1153.157226,0.0,37.39389
2026-04-30 07:00:00+00:00,7917.148925,0.0,0.0,0.0,128.82,1619.0,412.22,0.0,2013.969238,0.0,25.686925
2026-04-30 08:00:00+00:00,7685.704101,0.0,0.0,0.0,66.92,1612.900024,336.7,0.0,2856.597167,0.0,23.732284
2026-04-30 09:00:00+00:00,7896.290527,0.0,0.0,0.0,40.15,1606.699951,241.98,0.0,3519.279541,0.0,24.155984
2026-04-30 10:00:00+00:00,7910.124023,0.0,0.0,0.0,35.28,1600.5,264.88,0.0,3916.570556,0.0,23.77629
2026-04-30 11:00:00+00:00,7825.953125,0.0,0.0,0.0,33.25,1594.400024,232.08,0.0,4029.570312,0.0,20.925876
2026-04-30 12:00:00+00:00,7761.605468,0.0,0.0,0.0,32.02,1588.199951,230.05,0.0,3887.158935,0.0,19.360012
2026-04-30 13:00:00+00:00,7246.276855,0.0,0.0,0.0,17.45,1582.099975,205.6,0.0,3509.457519,0.0,19.558946
2026-04-30 14:00:00+00:00,7594.635253,0.0,0.0,0.0,66.38,1576.099975,321.8,0.0,2877.60083,0.0,19.616188
2026-04-30 15:00:00+00:00,7543.043945,0.0,0.0,0.0,64.32,1570.099975,510.12,0.0,2030.710815,0.0,21.590713
2026-04-30 16:00:00+00:00,7987.880371,0.0,0.0,0.0,1088.82,1564.199951,971.52,0.0,1117.695068,0.0,22.222402
2026-04-30 17:00:00+00:00,7195.075683,0.0,0.0,0.0,3301.32,1558.400024,2445.3,0.0,364.133514,0.0,22.261947
2026-04-30 18:00:00+00:00,7496.202636,0.0,0.0,0.0,3536.32,1552.599975,2722.02,0.0,33.616264,0.0,30.547988
2026-04-30 19:00:00+00:00,7756.355468,0.0,0.0,0.0,3184.35,1547.0,2481.7,0.0,6.017015,0.0,38.733158
2026-04-30 20:00:00+00:00,6992.49414,0.0,0.0,0.0,2323.1,1541.5,1675.95,0.0,5.096675,0.0,36.222793
2026-04-30 21:00:00+00:00,6947.856933,0.0,0.0,0.0,1380.22,1536.199951,1374.82,0.0,4.105424,0.0,24.004472
2026-04-30 22:00:00+00:00,7093.71582,0.0,0.0,0.0,577.9,1522.800048,516.15,0.0,3.549431,0.0,12.961811
2026-04-30 23:00:00+00:00,5788.233398,0.0,0.0,0.0,218.75,1514.900024,390.5,0.0,2.93776,0.0,5.170112
2026-05-01 00:00:00+00:00,7543.607421,0.0,0.0,0.0,50.18,1507.199951,372.7,0.0,2.453944,0.0,1.192423
2026-05-01 01:00:00+00:00,5253.193847,0.0,0.0,0.0,34.3,1499.699951,386.58,0.0,2.223747,0.0,2.711559
2026-05-01 02:00:00+00:00,5986.709472,0.0,0.0,0.0,36.05,1492.599975,408.68,0.0,2.017592,0.0,2.535948
2026-05-01 03:00:00+00:00,6736.871093,0.0,0.0,0.0,37.2,1485.900024,425.08,0.0,2.323471,0.0,0.926848
2026-05-01 04:00:00+00:00,6198.694824,0.0,0.0,0.0,40.7,1479.599975,483.68,0.0,56.601039,0.0,0.507151
2026-05-01 05:00:00+00:00,6850.637207,0.0,0.0,0.0,211.02,1473.699951,477.92,0.0,478.626739,0.0,0.421807
2026-05-01 06:00:00+00:00,6365.859863,0.0,0.0,0.0,142.5,1468.300048,444.55,0.0,1272.620971,0.0,0.489392
2026-05-01 07:00:00+00:00,6400.970703,0.0,0.0,0.0,46.8,1463.400024,276.7,0.0,2195.692871,0.0,0.310167
2026-05-01 08:00:00+00:00,6142.582519,0.0,0.0,0.0,66.5,1459.099975,256.22,0.0,3042.745849,0.0,0.176063
2026-05-01 09:00:00+00:00,6159.412597,0.0,0.0,0.0,72.6,1455.5,250.08,0.0,3676.287353,0.0,0.753709
2026-05-01 10:00:00+00:00,6410.356445,0.0,0.0,0.0,89.38,1452.400024,154.0,0.0,4038.893066,0.0,4.20841
2026-05-01 11:00:00+00:00,6592.337402,0.0,0.0,0.0,81.52,1450.099975,118.52,0.0,4127.457519,0.0,8.785142
2026-05-01 12:00:00+00:00,6565.115722,0.0,0.0,0.0,79.95,1448.400024,193.78,0.0,4002.789062,0.0,11.513087
2026-05-01 13:00:00+00:00,6571.811523,0.0,0.0,0.0,75.7,1447.400024,250.0,0.0,3623.334472,0.0,12.034111
2026-05-01 14:00:00+00:00,6860.473144,0.0,0.0,0.0,88.02,1446.900024,291.2,0.0,2975.761474,0.0,13.606032
2026-05-01 15:00:00+00:00,6859.371093,0.0,0.0,0.0,122.7,1446.900024,460.15,0.0,2109.255615,0.0,13.168504
2026-05-01 16:00:00+00:00,7303.706542,0.0,0.0,0.0,439.48,1447.400024,619.0,0.0,1151.422119,0.0,11.041637
2026-05-01 17:00:00+00:00,5856.350585,0.0,0.0,0.0,2071.68,1448.400024,1459.0,0.0,368.466064,0.0,8.093595
2026-05-01 18:00:00+00:00,6360.339355,0.0,0.0,0.0,2858.58,1449.699951,1748.28,0.0,35.584682,0.0,8.947315
2026-05-01 19:00:00+00:00,7269.842773,0.0,0.0,0.0,2742.88,1451.400024,1587.42,0.0,6.108894,0.0,7.057092
2026-05-01 20:00:00+00:00,6500.530761,0.0,0.0,0.0,3134.42,1453.400024,1660.05,0.0,5.312203,0.0,5.150069
2026-05-01 21:00:00+00:00,5851.943847,0.0,0.0,0.0,2872.48,1455.599975,924.85,0.0,4.316335,0.0,1.359563
2026-05-01 22:00:00+00:00,5762.972656,0.0,0.0,0.0,1285.8,1430.5,622.5,0.0,3.643556,0.0,0.412854
2026-05-01 23:00:00+00:00,5833.412109,0.0,0.0,0.0,587.95,1430.800048,465.22,0.0,3.075211,0.0,0.792675
2026-05-02 00:00:00+00:00,5816.624511,0.0,0.0,0.0,336.75,1431.400024,454.45,0.0,2.692233,0.0,1.142325
2026-05-02 01:00:00+00:00,6484.48291,0.0,0.0,0.0,245.45,1432.099975,446.88,0.0,2.374186,0.0,1.127489
2026-05-02 02:00:00+00:00,6492.584472,0.0,0.0,0.0,117.78,1433.0,477.02,0.0,2.191807,0.0,1.561729
2026-05-02 03:00:00+00:00,5745.358886,0.0,0.0,0.0,144.08,1434.099975,599.6,0.0,2.364566,0.0,3.808639
2026-05-02 04:00:00+00:00,6416.155273,0.0,0.0,0.0,121.08,1435.199951,560.12,0.0,82.820442,0.0,6.661014
2026-05-02 05:00:00+00:00,5511.834472,0.0,0.0,0.0,59.32,1436.5,354.4,0.0,478.173736,0.0,6.535824
2026-05-02 06:00:00+00:00,6092.391601,0.0,0.0,0.0,59.72,1437.800048,398.0,0.0,1206.029785,0.0,4.923905
2026-05-02 07:00:00+00:00,6615.887207,0.0,0.0,0.0,54.4,1439.300048,267.52,0.0,2099.246582,0.0,2.477999
2026-05-02 08:00:00+00:00,7329.675292,0.0,0.0,0.0,107.45,1440.699951,220.02,0.0,2929.411621,0.0,1.727619
2026-05-02 09:00:00+00:00,7637.609863,0.0,0.0,0.0,136.05,1442.199951,139.6,0.0,3507.555664,0.0,1.320513
2026-05-02 10:00:00+00:00,6796.954589,0.0,0.0,0.0,183.68,1443.599975,136.38,0.0,3830.373046,0.0,2.684333
2026-05-02 11:00:00+00:00,7557.76123,0.0,0.0,0.0,209.12,1445.099975,164.48,0.0,3928.599853,0.0,6.232867
2026-05-02 12:00:00+00:00,7592.983886,0.0,0.0,0.0,145.8,1446.5,153.15,0.0,3738.588378,0.0,10.724609
2026-05-02 13:00:00+00:00,7429.103027,0.0,0.0,0.0,150.02,1447.900024,217.9,0.0,3336.997558,0.0,14.511034
2026-05-02 14:00:00+00:00,6821.231933,0.0,0.0,0.0,96.75,1449.199951,200.48,0.0,2700.461425,0.0,15.298453
2026-05-02 15:00:00+00:00,6769.242187,0.0,0.0,0.0,49.1,1450.5,392.85,0.0,1888.464111,0.0,13.089884
2026-05-02 16:00:00+00:00,7511.978515,0.0,0.0,0.0,349.95,1451.800048,716.92,0.0,1004.228454,0.0,9.244161
2026-05-02 17:00:00+00:00,6358.466796,0.0,0.0,0.0,1597.45,1453.099975,1162.95,0.0,334.476074,0.0,7.962759
2026-05-02 18:00:00+00:00,7197.844726,0.0,0.0,0.0,2549.2,1454.300048,1574.08,0.0,33.730892,0.0,6.805772
2026-05-02 19:00:00+00:00,7053.457031,0.0,0.0,0.0,2964.3,1455.5,1887.55,0.0,6.079894,0.0,5.874411
2026-05-02 20:00:00+00:00,5660.532226,0.0,0.0,0.0,2988.95,1456.599975,1498.75,0.0,5.054276,0.0,6.114113
2026-05-02 21:00:00+00:00,6858.539062,0.0,0.0,0.0,1767.72,1457.699951,989.55,0.0,4.131467,0.0,6.537624
2026-05-02 22:00:00+00:00,6024.934082,0.0,0.0,0.0,752.58,1441.300048,844.22,0.0,3.517836,0.0,5.832578
2026-05-02 23:00:00+00:00,7142.331054,0.0,0.0,0.0,403.6,1441.0,847.75,0.0,2.868186,0.0,6.295019
2026-05-03 00:00:00+00:00,6105.026855,0.0,0.0,0.0,568.78,1440.699951,780.6,0.0,2.46452,0.0,9.881185
2026-05-03 01:00:00+00:00,6530.495117,0.0,0.0,0.0,490.25,1440.400024,668.5,0.0,2.136398,0.0,11.635034
2026-05-03 02:00:00+00:00,6517.493164,0.0,0.0,0.0,555.82,1440.099975,678.02,0.0,2.008485,0.0,12.305673
2026-05-03 03:00:00+00:00,5444.96582,0.0,0.0,0.0,631.85,1439.900024,693.18,0.0,2.141276,0.0,12.440003
2026-05-03 04:00:00+00:00,5966.122558,0.0,0.0,0.0,301.42,1439.800048,576.95,0.0,75.334167,0.0,15.233855
2026-05-03 05:00:00+00:00,6712.783691,0.0,0.0,0.0,98.85,1439.800048,508.32,0.0,412.285217,0.0,25.915464
2026-05-03 06:00:00+00:00,6645.793945,0.0,0.0,0.0,102.18,1439.800048,439.28,0.0,941.5531,0.0,23.046998
2026-05-03 07:00:00+00:00,6444.84082,0.0,0.0,0.0,42.38,1440.0,344.8,0.0,1686.877319,0.0,13.628063
2026-05-03 08:00:00+00:00,5713.731933,0.0,0.0,0.0,60.18,1440.199951,234.2,0.0,2411.8479,0.0,11.442553
2026-05-03 09:00:00+00:00,6310.529296,0.0,0.0,0.0,138.68,1440.599975,218.0,0.0,2834.758056,0.0,7.920165
2026-05-03 10:00:00+00:00,6314.811523,0.0,0.0,0.0,123.05,1441.199951,178.0,0.0,3015.438476,0.0,8.169588
2026-05-03 11:00:00+00:00,7119.386718,0.0,0.0,0.0,86.2,1441.900024,161.15,0.0,3110.191894,0.0,15.942097
2026-05-03 12:00:00+00:00,7048.665527,0.0,0.0,0.0,102.1,1442.699951,184.15,0.0,2735.899658,0.0,26.065803
2026-05-03 13:00:00+00:00,7160.169921,0.0,0.0,0.0,143.02,1443.699951,372.92,0.0,2012.072265,0.0,28.331781
2026-05-03 14:00:00+00:00,6499.142089,0.0,0.0,0.0,146.08,1444.900024,429.8,0.0,1276.084228,0.0,30.50448
2026-05-03 15:00:00+00:00,5708.979492,0.0,0.0,0.0,202.4,1446.099975,517.1,0.0,729.35498,0.0,25.643615
2026-05-03 16:00:00+00:00,6080.470703,0.0,0.0,0.0,1261.88,1447.5,1453.38,0.0,451.457489,0.0,13.674032
2026-05-03 17:00:00+00:00,6863.960937,0.0,0.0,0.0,1755.05,1449.0,1521.25,0.0,214.279449,0.0,21.360771
2026-05-03 18:00:00+00:00,6775.482421,0.0,0.0,0.0,2010.98,1450.599975,1977.28,0.0,30.958934,0.0,19.669723
2026-05-03 19:00:00+00:00,5970.27832,0.0,0.0,0.0,2072.82,1452.199951,1852.42,0.0,5.019132,0.0,16.475971
2026-05-03 20:00:00+00:00,7157.659179,0.0,0.0,0.0,1655.68,1454.0,1690.12,0.0,4.202781,0.0,15.248785
2026-05-03 21:00:00+00:00,6759.833984,0.0,0.0,0.0,697.1,1455.900024,948.6,0.0,3.267229,0.0,15.381437
2026-05-03 22:00:00+00:00,5578.589355,0.0,0.0,0.0,180.88,1482.599975,729.08,0.0,2.848544,0.0,10.976226
2026-05-03 23:00:00+00:00,5090.325195,0.0,0.0,0.0,165.18,1487.0,457.22,0.0,2.336081,0.0,8.126794
2026-05-04 00:00:00+00:00,5444.640625,0.0,0.0,0.0,172.55,1491.300048,401.8,0.0,2.150674,0.0,6.269415
2026-05-04 01:00:00+00:00,5620.240234,0.0,0.0,0.0,174.42,1495.599975,468.22,0.0,1.984035,0.0,5.981729
2026-05-04 02:00:00+00:00,6753.280761,0.0,0.0,0.0,224.85,1499.800048,703.0,0.0,1.819547,0.0,5.818352
2026-05-04 03:00:00+00:00,5542.132324,0.0,0.0,0.0,969.05,1503.800048,1126.75,0.0,2.241595,0.0,6.515898
2026-05-04 04:00:00+00:00,5995.908203,0.0,0.0,0.0,2627.9,1507.800048,1822.4,0.0,58.18621,0.0,9.521931
2026-05-04 05:00:00+00:00,8089.08789,0.0,0.0,0.0,3092.52,1511.5,2127.35,0.0,294.651947,0.0,11.483331
2026-05-04 06:00:00+00:00,6983.867675,0.0,0.0,0.0,2197.98,1515.099975,1557.28,0.0,727.614318,0.0,16.504642
2026-05-04 07:00:00+00:00,6452.651367,0.0,0.0,0.0,878.6,1518.400024,925.18,0.0,1297.565429,0.0,18.140293
2026-05-04 08:00:00+00:00,6864.140136,0.0,0.0,0.0,504.25,1521.5,560.72,0.0,2008.3479,0.0,18.872886
2026-05-04 09:00:00+00:00,6468.227539,0.0,0.0,0.0,387.08,1524.300048,418.35,0.0,2330.310546,0.0,18.84505
2026-05-04 10:00:00+00:00,6696.841308,0.0,0.0,0.0,343.62,1526.699951,444.45,0.0,2515.117431,0.0,18.058095
2026-05-04 11:00:00+00:00,6587.78125,0.0,0.0,0.0,182.7,1528.800048,411.78,0.0,2339.662597,0.0,17.454828
2026-05-04 12:00:00+00:00,6426.717773,0.0,0.0,0.0,206.68,1530.599975,621.3,0.0,2016.29541,0.0,15.512342
2026-05-04 13:00:00+00:00,6694.108886,0.0,0.0,0.0,384.55,1532.0,680.9,0.0,1400.097778,0.0,18.766708
2026-05-04 14:00:00+00:00,7320.305664,0.0,0.0,0.0,573.8,1533.099975,716.65,0.0,929.426147,0.0,25.468097
2026-05-04 15:00:00+00:00,7724.155273,0.0,0.0,0.0,1189.45,1533.900024,1442.98,0.0,639.564636,0.0,32.459712
2026-05-04 16:00:00+00:00,6812.320312,0.0,0.0,0.0,3064.38,1534.300048,2223.6,0.0,439.376983,0.0,36.429279
2026-05-04 17:00:00+00:00,6894.685058,0.0,0.0,0.0,3564.95,1534.5,2585.1,0.0,221.865493,0.0,45.269802
2026-05-04 18:00:00+00:00,6746.916992,0.0,0.0,0.0,3565.9,1534.300048,2766.78,0.0,31.401327,0.0,29.869915
2026-05-04 19:00:00+00:00,6554.788085,0.0,0.0,0.0,3348.92,1533.900024,2634.22,0.0,4.759836,0.0,25.643131
2026-05-04 20:00:00+00:00,6947.986328,0.0,0.0,0.0,3341.58,1533.199951,2328.95,0.0,3.855373,0.0,31.112985
2026-05-04 21:00:00+00:00,6763.271972,0.0,0.0,0.0,2706.98,1532.199951,1916.85,0.0,3.154623,0.0,26.012042
2026-05-04 22:00:00+00:00,6216.089355,0.0,0.0,0.0,2116.7,1624.0,1891.45,0.0,2.629888,0.0,15.903919
2026-05-04 23:00:00+00:00,5900.372558,0.0,0.0,0.0,2036.45,1630.400024,1245.42,0.0,2.214954,0.0,14.468276
2026-05-05 00:00:00+00:00,5825.368652,0.0,0.0,0.0,1301.22,1636.300048,1077.98,0.0,1.848194,0.0,13.120486
2026-05-05 01:00:00+00:00,5033.926269,0.0,0.0,0.0,1193.9,1641.599975,1109.8,0.0,1.632704,0.0,11.271615
2026-05-05 02:00:00+00:00,5689.129882,0.0,0.0,0.0,1204.85,1646.199951,1229.28,0.0,1.442053,0.0,11.386396
2026-05-05 03:00:00+00:00,5414.839843,0.0,0.0,0.0,2150.55,1650.0,1812.3,0.0,1.951693,0.0,13.383131
2026-05-05 04:00:00+00:00,6231.728027,0.0,0.0,0.0,2993.65,1653.099975,2152.65,0.0,62.300334,0.0,9.434857
2026-05-05 05:00:00+00:00,7379.779785,0.0,0.0,0.0,3111.32,1655.300048,2125.42,0.0,265.504425,0.0,10.993142
2026-05-05 06:00:00+00:00,7613.090332,0.0,0.0,0.0,3267.25,1656.5,1896.28,0.0,466.953186,0.0,9.978196
2026-05-05 07:00:00+00:00,6978.885253,0.0,0.0,0.0,2750.9,1656.699951,1606.58,0.0,649.136413,0.0,10.06336
2026-05-05 08:00:00+00:00,6611.879882,0.0,0.0,0.0,1935.68,1655.800048,1109.6,0.0,861.266479,0.0,12.167549
2026-05-05 09:00:00+00:00,6938.327148,0.0,0.0,0.0,1332.35,1653.800048,737.28,0.0,1203.638305,0.0,12.471096
2026-05-05 10:00:00+00:00,6452.965332,0.0,0.0,0.0,721.6,1650.5,625.75,0.0,1615.579467,0.0,14.701503
2026-05-05 11:00:00+00:00,6850.26416,0.0,0.0,0.0,427.92,1646.0,566.42,0.0,2051.108154,0.0,23.366817
2026-05-05 12:00:00+00:00,6845.110351,0.0,0.0,0.0,542.92,1640.300048,559.32,0.0,2212.089355,0.0,32.152305
2026-05-05 13:00:00+00:00,6911.214355,0.0,0.0,0.0,482.65,1633.5,759.42,0.0,1820.590209,0.0,36.097503
2026-05-05 14:00:00+00:00,7109.654785,0.0,0.0,0.0,616.45,1625.599975,994.1,0.0,1574.048706,0.0,37.820457
2026-05-05 15:00:00+00:00,7147.522949,0.0,0.0,0.0,2291.0,1616.800048,1828.45,0.0,1006.15924,0.0,29.473594
2026-05-05 16:00:00+00:00,6866.293945,0.0,0.0,0.0,3675.15,1607.099975,2346.05,0.0,428.522186,0.0,39.051998
2026-05-05 17:00:00+00:00,6428.527832,0.0,0.0,0.0,3799.62,1596.599975,2529.88,0.0,235.50859,0.0,38.438446
2026-05-05 18:00:00+00:00,6687.76416,0.0,0.0,0.0,3577.32,1585.5,2420.4,0.0,48.150856,0.0,27.756755
2026-05-05 19:00:00+00:00,6626.456542,0.0,0.0,0.0,3415.08,1573.699951,2320.12,0.0,4.375645,0.0,24.339141
2026-05-05 20:00:00+00:00,6145.507812,0.0,0.0,0.0,2541.32,1561.400024,2155.42,0.0,3.623505,0.0,21.052684
2026-05-05 21:00:00+00:00,6057.846679,0.0,0.0,0.0,1671.98,1548.699951,1449.65,0.0,2.720189,0.0,22.611097
2026-05-05 22:00:00+00:00,5970.10498,0.0,0.0,0.0,998.48,1923.900024,1009.7,0.0,2.201584,0.0,15.918867
2026-05-05 23:00:00+00:00,6364.255859,0.0,0.0,0.0,682.52,1943.199951,869.65,0.0,1.783945,0.0,17.722171
2026-05-06 00:00:00+00:00,6162.891113,0.0,0.0,0.0,703.42,1961.099975,862.85,0.0,1.524039,0.0,13.261287
2026-05-06 01:00:00+00:00,5976.769042,0.0,0.0,0.0,782.4,1977.400024,911.92,0.0,1.365776,0.0,9.375892
2026-05-06 02:00:00+00:00,6048.919433,0.0,0.0,0.0,737.5,1991.800048,938.78,0.0,1.299275,0.0,6.568131
2026-05-06 03:00:00+00:00,5781.604003,0.0,0.0,0.0,1039.62,2004.099975,1082.25,0.0,1.588872,0.0,7.895967
2026-05-06 04:00:00+00:00,7317.368652,0.0,0.0,0.0,2261.02,2014.099975,1804.52,0.0,54.451797,0.0,8.722017
2026-05-06 05:00:00+00:00,7598.895507,0.0,0.0,0.0,2563.62,2021.599975,2214.3,0.0,302.543945,0.0,4.081757
2026-05-06 06:00:00+00:00,7194.327148,0.0,0.0,0.0,2403.98,2026.199951,1960.5,0.0,586.348876,0.0,4.306815
2026-05-06 07:00:00+00:00,7136.2583,0.0,0.0,0.0,1318.1,2027.900024,1247.32,0.0,691.801818,0.0,4.692877
2026-05-06 08:00:00+00:00,7249.281738,0.0,0.0,0.0,1395.75,2026.199951,1222.48,0.0,726.032043,0.0,3.743384
2026-05-06 09:00:00+00:00,7275.562011,0.0,0.0,0.0,1419.15,2021.099975,1258.62,0.0,1062.609375,0.0,6.824481
2026-05-06 10:00:00+00:00,6418.429199,0.0,0.0,0.0,945.72,2012.300048,886.98,0.0,1110.259643,0.0,19.384792
2026-05-06 11:00:00+00:00,6511.845214,0.0,0.0,0.0,1129.15,1999.699951,909.08,0.0,1041.177978,0.0,23.17901
2026-05-06 12:00:00+00:00,7030.329589,0.0,0.0,0.0,862.4,1983.400024,877.2,0.0,1019.957153,0.0,28.988048
2026-05-06 13:00:00+00:00,6950.739257,0.0,0.0,0.0,1077.38,1963.699951,1255.42,0.0,982.065856,0.0,26.171306
2026-05-06 14:00:00+00:00,6755.932128,0.0,0.0,0.0,874.02,1941.0,1203.0,0.0,1014.316894,0.0,21.371963
2026-05-06 15:00:00+00:00,7262.125488,0.0,0.0,0.0,488.02,1915.599975,1122.85,0.0,995.823913,0.0,15.649891
2026-05-06 16:00:00+00:00,7405.496093,0.0,0.0,0.0,1598.65,1887.699951,1968.52,0.0,779.490234,0.0,14.68413
2026-05-06 17:00:00+00:00,6428.517578,0.0,0.0,0.0,2959.25,1857.599975,2422.52,0.0,321.955657,0.0,18.688219
2026-05-06 18:00:00+00:00,6928.555664,0.0,0.0,0.0,2924.52,1825.699951,2306.8,0.0,33.868423,0.0,21.151996
2026-05-06 19:00:00+00:00,6962.74414,0.0,0.0,0.0,3150.12,1792.300048,2123.02,0.0,3.90065,0.0,28.070207
2026-05-06 20:00:00+00:00,6758.562011,0.0,0.0,0.0,2665.92,1757.599975,1964.98,0.0,3.093066,0.0,34.402889
2026-05-06 21:00:00+00:00,6659.976074,0.0,0.0,0.0,1674.7,1721.900024,1515.92,0.0,2.279692,0.0,33.743282
2026-05-06 22:00:00+00:00,6626.286132,0.0,0.0,0.0,737.35,1923.099975,811.72,0.0,1.805369,0.0,29.392457
2026-05-06 23:00:00+00:00,6179.993164,0.0,0.0,0.0,214.52,1907.099975,514.9,0.0,1.491991,0.0,23.08949
2026-05-07 00:00:00+00:00,6279.048828,0.0,0.0,0.0,93.55,1890.300048,533.25,0.0,1.176055,0.0,25.178098
2026-05-07 01:00:00+00:00,6000.839843,0.0,0.0,0.0,135.58,1872.800048,573.4,0.0,1.053508,0.0,21.326906
2026-05-07 02:00:00+00:00,6526.785644,0.0,0.0,0.0,328.65,1854.599975,672.8,0.0,0.990545,0.0,13.910067
2026-05-07 03:00:00+00:00,6413.042968,0.0,0.0,0.0,1053.78,1836.0,869.15,0.0,1.206646,0.0,11.354561
2026-05-07 04:00:00+00:00,7330.896484,0.0,0.0,0.0,2588.8,1816.900024,2164.85,0.0,29.290332,0.0,7.9648
2026-05-07 05:00:00+00:00,7560.173828,0.0,0.0,0.0,3124.45,1797.5,2478.12,0.0,214.492965,0.0,3.636701
2026-05-07 06:00:00+00:00,7283.409179,0.0,0.0,0.0,2654.65,1777.900024,2360.12,0.0,663.809936,0.0,3.053715
2026-05-07 07:00:00+00:00,7524.249511,0.0,0.0,0.0,2133.18,1758.199951,1539.88,0.0,1389.206665,0.0,1.680123
2026-05-07 08:00:00+00:00,7558.667968,0.0,0.0,0.0,784.1,1738.5,621.82,0.0,2066.333251,0.0,0.729948
2026-05-07 09:00:00+00:00,7375.629882,0.0,0.0,0.0,242.62,1718.900024,566.68,0.0,2646.170654,0.0,1.696068
2026-05-07 10:00:00+00:00,6603.635253,0.0,0.0,0.0,202.68,1699.400024,509.08,0.0,2920.709716,0.0,3.365954
2026-05-07 11:00:00+00:00,6561.52246,0.0,0.0,0.0,203.0,1680.199951,435.08,0.0,3138.615234,0.0,5.15969
2026-05-07 12:00:00+00:00,6402.598144,0.0,0.0,0.0,331.9,1661.300048,516.45,0.0,3062.877685,0.0,8.455287
2026-05-07 13:00:00+00:00,6385.82373,0.0,0.0,0.0,423.05,1642.699951,654.75,0.0,2759.042968,0.0,10.314304
2026-05-07 14:00:00+00:00,6913.053222,0.0,0.0,0.0,683.0,1624.5,747.65,0.0,2225.520263,0.0,10.643044
2026-05-07 15:00:00+00:00,7208.66455,0.0,0.0,0.0,1388.6,1606.5,1222.95,0.0,1640.881225,0.0,9.613491
2026-05-07 16:00:00+00:00,6979.221679,0.0,0.0,0.0,3320.58,1589.0,1949.7,0.0,1003.454162,0.0,8.732382
2026-05-07 17:00:00+00:00,6498.379394,0.0,0.0,0.0,3511.72,1571.800048,2473.18,0.0,370.953155,0.0,8.341086
2026-05-07 18:00:00+00:00,6301.77246,0.0,0.0,0.0,3514.68,1555.099975,2673.8,0.0,53.239643,0.0,6.848804
2026-05-07 19:00:00+00:00,6922.104492,0.0,0.0,0.0,3230.22,1538.699951,2479.28,0.0,5.647265,0.0,5.475515
2026-05-07 20:00:00+00:00,7227.423828,0.0,0.0,0.0,3186.7,1522.800048,1741.02,0.0,4.901493,0.0,5.479012
2026-05-07 21:00:00+00:00,6959.960937,0.0,0.0,0.0,3322.32,1507.400024,1573.2,0.0,3.915599,0.0,7.833887
2026-05-07 22:00:00+00:00,6435.894531,0.0,0.0,0.0,1412.78,1577.400024,1242.78,0.0,3.275575,0.0,19.8652
2026-05-07 23:00:00+00:00,6593.394531,0.0,0.0,0.0,554.22,1570.599975,905.42,0.0,2.621176,0.0,22.384809
2026-05-08 00:00:00+00:00,6743.871582,0.0,0.0,0.0,415.25,1564.099975,877.78,0.0,2.353472,0.0,16.217723
2026-05-08 01:00:00+00:00,6027.95166,0.0,0.0,0.0,397.0,1557.699951,882.9,0.0,2.111078,0.0,9.104003
2026-05-08 02:00:00+00:00,6194.526367,0.0,0.0,0.0,578.35,1551.400024,1101.52,0.0,1.969481,0.0,4.115254
2026-05-08 03:00:00+00:00,7515.621582,0.0,0.0,0.0,1742.22,1545.199951,1598.5,0.0,2.29215,0.0,3.55265
2026-05-08 04:00:00+00:00,7618.163574,0.0,0.0,0.0,3015.1,1539.0,2297.38,0.0,88.156799,0.0,4.197148
2026-05-08 05:00:00+00:00,7841.637695,0.0,0.0,0.0,3271.5,1532.800048,2320.38,0.0,521.239562,0.0,2.452394
2026-05-08 06:00:00+00:00,8666.140625,0.0,0.0,0.0,2784.0,1526.400024,1841.28,0.0,1258.318725,0.0,3.546957
2026-05-08 07:00:00+00:00,7301.167968,0.0,0.0,0.0,1057.95,1519.900024,968.52,0.0,2121.298828,0.0,1.703711
2026-05-08 08:00:00+00:00,6347.898437,0.0,0.0,0.0,240.0,1513.099975,396.9,0.0,2929.329589,0.0,0.832412
2026-05-08 09:00:00+00:00,6911.560058,0.0,0.0,0.0,97.1,1506.0,309.78,0.0,3623.50415,0.0,1.403695
2026-05-08 10:00:00+00:00,6693.950195,0.0,0.0,0.0,144.7,1498.599975,435.1,0.0,3956.731933,0.0,3.04635
2026-05-08 11:00:00+00:00,6905.880371,0.0,0.0,0.0,87.25,1490.900024,420.9,0.0,3989.769531,0.0,7.277795
2026-05-08 12:00:00+00:00,6905.133789,0.0,0.0,0.0,121.52,1482.699951,346.4,0.0,3800.473144,0.0,9.467047
2026-05-08 13:00:00+00:00,6964.879394,0.0,0.0,0.0,135.62,1474.199951,427.98,0.0,3369.141357,0.0,12.07613
2026-05-08 14:00:00+00:00,7001.302734,0.0,0.0,0.0,200.7,1465.400024,529.95,0.0,2716.441162,0.0,14.902162
2026-05-08 15:00:00+00:00,7675.072753,0.0,0.0,0.0,337.28,1456.400024,965.38,0.0,1814.089599,0.0,15.075244
2026-05-08 16:00:00+00:00,6902.175781,0.0,0.0,0.0,1164.55,1447.099975,1253.9,0.0,888.554992,0.0,12.56162
2026-05-08 17:00:00+00:00,6720.605468,0.0,0.0,0.0,3317.8,1437.599975,2049.48,0.0,318.768951,0.0,12.100795
2026-05-08 18:00:00+00:00,6597.006347,0.0,0.0,0.0,3676.9,1428.0,2264.68,0.0,43.021816,0.0,11.43498
2026-05-08 19:00:00+00:00,7096.162109,0.0,0.0,0.0,3109.95,1418.300048,1968.45,0.0,5.754693,0.0,6.538906
2026-05-08 20:00:00+00:00,6390.316406,0.0,0.0,0.0,1409.95,1408.5,1297.02,0.0,5.00017,0.0,12.996806
2026-05-08 21:00:00+00:00,5797.941406,0.0,0.0,0.0,699.68,1398.599975,1180.18,0.0,3.852855,0.0,10.22483
2026-05-08 22:00:00+00:00,6371.010742,0.0,0.0,0.0,1159.2,1442.599975,1117.62,0.0,3.302524,0.0,8.851235
2026-05-08 23:00:00+00:00,6480.546875,0.0,0.0,0.0,545.5,1437.5,977.2,0.0,2.725791,0.0,5.351525
2026-05-09 00:00:00+00:00,5653.862792,0.0,0.0,0.0,532.58,1432.199951,904.55,0.0,2.404016,0.0,6.035148
2026-05-09 01:00:00+00:00,6466.999023,0.0,0.0,0.0,702.35,1426.699951,1337.7,0.0,2.138414,0.0,5.180964
2026-05-09 02:00:00+00:00,6002.624023,0.0,0.0,0.0,596.82,1421.199951,987.9,0.0,2.058683,0.0,2.584957
2026-05-09 03:00:00+00:00,6123.757812,0.0,0.0,0.0,575.9,1415.5,1109.95,0.0,2.321292,0.0,6.119926
2026-05-09 04:00:00+00:00,5903.788574,0.0,0.0,0.0,593.68,1409.599975,1107.02,0.0,79.635017,0.0,4.089388
2026-05-09 05:00:00+00:00,5750.844726,0.0,0.0,0.0,342.52,1403.5,828.92,0.0,487.723876,0.0,4.086348
2026-05-09 06:00:00+00:00,5817.704589,0.0,0.0,0.0,141.4,1397.300048,646.25,0.0,1109.581298,0.0,5.596186
2026-05-09 07:00:00+00:00,7773.246582,0.0,0.0,0.0,113.08,1390.900024,486.58,0.0,1848.092041,0.0,1.658963
2026-05-09 08:00:00+00:00,6969.60498,0.0,0.0,0.0,81.2,1384.199951,326.88,0.0,2854.69458,0.0,0.972645
2026-05-09 09:00:00+00:00,7497.36621,0.0,0.0,0.0,53.05,1377.400024,217.18,0.0,3627.572021,0.0,2.338468
2026-05-09 10:00:00+00:00,7556.867187,0.0,0.0,0.0,97.0,1370.300048,196.52,0.0,3991.037841,0.0,6.308474
2026-05-09 11:00:00+00:00,6565.291992,0.0,0.0,0.0,57.12,1363.0,188.0,0.0,4109.785644,0.0,8.221614
2026-05-09 12:00:00+00:00,7064.081054,0.0,0.0,0.0,33.05,1355.5,172.78,0.0,3995.981933,0.0,9.519589
2026-05-09 13:00:00+00:00,6955.532714,0.0,0.0,0.0,35.55,1347.900024,183.4,0.0,3612.441894,0.0,11.06964
2026-05-09 14:00:00+00:00,7614.841796,0.0,0.0,0.0,64.82,1340.199951,336.58,0.0,3016.167724,0.0,11.379226
2026-05-09 15:00:00+00:00,7043.891601,0.0,0.0,0.0,94.48,1332.5,473.18,0.0,2167.044433,0.0,11.881712
2026-05-09 16:00:00+00:00,7066.514648,0.0,0.0,0.0,595.8,1324.800048,1008.85,0.0,1234.510253,0.0,12.18254
2026-05-09 17:00:00+00:00,6325.900878,0.0,0.0,0.0,2724.15,1317.300048,1884.02,0.0,440.247741,0.0,11.197857
2026-05-09 18:00:00+00:00,6956.996582,0.0,0.0,0.0,3567.98,1309.800048,2235.68,0.0,61.27359,0.0,12.283117
2026-05-09 19:00:00+00:00,6374.271972,0.0,0.0,0.0,3474.2,1302.599975,1891.05,0.0,5.731454,0.0,13.991778
2026-05-09 20:00:00+00:00,5934.769531,0.0,0.0,0.0,2988.65,1295.699951,1642.92,0.0,5.101279,0.0,15.592907
2026-05-09 21:00:00+00:00,6817.917968,0.0,0.0,0.0,1878.22,1289.099975,1310.4,0.0,4.10205,0.0,18.465265
2026-05-09 22:00:00+00:00,5310.025878,0.0,0.0,0.0,732.25,1400.400024,897.92,0.0,3.551951,0.0,23.595458
2026-05-09 23:00:00+00:00,5643.400878,0.0,0.0,0.0,522.82,1402.300048,629.9,0.0,3.013605,0.0,19.331563
2026-05-10 00:00:00+00:00,5274.025878,0.0,0.0,0.0,368.92,1404.400024,787.55,0.0,2.490935,0.0,18.26976
2026-05-10 01:00:00+00:00,5849.03125,0.0,0.0,0.0,327.95,1406.5,765.48,0.0,2.203257,0.0,20.137802
2026-05-10 02:00:00+00:00,5412.20166,0.0,0.0,0.0,466.6,1408.800048,577.72,0.0,2.073296,0.0,18.875181
2026-05-10 03:00:00+00:00,5212.075683,0.0,0.0,0.0,486.72,1411.199951,656.58,0.0,2.863295,0.0,12.245884
2026-05-10 04:00:00+00:00,5153.484375,0.0,0.0,0.0,374.85,1413.599975,561.02,0.0,107.302497,0.0,11.606776
2026-05-10 05:00:00+00:00,6724.833007,0.0,0.0,0.0,150.48,1416.099975,301.75,0.0,485.55841,0.0,9.956003
2026-05-10 06:00:00+00:00,6548.721679,0.0,0.0,0.0,104.1,1418.599975,319.7,0.0,1007.288208,0.0,20.588861
2026-05-10 07:00:00+00:00,6156.208007,0.0,0.0,0.0,115.78,1421.099975,290.32,0.0,1570.798339,0.0,13.18059
2026-05-10 08:00:00+00:00,6797.315917,0.0,0.0,0.0,113.55,1423.5,199.62,0.0,2110.161132,0.0,6.869533
2026-05-10 09:00:00+00:00,6717.041015,0.0,0.0,0.0,127.45,1425.900024,185.5,0.0,2173.230468,0.0,7.051277
2026-05-10 10:00:00+00:00,5903.353515,0.0,0.0,0.0,175.28,1428.300048,220.75,0.0,1993.693481,0.0,10.040479
2026-05-10 11:00:00+00:00,6542.625,0.0,0.0,0.0,75.58,1430.599975,183.88,0.0,1984.073242,0.0,13.698745
2026-05-10 12:00:00+00:00,7178.03125,0.0,0.0,0.0,61.72,1432.800048,195.82,0.0,1782.918579,0.0,16.640853
2026-05-10 13:00:00+00:00,7335.915039,0.0,0.0,0.0,129.1,1435.099975,241.22,0.0,1226.993896,0.0,19.936626
2026-05-10 14:00:00+00:00,6452.954589,0.0,0.0,0.0,182.18,1437.199951,358.82,0.0,803.617431,0.0,15.864762
2026-05-10 15:00:00+00:00,6125.676757,0.0,0.0,0.0,293.78,1439.5,455.28,0.0,604.044067,0.0,14.337182
2026-05-10 16:00:00+00:00,6952.123535,0.0,0.0,0.0,348.32,1441.699951,443.25,0.0,464.292449,0.0,23.940603
2026-05-10 17:00:00+00:00,7215.384277,0.0,0.0,0.0,459.3,1444.0,932.98,0.0,264.730529,0.0,17.371118
2026-05-10 18:00:00+00:00,7366.761718,0.0,0.0,0.0,749.02,1446.400024,1266.7,0.0,53.505897,0.0,22.32545
2026-05-10 19:00:00+00:00,6096.110839,0.0,0.0,0.0,881.72,1448.900024,1161.7,0.0,4.13049,0.0,27.80865
2026-05-10 20:00:00+00:00,7036.904785,0.0,0.0,0.0,754.7,1451.5,975.28,0.0,3.752813,0.0,32.602111
2026-05-10 21:00:00+00:00,6461.252441,0.0,0.0,0.0,500.95,1454.199951,905.28,0.0,2.951514,0.0,27.315649
2026-05-10 22:00:00+00:00,6575.906738,0.0,0.0,0.0,687.75,1659.0,768.45,0.0,2.504199,0.0,21.277561
2026-05-10 23:00:00+00:00,6538.269042,0.0,0.0,0.0,190.62,1679.900024,557.15,0.0,2.229494,0.0,27.354784
2026-05-11 00:00:00+00:00,6286.494628,0.0,0.0,0.0,213.45,1700.400024,565.9,0.0,2.0264,0.0,29.020387
2026-05-11 01:00:00+00:00,6515.135742,0.0,0.0,0.0,237.0,1720.300048,611.25,0.0,1.714849,0.0,26.704059
2026-05-11 02:00:00+00:00,5675.47998,0.0,0.0,0.0,317.48,1739.400024,621.22,0.0,1.622253,0.0,30.154634
2026-05-11 03:00:00+00:00,6008.170898,0.0,0.0,0.0,731.1,1757.699951,785.38,0.0,2.057363,0.0,39.148353
2026-05-11 04:00:00+00:00,6789.78125,0.0,0.0,0.0,2706.6,1775.0,1170.4,0.0,43.931903,0.0,30.11853
2026-05-11 05:00:00+00:00,7127.459472,0.0,0.0,0.0,1796.72,1791.0,1580.25,0.0,183.02716,0.0,27.20993
2026-05-11 06:00:00+00:00,7191.760253,0.0,0.0,0.0,1729.42,1805.800048,1569.12,0.0,349.576568,0.0,22.096502
2026-05-11 07:00:00+00:00,7264.569824,0.0,0.0,0.0,1087.28,1819.0,1319.58,0.0,639.210937,0.0,31.278551
2026-05-11 08:00:00+00:00,7272.724609,0.0,0.0,0.0,995.08,1830.699951,662.38,0.0,940.702453,0.0,41.718589
2026-05-11 09:00:00+00:00,8426.206054,0.0,0.0,0.0,885.85,1840.5,372.22,0.0,1158.656005,0.0,53.329982
2026-05-11 10:00:00+00:00,7118.608886,0.0,0.0,0.0,525.32,1848.400024,291.38,0.0,1568.592041,0.0,49.734424
2026-05-11 11:00:00+00:00,6596.459472,0.0,0.0,0.0,555.98,1854.300048,332.0,0.0,1817.520507,0.0,50.240787
2026-05-11 12:00:00+00:00,6302.114746,0.0,0.0,0.0,572.75,1858.199951,434.58,0.0,1984.216796,0.0,52.604106
2026-05-11 13:00:00+00:00,6490.756347,0.0,0.0,0.0,469.02,1860.300048,538.38,0.0,1686.400878,0.0,54.504653
2026-05-11 14:00:00+00:00,6485.785156,0.0,0.0,0.0,287.85,1860.699951,519.72,0.0,1537.484741,0.0,44.23508
2026-05-11 15:00:00+00:00,7705.576171,0.0,0.0,0.0,510.8,1859.599975,619.75,0.0,1110.438598,0.0,48.023296
2026-05-11 16:00:00+00:00,6780.832519,0.0,0.0,0.0,942.75,1857.0,1037.85,0.0,404.616516,0.0,61.720291
2026-05-11 17:00:00+00:00,6052.608398,0.0,0.0,0.0,1470.42,1853.099975,1458.2,0.0,134.710769,0.0,57.95309
2026-05-11 18:00:00+00:00,6871.375976,0.0,0.0,0.0,1232.08,1848.0,1577.98,0.0,22.233768,0.0,54.208709
2026-05-11 19:00:00+00:00,7631.0083,0.0,0.0,0.0,1016.35,1841.900024,1115.7,0.0,4.438948,0.0,42.938011
2026-05-11 20:00:00+00:00,6605.169433,0.0,0.0,0.0,522.85,1834.900024,805.9,0.0,3.569877,0.0,29.46598
2026-05-11 21:00:00+00:00,5928.683105,0.0,0.0,0.0,299.95,1827.099975,701.8,0.0,2.785479,0.0,20.610551
2026-05-11 22:00:00+00:00,5927.066406,0.0,0.0,0.0,218.52,1821.0,593.82,0.0,2.253203,0.0,16.303915
2026-05-11 23:00:00+00:00,7198.934082,0.0,0.0,0.0,167.1,1813.900024,524.45,0.0,1.779561,0.0,26.225912
2026-05-12 00:00:00+00:00,7070.369628,0.0,0.0,0.0,171.95,1806.400024,563.1,0.0,1.483396,0.0,27.240995
2026-05-12 01:00:00+00:00,6759.217285,0.0,0.0,0.0,116.88,1798.599975,593.3,0.0,1.259739,0.0,21.32895
2026-05-12 02:00:00+00:00,5979.55664,0.0,0.0,0.0,112.7,1790.5,692.8,0.0,1.221275,0.0,32.776203
2026-05-12 03:00:00+00:00,6587.385742,0.0,0.0,0.0,228.12,1782.400024,786.02,0.0,1.518069,0.0,27.988382
2026-05-12 04:00:00+00:00,7589.738769,0.0,0.0,0.0,815.68,1774.300048,950.42,0.0,28.284748,0.0,24.516742
2026-05-12 05:00:00+00:00,7340.371582,0.0,0.0,0.0,1250.62,1766.300048,1185.42,0.0,172.401916,0.0,17.968992
2026-05-12 06:00:00+00:00,7583.056152,0.0,0.0,0.0,1207.65,1758.599975,1083.18,0.0,603.873535,0.0,17.351015
2026-05-12 07:00:00+00:00,7641.541503,0.0,0.0,0.0,814.65,1751.300048,529.05,0.0,1292.198608,0.0,18.856452
2026-05-12 08:00:00+00:00,7623.662597,0.0,0.0,0.0,350.2,1744.400024,386.7,0.0,2085.743896,0.0,24.229356
2026-05-12 09:00:00+00:00,6961.833496,0.0,0.0,0.0,172.4,1738.099975,364.85,0.0,2824.859863,0.0,19.006515
2026-05-12 10:00:00+00:00,6743.426757,0.0,0.0,0.0,125.32,1732.5,237.55,0.0,3343.677734,0.0,13.372015
2026-05-12 11:00:00+00:00,6508.634765,0.0,0.0,0.0,130.8,1727.699951,209.0,0.0,3596.801757,0.0,18.179859
2026-05-12 12:00:00+00:00,6802.350097,0.0,0.0,0.0,100.48,1723.699951,201.5,0.0,3601.660644,0.0,20.876218
2026-05-12 13:00:00+00:00,6572.380371,0.0,0.0,0.0,139.82,1720.300048,246.28,0.0,3399.092773,0.0,26.233381
2026-05-12 14:00:00+00:00,6751.916503,0.0,0.0,0.0,103.62,1717.599975,405.18,0.0,2923.785888,0.0,24.928495
2026-05-12 15:00:00+00:00,7130.276855,0.0,0.0,0.0,216.0,1715.5,509.6,0.0,2164.404541,0.0,24.221202
2026-05-12 16:00:00+00:00,7259.978027,0.0,0.0,0.0,759.18,1714.0,851.2,0.0,1328.394897,0.0,15.570484
2026-05-12 17:00:00+00:00,6682.68164,0.0,0.0,0.0,2439.12,1713.0,1532.9,0.0,539.980895,0.0,10.537315
2026-05-12 18:00:00+00:00,6741.289062,0.0,0.0,0.0,2956.82,1712.400024,1835.35,0.0,75.334098,0.0,7.91496
2026-05-12 19:00:00+00:00,6946.279296,0.0,0.0,0.0,2911.9,1712.300048,1813.62,0.0,6.57222,0.0,4.491438
2026-05-12 20:00:00+00:00,7280.451171,0.0,0.0,0.0,1970.25,1712.5,1398.68,0.0,5.738157,0.0,2.762951
2026-05-12 21:00:00+00:00,7043.450683,0.0,0.0,0.0,1092.0,1713.0,794.88,0.0,4.346392,0.0,2.941224
2026-05-12 22:00:00+00:00,6770.626464,0.0,0.0,0.0,643.48,1537.599975,526.9,0.0,3.578359,0.0,2.963737
2026-05-12 23:00:00+00:00,6639.745117,0.0,0.0,0.0,521.08,1523.400024,466.65,0.0,2.962145,0.0,2.348274
2026-05-13 00:00:00+00:00,6937.990234,0.0,0.0,0.0,307.1,1509.900024,463.2,0.0,2.543019,0.0,4.251603
2026-05-13 01:00:00+00:00,6761.316894,0.0,0.0,0.0,413.7,1497.199951,439.35,0.0,2.299669,0.0,6.005445
2026-05-13 02:00:00+00:00,6840.508789,0.0,0.0,0.0,322.85,1485.400024,529.7,0.0,2.078106,0.0,8.521863
2026-05-13 03:00:00+00:00,6878.896484,0.0,0.0,0.0,734.92,1474.599975,684.62,0.0,2.920865,0.0,12.118556
2026-05-13 04:00:00+00:00,6861.5083,0.0,0.0,0.0,2157.6,1464.900024,1168.05,0.0,133.074295,0.0,12.796663
2026-05-13 05:00:00+00:00,7700.41455,0.0,0.0,0.0,2204.75,1456.5,1254.18,0.0,623.652709,0.0,14.187582
2026-05-13 06:00:00+00:00,7553.234375,0.0,0.0,0.0,1396.28,1449.300048,1016.92,0.0,1411.637695,0.0,11.500531
2026-05-13 07:00:00+00:00,6908.84375,0.0,0.0,0.0,845.92,1443.5,436.38,0.0,2331.031005,0.0,11.160134
2026-05-13 08:00:00+00:00,7279.716308,0.0,0.0,0.0,222.52,1439.099975,326.8,0.0,2988.824951,0.0,14.663485
2026-05-13 09:00:00+00:00,7054.052246,0.0,0.0,0.0,325.62,1436.400024,293.78,0.0,3153.52832,0.0,23.27777
2026-05-13 10:00:00+00:00,6815.958007,0.0,0.0,0.0,178.82,1435.400024,259.08,0.0,3260.792236,0.0,28.350339
2026-05-13 11:00:00+00:00,6903.913085,0.0,0.0,0.0,114.98,1436.099975,222.8,0.0,3291.075927,0.0,39.788581
2026-05-13 12:00:00+00:00,7841.449707,0.0,0.0,0.0,122.98,1438.400024,255.8,0.0,3175.266845,0.0,44.929492
2026-05-13 13:00:00+00:00,7587.550781,0.0,0.0,0.0,164.25,1442.300048,318.08,0.0,2777.221191,0.0,48.876773
2026-05-13 14:00:00+00:00,7463.02246,0.0,0.0,0.0,240.88,1447.5,388.98,0.0,2204.568115,0.0,55.892532
2026-05-13 15:00:00+00:00,6946.178222,0.0,0.0,0.0,650.92,1453.900024,629.02,0.0,1552.924194,0.0,61.238105
2026-05-13 16:00:00+00:00,7039.942871,0.0,0.0,0.0,1972.15,1461.5,1076.8,0.0,908.664184,0.0,54.424289
2026-05-13 17:00:00+00:00,6658.287597,0.0,0.0,0.0,3155.85,1469.900024,1701.28,0.0,320.758148,0.0,46.647319
2026-05-13 18:00:00+00:00,6734.984863,0.0,0.0,0.0,3554.1,1479.199951,1658.88,0.0,49.229187,0.0,49.346599
2026-05-13 19:00:00+00:00,6730.412109,0.0,0.0,0.0,3149.1,1489.099975,1649.92,0.0,5.759123,0.0,53.857894
2026-05-13 20:00:00+00:00,6389.503417,0.0,0.0,0.0,2605.9,1499.5,1510.22,0.0,4.932883,0.0,57.711986
2026-05-13 21:00:00+00:00,6236.5708,0.0,0.0,0.0,1574.08,1510.300048,753.6,0.0,4.0721,0.0,54.41024
2026-05-13 22:00:00+00:00,6891.842285,0.0,0.0,0.0,650.7,1315.800048,640.98,0.0,3.419718,0.0,49.068626
2026-05-13 23:00:00+00:00,6035.004394,0.0,0.0,0.0,195.15,1308.599975,494.6,0.0,2.767687,0.0,54.811317
2026-05-14 00:00:00+00:00,5971.436523,0.0,0.0,0.0,157.62,1302.0,597.3,0.0,2.455403,0.0,51.268234
2026-05-14 01:00:00+00:00,6026.911132,0.0,0.0,0.0,112.6,1296.099975,502.32,0.0,2.138424,0.0,50.079132
2026-05-14 02:00:00+00:00,6086.282714,0.0,0.0,0.0,171.95,1290.800048,442.62,0.0,1.923378,0.0,35.179325
2026-05-14 03:00:00+00:00,5930.501953,0.0,0.0,0.0,220.82,1286.300048,429.05,0.0,2.129512,0.0,32.884822
2026-05-14 04:00:00+00:00,5926.674804,0.0,0.0,0.0,543.32,1282.5,599.42,0.0,55.055984,0.0,35.72615
2026-05-14 05:00:00+00:00,5920.915039,0.0,0.0,0.0,288.65,1279.599975,644.55,0.0,320.3013,0.0,42.360141
2026-05-14 06:00:00+00:00,6115.080078,0.0,0.0,0.0,136.85,1277.400024,537.08,0.0,746.637145,0.0,33.24361
2026-05-14 07:00:00+00:00,6026.679687,0.0,0.0,0.0,164.4,1276.199951,337.62,0.0,1176.100341,0.0,25.766513
2026-05-14 08:00:00+00:00,5594.783203,0.0,0.0,0.0,226.05,1275.800048,375.58,0.0,1413.67041,0.0,36.61341
2026-05-14 09:00:00+00:00,5347.787109,0.0,0.0,0.0,379.78,1276.400024,263.8,0.0,1604.609741,0.0,35.65311
2026-05-14 10:00:00+00:00,5860.12207,0.0,0.0,0.0,54.68,1278.0,268.65,0.0,1902.078979,0.0,27.818706
2026-05-14 11:00:00+00:00,6144.517578,0.0,0.0,0.0,69.2,1280.599975,224.08,0.0,2226.220703,0.0,24.174072
2026-05-14 12:00:00+00:00,5712.019531,0.0,0.0,0.0,72.4,1284.099975,193.55,0.0,2547.204833,0.0,29.382335
2026-05-14 13:00:00+00:00,5487.341308,0.0,0.0,0.0,59.58,1288.5,194.28,0.0,2389.916748,0.0,39.045166
2026-05-14 14:00:00+00:00,6146.642089,0.0,0.0,0.0,121.12,1293.699951,278.25,0.0,1843.283691,0.0,29.166128
2026-05-14 15:00:00+00:00,6328.929199,0.0,0.0,0.0,247.7,1299.699951,639.98,0.0,1433.351562,0.0,35.077331
2026-05-14 16:00:00+00:00,7060.341308,0.0,0.0,0.0,852.28,1306.199951,894.88,0.0,922.777404,0.0,34.168388
2026-05-14 17:00:00+00:00,6458.491699,0.0,0.0,0.0,1853.95,1313.400024,1397.72,0.0,426.59848,0.0,18.397323
2026-05-14 18:00:00+00:00,6124.217285,0.0,0.0,0.0,3048.1,1321.099975,1561.6,0.0,80.163108,0.0,18.249155
2026-05-14 19:00:00+00:00,6567.145507,0.0,0.0,0.0,3019.8,1329.199951,1668.4,0.0,5.397051,0.0,22.772064
2026-05-14 20:00:00+00:00,6186.083007,0.0,0.0,0.0,2736.08,1337.599975,1449.48,0.0,4.905556,0.0,11.13754
2026-05-14 21:00:00+00:00,6547.268066,0.0,0.0,0.0,1367.72,1346.300048,869.3,0.0,3.922373,0.0,11.151855
2026-05-14 22:00:00+00:00,6400.924804,0.0,0.0,0.0,464.58,1261.900024,793.6,0.0,3.290077,0.0,12.407005
2026-05-14 23:00:00+00:00,5888.180664,0.0,0.0,0.0,128.85,1261.5,660.72,0.0,2.706523,0.0,10.489619
2026-05-15 00:00:00+00:00,5752.752441,0.0,0.0,0.0,157.15,1261.5,681.92,0.0,2.364557,0.0,7.380081
2026-05-15 01:00:00+00:00,5672.29541,0.0,0.0,0.0,128.82,1261.800048,657.78,0.0,2.148039,0.0,8.267558
2026-05-15 02:00:00+00:00,5671.844726,0.0,0.0,0.0,124.02,1262.5,682.92,0.0,1.962252,0.0,3.681365
2026-05-15 03:00:00+00:00,6384.394042,0.0,0.0,0.0,296.8,1263.699951,726.45,0.0,2.575941,0.0,2.736679
2026-05-15 04:00:00+00:00,7276.29248,0.0,0.0,0.0,948.55,1265.199951,1100.72,0.0,47.611999,0.0,2.030355
2026-05-15 05:00:00+00:00,6631.023925,0.0,0.0,0.0,952.75,1267.300048,1177.42,0.0,233.394119,0.0,0.592273
2026-05-15 06:00:00+00:00,6823.61914,0.0,0.0,0.0,393.22,1269.800048,998.75,0.0,576.682373,0.0,0.0
2026-05-15 07:00:00+00:00,6630.901367,0.0,0.0,0.0,116.45,1272.699951,809.45,0.0,980.393615,0.0,1.1097
2026-05-15 08:00:00+00:00,6570.894531,0.0,0.0,0.0,95.62,1276.199951,787.78,0.0,1392.860595,0.0,5.670759
2026-05-15 09:00:00+00:00,6722.308593,0.0,0.0,0.0,110.25,1280.199951,666.05,0.0,1817.580078,0.0,7.510081
2026-05-15 10:00:00+00:00,6824.541503,0.0,0.0,0.0,78.32,1284.699951,362.55,0.0,2148.961181,0.0,12.153975
2026-05-15 11:00:00+00:00,6037.687011,0.0,0.0,0.0,155.9,1289.800048,378.95,0.0,2107.912841,0.0,16.120718
2026-05-15 12:00:00+00:00,6193.801757,0.0,0.0,0.0,196.9,1295.400024,471.32,0.0,1981.776123,0.0,20.036336
2026-05-15 13:00:00+00:00,7092.9458,0.0,0.0,0.0,131.35,1301.400024,523.3,0.0,1664.972167,0.0,27.043045
2026-05-15 14:00:00+00:00,6309.790527,0.0,0.0,0.0,137.8,1307.900024,581.62,0.0,1493.776367,0.0,41.044601
2026-05-15 15:00:00+00:00,6449.029296,0.0,0.0,0.0,182.3,1314.699951,1167.42,0.0,1006.804931,0.0,28.616176
2026-05-15 16:00:00+00:00,6422.564941,0.0,0.0,0.0,803.78,1321.800048,1486.5,0.0,632.41217,0.0,27.833671
2026-05-15 17:00:00+00:00,6423.321777,0.0,0.0,0.0,1639.92,1329.099975,1621.68,0.0,315.042968,0.0,25.019716
2026-05-15 18:00:00+00:00,5785.991699,0.0,0.0,0.0,2121.95,1336.599975,1744.62,0.0,76.799911,0.0,25.328149
2026-05-15 19:00:00+00:00,6995.663085,0.0,0.0,0.0,1682.28,1344.300048,1594.05,0.0,4.996368,0.0,26.221721
2026-05-15 20:00:00+00:00,6693.518554,0.0,0.0,0.0,1411.15,1352.099975,1429.45,0.0,4.33823,0.0,31.533054
2026-05-15 21:00:00+00:00,6605.74121,0.0,0.0,0.0,1027.78,1359.900024,1073.45,0.0,3.487465,0.0,27.942871
2026-05-15 22:00:00+00:00,7227.155761,0.0,0.0,0.0,783.12,1230.900024,927.28,0.0,2.887717,0.0,23.486417
2026-05-15 23:00:00+00:00,6357.235351,0.0,0.0,0.0,359.7,1225.599975,667.0,0.0,2.258695,0.0,20.666942
2026-05-16 00:00:00+00:00,6819.374023,0.0,0.0,0.0,104.2,1220.5,439.35,0.0,1.980874,0.0,19.669576
2026-05-16 01:00:00+00:00,6082.433105,0.0,0.0,0.0,135.1,1215.900024,446.42,0.0,1.825945,0.0,17.731323
2026-05-16 02:00:00+00:00,6687.896484,0.0,0.0,0.0,81.75,1211.699951,435.15,0.0,1.620914,0.0,16.48726
2026-05-16 03:00:00+00:00,5881.314941,0.0,0.0,0.0,126.6,1208.099975,358.45,0.0,2.119626,0.0,20.560405
2026-05-16 04:00:00+00:00,6711.223632,0.0,0.0,0.0,184.32,1205.199951,329.88,0.0,105.047264,0.0,20.536306
2026-05-16 05:00:00+00:00,6110.760253,0.0,0.0,0.0,124.52,1203.0,294.62,0.0,462.631072,0.0,18.307615
2026-05-16 06:00:00+00:00,6244.671875,0.0,0.0,0.0,39.38,1201.5,223.6,0.0,964.1958,0.0,20.851999
2026-05-16 07:00:00+00:00,7523.661621,0.0,0.0,0.0,61.55,1201.0,223.62,0.0,1454.008789,0.0,25.19584
2026-05-16 08:00:00+00:00,7628.364746,0.0,0.0,0.0,130.32,1201.400024,212.5,0.0,1879.381713,0.0,25.634368
2026-05-16 09:00:00+00:00,7841.514648,0.0,0.0,0.0,130.88,1202.800048,219.82,0.0,2214.620361,0.0,24.49934
2026-05-16 10:00:00+00:00,7498.45166,0.0,0.0,0.0,76.48,1205.300048,149.95,0.0,2497.201171,0.0,21.310028
2026-05-16 11:00:00+00:00,8142.008789,0.0,0.0,0.0,141.85,1208.900024,148.65,0.0,2559.083007,0.0,19.922666
2026-05-16 12:00:00+00:00,6852.038085,0.0,0.0,0.0,116.75,1213.699951,178.8,0.0,2473.132568,0.0,19.020338
2026-05-16 13:00:00+00:00,6936.604492,0.0,0.0,0.0,61.22,1219.400024,166.98,0.0,2390.949462,0.0,14.627794
2026-05-16 14:00:00+00:00,7562.959472,0.0,0.0,0.0,43.9,1226.099975,238.4,0.0,2072.916503,0.0,15.542932
2026-05-16 15:00:00+00:00,8368.71582,0.0,0.0,0.0,52.38,1233.699951,237.85,0.0,1511.983276,0.0,16.10646
2026-05-16 16:00:00+00:00,6810.005859,0.0,0.0,0.0,228.12,1242.099975,433.72,0.0,862.943176,0.0,13.531645
2026-05-16 17:00:00+00:00,6536.560546,0.0,0.0,0.0,372.7,1251.199951,874.48,0.0,363.644866,0.0,12.589138
2026-05-16 18:00:00+00:00,7943.210449,0.0,0.0,0.0,1282.22,1260.900024,1300.92,0.0,75.197868,0.0,9.985301
2026-05-16 19:00:00+00:00,8255.64746,0.0,0.0,0.0,1197.38,1271.099975,1212.08,0.0,5.446805,0.0,10.01693
2026-05-16 20:00:00+00:00,6641.463378,0.0,0.0,0.0,728.2,1281.900024,1029.45,0.0,4.979181,0.0,8.466446
2026-05-16 21:00:00+00:00,6388.423828,0.0,0.0,0.0,239.75,1293.099975,911.82,0.0,4.122722,0.0,8.725825
2026-05-16 22:00:00+00:00,6657.463378,0.0,0.0,0.0,341.6,1107.199951,535.88,0.0,3.387921,0.0,6.051714
2026-05-16 23:00:00+00:00,6688.138671,0.0,0.0,0.0,338.38,1101.5,333.5,0.0,2.69936,0.0,4.953558
2026-05-17 00:00:00+00:00,6692.325683,0.0,0.0,0.0,265.8,1096.599975,371.32,0.0,2.38487,0.0,2.290946
2026-05-17 01:00:00+00:00,6217.385253,0.0,0.0,0.0,263.3,1092.599975,388.95,0.0,2.280979,0.0,0.937615
2026-05-17 02:00:00+00:00,6681.08789,0.0,0.0,0.0,235.88,1089.599975,364.48,0.0,2.003466,0.0,1.519827
2026-05-17 03:00:00+00:00,6687.796875,0.0,0.0,0.0,286.45,1087.599975,234.62,0.0,4.099674,0.0,0.76011
2026-05-17 04:00:00+00:00,6843.625,0.0,0.0,0.0,275.32,1086.900024,218.82,0.0,150.612915,0.0,1.022772
2026-05-17 05:00:00+00:00,6880.24707,0.0,0.0,0.0,74.0,1087.400024,219.5,0.0,722.138549,0.0,1.521843
2026-05-17 06:00:00+00:00,6313.578613,0.0,0.0,0.0,49.78,1089.199951,224.18,0.0,1584.746704,0.0,1.083766
2026-05-17 07:00:00+00:00,6454.759765,0.0,0.0,0.0,53.4,1092.5,202.42,0.0,2498.321533,0.0,0.546448
2026-05-17 08:00:00+00:00,6135.18164,0.0,0.0,0.0,133.32,1097.400024,166.65,0.0,3222.493164,0.0,0.202298
2026-05-17 09:00:00+00:00,7179.501464,0.0,0.0,0.0,139.3,1103.800048,138.22,0.0,3544.43872,0.0,0.215542
2026-05-17 10:00:00+00:00,7426.252441,0.0,0.0,0.0,99.68,1112.099975,156.75,0.0,3614.359375,0.0,1.505526
2026-05-17 11:00:00+00:00,6504.745605,0.0,0.0,0.0,64.52,1122.0,140.75,0.0,3619.237792,0.0,4.264599
2026-05-17 12:00:00+00:00,5934.204101,0.0,0.0,0.0,83.7,1133.699951,133.1,0.0,3298.298828,0.0,7.391463
2026-05-17 13:00:00+00:00,6572.305664,0.0,0.0,0.0,122.18,1146.900024,154.22,0.0,2965.595214,0.0,8.350628
2026-05-17 14:00:00+00:00,6408.061523,0.0,0.0,0.0,47.6,1161.5,206.75,0.0,2559.751464,0.0,9.780603
2026-05-17 15:00:00+00:00,6369.770996,0.0,0.0,0.0,179.32,1177.400024,317.8,0.0,2011.227539,0.0,10.406102
2026-05-17 16:00:00+00:00,6080.143554,0.0,0.0,0.0,497.42,1194.400024,868.45,0.0,1291.855834,0.0,8.92097
2026-05-17 17:00:00+00:00,5769.043457,0.0,0.0,0.0,1943.65,1212.400024,1293.12,0.0,562.742431,0.0,6.434831
2026-05-17 18:00:00+00:00,5872.579101,0.0,0.0,0.0,3104.42,1231.099975,1579.68,0.0,89.077392,0.0,4.594354
2026-05-17 19:00:00+00:00,7657.241699,0.0,0.0,0.0,2731.95,1250.599975,1575.98,0.0,6.09075,0.0,4.825295
2026-05-17 20:00:00+00:00,7173.202148,0.0,0.0,0.0,2747.68,1270.699951,1392.58,0.0,5.387772,0.0,3.83561
2026-05-17 21:00:00+00:00,6446.297851,0.0,0.0,0.0,2080.05,1291.099975,910.32,0.0,4.351972,0.0,1.974443
2026-05-17 22:00:00+00:00,6486.599121,0.0,0.0,0.0,1002.18,1154.900024,809.2,0.0,3.649588,0.0,2.341618
2026-05-17 23:00:00+00:00,6428.737792,0.0,0.0,0.0,198.55,1160.5,719.08,0.0,2.967436,0.0,4.407549
2026-05-18 00:00:00+00:00,6634.239257,0.0,0.0,0.0,557.9,1166.5,751.52,0.0,2.733176,0.0,7.661753
2026-05-18 01:00:00+00:00,6322.769531,0.0,0.0,0.0,347.9,1173.0,836.05,0.0,2.496353,0.0,12.378151
2026-05-18 02:00:00+00:00,6681.054687,0.0,0.0,0.0,546.25,1180.0,758.6,0.0,2.294703,0.0,15.514538
2026-05-18 03:00:00+00:00,6706.614746,0.0,0.0,0.0,1494.92,1187.599975,970.05,0.0,5.181904,0.0,16.295314
2026-05-18 04:00:00+00:00,6649.669921,0.0,0.0,0.0,3133.38,1195.599975,1322.05,0.0,118.818367,0.0,14.027656
2026-05-18 05:00:00+00:00,8132.089355,0.0,0.0,0.0,3196.22,1204.300048,1428.02,0.0,419.937835,0.0,10.244102
2026-05-18 06:00:00+00:00,7296.112792,0.0,0.0,0.0,2342.52,1213.5,1106.02,0.0,803.575195,0.0,8.4461
2026-05-18 07:00:00+00:00,7103.564453,0.0,0.0,0.0,319.2,1223.199951,722.08,0.0,1128.281005,0.0,4.609922
2026-05-18 08:00:00+00:00,8038.55371,0.0,0.0,0.0,210.12,1233.5,349.32,0.0,1315.832641,0.0,5.850253
2026-05-18 09:00:00+00:00,7885.051757,0.0,0.0,0.0,290.65,1244.300048,338.6,0.0,1406.736938,0.0,9.291835
2026-05-18 10:00:00+00:00,7688.752441,0.0,0.0,0.0,376.82,1255.800048,270.48,0.0,1666.150146,0.0,10.821972
2026-05-18 11:00:00+00:00,7221.442382,0.0,0.0,0.0,381.4,1267.800048,282.75,0.0,1634.895629,0.0,10.713378
2026-05-18 12:00:00+00:00,6680.324218,0.0,0.0,0.0,388.28,1280.400024,335.8,0.0,1827.732055,0.0,8.27823
2026-05-18 13:00:00+00:00,6673.683105,0.0,0.0,0.0,302.1,1293.599975,351.28,0.0,1848.104614,0.0,7.593644
2026-05-18 14:00:00+00:00,8123.997558,0.0,0.0,0.0,296.85,1307.300048,318.9,0.0,1670.120117,0.0,15.368868
2026-05-18 15:00:00+00:00,7149.404296,0.0,0.0,0.0,392.62,1321.5,605.72,0.0,1289.620117,0.0,9.857229
2026-05-18 16:00:00+00:00,7189.140136,0.0,0.0,0.0,1594.9,1336.199951,1111.52,0.0,796.000549,0.0,8.851599
2026-05-18 17:00:00+00:00,7400.411621,0.0,0.0,0.0,3262.1,1351.400024,1581.78,0.0,378.763488,0.0,4.372566
2026-05-18 18:00:00+00:00,8068.574707,0.0,0.0,0.0,3468.72,1367.099975,1748.88,0.0,90.927276,0.0,2.479424
2026-05-18 19:00:00+00:00,7020.142089,0.0,0.0,0.0,3296.58,1383.199951,1701.25,0.0,4.855165,0.0,0.836691
2026-05-18 20:00:00+00:00,6719.856445,0.0,0.0,0.0,2721.75,1399.800048,1390.8,0.0,4.096557,0.0,1.563521
2026-05-18 21:00:00+00:00,6414.018554,0.0,0.0,0.0,2570.52,1416.699951,1120.22,0.0,3.145442,0.0,2.968354
2026-05-18 22:00:00+00:00,7715.803222,0.0,0.0,0.0,1926.58,1242.5,1065.22,0.0,2.787745,0.0,3.653579
2026-05-18 23:00:00+00:00,5754.061523,0.0,0.0,0.0,1399.25,1241.800048,859.78,0.0,2.29652,0.0,4.342384
2026-05-19 00:00:00+00:00,7317.98291,0.0,0.0,0.0,1362.05,1242.099975,746.28,0.0,1.996333,0.0,5.680061
2026-05-19 01:00:00+00:00,7022.538085,0.0,0.0,0.0,1022.12,1243.599975,885.48,0.0,1.871689,0.0,4.889596
2026-05-19 02:00:00+00:00,6294.232421,0.0,0.0,0.0,1660.58,1246.400024,959.5,0.0,1.690181,0.0,4.702945
2026-05-19 03:00:00+00:00,7024.736816,0.0,0.0,0.0,2135.82,1250.599975,1240.05,0.0,4.53307,0.0,5.852385
2026-05-19 04:00:00+00:00,7181.487304,0.0,0.0,0.0,3228.48,1256.599975,1513.4,0.0,154.069412,0.0,6.030689
2026-05-19 05:00:00+00:00,7273.955566,0.0,0.0,0.0,2222.3,1264.300048,1406.58,0.0,605.763427,0.0,6.785445
2026-05-19 06:00:00+00:00,7844.479003,0.0,0.0,0.0,622.12,1274.0,978.0,0.0,1298.635498,0.0,4.865832
2026-05-19 07:00:00+00:00,7453.05371,0.0,0.0,0.0,188.8,1285.800048,385.75,0.0,2117.653076,0.0,2.552424
2026-05-19 08:00:00+00:00,7139.464355,0.0,0.0,0.0,131.48,1299.900024,248.45,0.0,2911.988769,0.0,1.393751
2026-05-19 09:00:00+00:00,6957.805664,0.0,0.0,0.0,175.62,1316.5,214.95,0.0,3372.438232,0.0,0.638572
2026-05-19 10:00:00+00:00,6906.892089,0.0,0.0,0.0,130.52,1335.699951,153.25,0.0,3353.678955,0.0,1.626745
2026-05-19 11:00:00+00:00,6668.224609,0.0,0.0,0.0,119.18,1357.599975,122.58,0.0,3090.603515,0.0,3.389185
2026-05-19 12:00:00+00:00,6621.698242,0.0,0.0,0.0,154.92,1382.0,160.1,0.0,2782.790771,0.0,7.442118
2026-05-19 13:00:00+00:00,6634.920898,0.0,0.0,0.0,180.7,1408.599975,182.38,0.0,2228.732421,0.0,9.026211
2026-05-19 14:00:00+00:00,7651.716796,0.0,0.0,0.0,186.85,1437.300048,277.82,0.0,1760.697875,0.0,11.015981
2026-05-19 15:00:00+00:00,7208.635742,0.0,0.0,0.0,242.55,1467.599975,515.4,0.0,1391.148925,0.0,11.076456
2026-05-19 16:00:00+00:00,7119.354003,0.0,0.0,0.0,1160.95,1499.5,1056.6,0.0,849.420532,0.0,6.495413
2026-05-19 17:00:00+00:00,6525.525878,0.0,0.0,0.0,3154.48,1532.400024,1550.4,0.0,388.782409,0.0,5.760359
2026-05-19 18:00:00+00:00,6584.446289,0.0,0.0,0.0,3356.62,1566.400024,1704.1,0.0,79.195907,0.0,7.589162
2026-05-19 19:00:00+00:00,6604.252441,0.0,0.0,0.0,2618.02,1600.900024,1434.7,0.0,5.347053,0.0,10.646382
2026-05-19 20:00:00+00:00,5856.85791,0.0,0.0,0.0,1630.82,1635.900024,1081.05,0.0,4.942512,0.0,10.167964
2026-05-19 21:00:00+00:00,6058.418457,0.0,0.0,0.0,508.92,1671.0,817.38,0.0,3.987398,0.0,13.348445
2026-05-19 22:00:00+00:00,5856.921875,0.0,0.0,0.0,277.8,1203.599975,784.1,0.0,3.288101,0.0,23.288427
2026-05-19 23:00:00+00:00,6166.136718,0.0,0.0,0.0,202.22,1193.900024,514.25,0.0,2.781728,0.0,20.78116
2026-05-20 00:00:00+00:00,5216.448242,0.0,0.0,0.0,137.52,1185.099975,267.2,0.0,2.462327,0.0,28.215953
2026-05-20 01:00:00+00:00,5091.68457,0.0,0.0,0.0,332.05,1177.400024,404.78,0.0,2.280472,0.0,36.682727
2026-05-20 02:00:00+00:00,4985.059082,0.0,0.0,0.0,442.72,1171.0,358.28,0.0,2.253502,0.0,37.39994
2026-05-20 03:00:00+00:00,5041.757812,0.0,0.0,0.0,424.52,1166.0,666.95,0.0,2.79223,0.0,32.622528
2026-05-20 04:00:00+00:00,5495.467773,0.0,0.0,0.0,1581.7,1162.5,1173.3,0.0,66.139465,0.0,25.628767
2026-05-20 05:00:00+00:00,6360.601562,0.0,0.0,0.0,2425.78,1160.800048,1240.82,0.0,320.407867,0.0,17.904211
2026-05-20 06:00:00+00:00,7022.252929,0.0,0.0,0.0,1415.15,1161.0,908.88,0.0,826.466674,0.0,15.963438
2026-05-20 07:00:00+00:00,7266.217773,0.0,0.0,0.0,614.15,1163.199951,505.58,0.0,1554.267333,0.0,18.072818
2026-05-20 08:00:00+00:00,7258.703613,0.0,0.0,0.0,257.78,1167.699951,321.3,0.0,2223.253417,0.0,15.070476
2026-05-20 09:00:00+00:00,8075.194824,0.0,0.0,0.0,171.35,1174.599975,267.32,0.0,2712.45996,0.0,15.072299
2026-05-20 10:00:00+00:00,8534.251953,0.0,0.0,0.0,169.5,1184.0,299.02,0.0,2918.305175,0.0,14.012516
2026-05-20 11:00:00+00:00,8462.819335,0.0,0.0,0.0,152.82,1196.099975,208.52,0.0,3126.980224,0.0,16.752283
2026-05-20 12:00:00+00:00,8533.460937,0.0,0.0,0.0,161.5,1210.699951,198.85,0.0,3066.578125,0.0,19.218059
2026-05-20 13:00:00+00:00,8411.889648,0.0,0.0,0.0,152.25,1227.599975,209.42,0.0,2880.773193,0.0,18.769296
2026-05-20 14:00:00+00:00,8157.726562,0.0,0.0,0.0,172.8,1246.5,230.78,0.0,2545.063964,0.0,18.054796
2026-05-20 15:00:00+00:00,7745.460937,0.0,0.0,0.0,219.18,1267.199951,272.38,0.0,1950.814697,0.0,19.212951
2026-05-20 16:00:00+00:00,7124.446777,0.0,0.0,0.0,1011.52,1289.400024,1012.65,0.0,1258.447021,0.0,15.025879
2026-05-20 17:00:00+00:00,6481.256835,0.0,0.0,0.0,3277.78,1313.099975,1611.52,0.0,561.087829,0.0,9.1113
2026-05-20 18:00:00+00:00,6551.122558,0.0,0.0,0.0,3553.85,1337.800048,1727.88,0.0,108.674575,0.0,11.100876
2026-05-20 19:00:00+00:00,6526.141601,0.0,0.0,0.0,3439.15,1363.400024,1723.6,0.0,5.963186,0.0,6.254828
2026-05-20 20:00:00+00:00,6466.559082,0.0,0.0,0.0,3385.82,1389.699951,1553.98,0.0,5.251818,0.0,7.170503
2026-05-20 21:00:00+00:00,6222.963867,0.0,0.0,0.0,1483.4,1416.400024,1208.95,0.0,4.165215,0.0,6.782786
2026-05-20 22:00:00+00:00,5763.569824,0.0,0.0,0.0,1125.38,1202.400024,872.4,0.0,3.600119,0.0,4.575216
2026-05-20 23:00:00+00:00,5486.446289,0.0,0.0,0.0,250.42,1205.5,716.15,0.0,2.852607,0.0,1.860205
2026-05-21 00:00:00+00:00,5229.683105,0.0,0.0,0.0,208.15,1209.099975,320.32,0.0,2.47233,0.0,0.571719
2026-05-21 01:00:00+00:00,5104.729003,0.0,0.0,0.0,80.38,1213.300048,272.48,0.0,2.246724,0.0,1.331134
2026-05-21 02:00:00+00:00,4971.85205,0.0,0.0,0.0,73.6,1217.900024,443.45,0.0,2.16053,0.0,3.795762
2026-05-21 03:00:00+00:00,5147.75,0.0,0.0,0.0,578.02,1223.099975,867.42,0.0,5.990884,0.0,8.095993
2026-05-21 04:00:00+00:00,5504.017089,0.0,0.0,0.0,1566.72,1228.900024,1442.32,0.0,166.490753,0.0,11.938913
2026-05-21 05:00:00+00:00,6194.110351,0.0,0.0,0.0,2094.8,1235.199951,1375.32,0.0,724.695983,0.0,12.78837
2026-05-21 06:00:00+00:00,6651.288574,0.0,0.0,0.0,1094.4,1242.0,1093.18,0.0,1570.315429,0.0,9.10501
2026-05-21 07:00:00+00:00,6679.941406,0.0,0.0,0.0,176.02,1249.300048,400.38,0.0,2478.729003,0.0,5.637067
2026-05-21 08:00:00+00:00,7105.562011,0.0,0.0,0.0,207.55,1257.199951,146.9,0.0,3273.627441,0.0,2.111736
2026-05-21 09:00:00+00:00,8258.825195,0.0,0.0,0.0,122.45,1265.699951,138.88,0.0,3846.319824,0.0,1.726337
2026-05-21 10:00:00+00:00,8638.066406,0.0,0.0,0.0,119.48,1274.699951,154.45,0.0,4168.091308,0.0,2.992447
2026-05-21 11:00:00+00:00,8298.708007,0.0,0.0,0.0,113.12,1284.199951,133.82,0.0,4278.578125,0.0,7.012398
2026-05-21 12:00:00+00:00,8115.619628,0.0,0.0,0.0,57.62,1294.199951,142.32,0.0,4125.154296,0.0,11.055872
2026-05-21 13:00:00+00:00,7658.084472,0.0,0.0,0.0,93.55,1304.599975,183.58,0.0,3721.480468,0.0,11.706114
2026-05-21 14:00:00+00:00,7607.493164,0.0,0.0,0.0,188.02,1315.400024,229.82,0.0,3000.897949,0.0,13.47641
2026-05-21 15:00:00+00:00,7570.601074,0.0,0.0,0.0,264.32,1326.5,418.5,0.0,2219.215332,0.0,13.163949
2026-05-21 16:00:00+00:00,6905.770996,0.0,0.0,0.0,1010.08,1337.699951,927.3,0.0,1342.593139,0.0,12.586849
2026-05-21 17:00:00+00:00,6386.072753,0.0,0.0,0.0,2784.22,1349.099975,1395.18,0.0,609.415649,0.0,12.162107
2026-05-21 18:00:00+00:00,6453.868164,0.0,0.0,0.0,3709.28,1360.599975,1750.75,0.0,142.790176,0.0,12.370364
2026-05-21 19:00:00+00:00,6451.730468,0.0,0.0,0.0,3599.85,1372.099975,1590.0,0.0,7.334794,0.0,12.816167
2026-05-21 20:00:00+00:00,6355.957031,0.0,0.0,0.0,3393.75,1383.5,1556.68,0.0,5.327286,0.0,14.022632
2026-05-21 21:00:00+00:00,6082.958984,0.0,0.0,0.0,3039.52,1394.800048,1179.88,0.0,4.287492,0.0,20.784513
2026-05-21 22:00:00+00:00,5681.947265,0.0,0.0,0.0,2288.42,1345.099975,1029.12,0.0,3.535154,0.0,16.787094
2026-05-21 23:00:00+00:00,6669.519042,0.0,0.0,0.0,1726.6,1348.599975,955.0,0.0,3.026179,0.0,6.921238
2026-05-22 00:00:00+00:00,6254.186035,0.0,0.0,0.0,1262.6,1352.0,669.62,0.0,2.624464,0.0,1.950217
2026-05-22 01:00:00+00:00,5694.033691,0.0,0.0,0.0,684.6,1355.199951,620.05,0.0,2.35633,0.0,0.584457
2026-05-22 02:00:00+00:00,5956.21875,0.0,0.0,0.0,523.1,1358.400024,624.12,0.0,2.30515,0.0,1.043512
2026-05-22 03:00:00+00:00,6121.991699,0.0,0.0,0.0,1287.4,1361.400024,885.22,0.0,5.934087,0.0,2.295351
2026-05-22 04:00:00+00:00,7195.475097,0.0,0.0,0.0,2431.35,1364.300048,1192.45,0.0,167.632324,0.0,3.206122
2026-05-22 05:00:00+00:00,7328.481445,0.0,0.0,0.0,1496.45,1367.199951,1136.58,0.0,746.447082,0.0,3.409747
2026-05-22 06:00:00+00:00,7441.690429,0.0,0.0,0.0,289.42,1369.900024,756.5,0.0,1615.247924,0.0,2.532341
2026-05-22 07:00:00+00:00,7008.855468,0.0,0.0,0.0,101.2,1372.599975,293.25,0.0,2545.941894,0.0,2.399642
2026-05-22 08:00:00+00:00,7385.081542,0.0,0.0,0.0,100.72,1375.099975,232.98,0.0,3350.42163,0.0,0.252144
2026-05-22 09:00:00+00:00,7585.662109,0.0,0.0,0.0,100.8,1377.599975,215.02,0.0,3910.268798,0.0,0.500946
2026-05-22 10:00:00+00:00,7489.194335,0.0,0.0,0.0,79.02,1380.099975,222.32,0.0,4228.785644,0.0,4.348564
2026-05-22 11:00:00+00:00,7448.39746,0.0,0.0,0.0,79.22,1382.400024,218.52,0.0,4306.262695,0.0,9.288421
2026-05-22 12:00:00+00:00,7415.492187,0.0,0.0,0.0,82.0,1384.699951,199.6,0.0,4164.522949,0.0,14.126527
2026-05-22 13:00:00+00:00,7426.469726,0.0,0.0,0.0,81.38,1386.800048,198.98,0.0,3777.996337,0.0,16.027069
2026-05-22 14:00:00+00:00,7383.411132,0.0,0.0,0.0,149.02,1388.900024,229.7,0.0,3156.889404,0.0,15.204206
2026-05-22 15:00:00+00:00,7183.771972,0.0,0.0,0.0,363.42,1390.900024,363.25,0.0,2330.058837,0.0,12.948113
2026-05-22 16:00:00+00:00,7403.554687,0.0,0.0,0.0,1152.35,1392.699951,893.98,0.0,1407.657836,0.0,12.589286
2026-05-22 17:00:00+00:00,7511.990722,0.0,0.0,0.0,3739.38,1394.400024,1725.45,0.0,615.756103,0.0,8.200553
2026-05-22 18:00:00+00:00,7367.922851,0.0,0.0,0.0,4078.55,1396.0,1879.52,0.0,109.630065,0.0,6.880087
2026-05-22 19:00:00+00:00,6829.79541,0.0,0.0,0.0,3901.95,1397.5,1684.95,0.0,5.844344,0.0,4.710772
2026-05-22 20:00:00+00:00,6087.339843,0.0,0.0,0.0,3643.58,1398.800048,1442.58,0.0,5.38961,0.0,4.976909
2026-05-22 21:00:00+00:00,6226.79248,0.0,0.0,0.0,2768.28,1399.900024,1198.55,0.0,4.342196,0.0,6.243209
2026-05-22 22:00:00+00:00,5925.609375,0.0,0.0,0.0,2460.35,1417.400024,822.95,0.0,3.663689,0.0,5.412458
2026-05-22 23:00:00+00:00,5939.316406,0.0,0.0,0.0,1752.45,1417.800048,713.72,0.0,3.023163,0.0,3.217262
2026-05-23 00:00:00+00:00,5449.920898,0.0,0.0,0.0,931.4,1417.900024,630.88,0.0,2.650898,0.0,2.78927
2026-05-23 01:00:00+00:00,5709.592285,0.0,0.0,0.0,762.48,1417.800048,630.2,0.0,2.367455,0.0,3.53443
2026-05-23 02:00:00+00:00,5287.577148,0.0,0.0,0.0,513.45,1417.400024,390.4,0.0,2.258147,0.0,6.770316
2026-05-23 03:00:00+00:00,5932.940429,0.0,0.0,0.0,543.62,1416.900024,317.58,0.0,7.919566,0.0,7.437319
2026-05-23 04:00:00+00:00,5472.208007,0.0,0.0,0.0,457.95,1416.0,316.78,0.0,183.900238,0.0,7.487621
2026-05-23 05:00:00+00:00,6169.927734,0.0,0.0,0.0,142.8,1414.900024,342.88,0.0,749.117553,0.0,6.914382
2026-05-23 06:00:00+00:00,6938.468261,0.0,0.0,0.0,50.6,1413.599975,337.98,0.0,1595.626831,0.0,4.026562
2026-05-23 07:00:00+00:00,6831.405273,0.0,0.0,0.0,59.85,1412.0,255.05,0.0,2511.486083,0.0,2.046056
2026-05-23 08:00:00+00:00,6483.015625,0.0,0.0,0.0,75.8,1410.099975,310.18,0.0,3301.443359,0.0,0.573733
2026-05-23 09:00:00+00:00,7291.067382,0.0,0.0,0.0,125.38,1407.900024,238.05,0.0,3863.213378,0.0,1.637823
2026-05-23 10:00:00+00:00,6772.673339,0.0,0.0,0.0,62.08,1405.5,231.0,0.0,4167.876953,0.0,6.500361
2026-05-23 11:00:00+00:00,7203.330078,0.0,0.0,0.0,95.92,1402.800048,211.15,0.0,4246.095214,0.0,12.797831
2026-05-23 12:00:00+00:00,7139.112792,0.0,0.0,0.0,64.12,1399.900024,173.28,0.0,4109.840332,0.0,16.358749
2026-05-23 13:00:00+00:00,7075.04248,0.0,0.0,0.0,87.02,1396.800048,178.65,0.0,3737.379394,0.0,17.738933
2026-05-23 14:00:00+00:00,7110.635253,0.0,0.0,0.0,107.52,1393.699951,211.02,0.0,3157.926025,0.0,16.588323
2026-05-23 15:00:00+00:00,7162.855468,0.0,0.0,0.0,132.35,1390.5,305.6,0.0,2358.256591,0.0,15.561706
2026-05-23 16:00:00+00:00,7126.842285,0.0,0.0,0.0,1049.65,1387.5,472.48,0.0,1442.633789,0.0,14.523946
2026-05-23 17:00:00+00:00,7186.221679,0.0,0.0,0.0,2635.1,1384.599975,1215.75,0.0,606.284912,0.0,13.671588
2026-05-23 18:00:00+00:00,7565.404296,0.0,0.0,0.0,3246.08,1381.900024,1392.25,0.0,110.980079,0.0,11.092187
2026-05-23 19:00:00+00:00,6594.16455,0.0,0.0,0.0,3489.12,1379.5,1566.25,0.0,6.265913,0.0,11.536324
2026-05-23 20:00:00+00:00,6789.259765,0.0,0.0,0.0,3341.75,1377.5,1637.38,0.0,5.462981,0.0,12.017242
2026-05-23 21:00:00+00:00,5463.285156,0.0,0.0,0.0,3457.95,1376.0,1280.18,0.0,4.452766,0.0,16.449642
2026-05-23 22:00:00+00:00,5769.5708,0.0,0.0,0.0,3084.08,1481.0,1294.48,0.0,3.620697,0.0,11.25938
2026-05-23 23:00:00+00:00,5618.97705,0.0,0.0,0.0,2183.35,1488.0,993.38,0.0,3.009067,0.0,13.675261
2026-05-24 00:00:00+00:00,6324.665039,0.0,0.0,0.0,1856.68,1495.5,801.58,0.0,2.524849,0.0,20.37536
2026-05-24 01:00:00+00:00,5700.730957,0.0,0.0,0.0,867.18,1503.199951,653.25,0.0,2.195515,0.0,25.623115
2026-05-24 02:00:00+00:00,6368.02246,0.0,0.0,0.0,689.12,1511.300048,464.9,0.0,2.05059,0.0,25.848978
2026-05-24 03:00:00+00:00,5713.037597,0.0,0.0,0.0,529.12,1519.800048,437.02,0.0,6.514968,0.0,28.43041
2026-05-24 04:00:00+00:00,7021.710937,0.0,0.0,0.0,136.4,1528.599975,494.68,0.0,175.030899,0.0,30.635761
2026-05-24 05:00:00+00:00,6744.040527,0.0,0.0,0.0,48.58,1537.800048,448.58,0.0,749.773803,0.0,28.715368
2026-05-24 06:00:00+00:00,6725.564453,0.0,0.0,0.0,36.6,1547.300048,396.75,0.0,1611.019653,0.0,24.317489
2026-05-24 07:00:00+00:00,6451.67871,0.0,0.0,0.0,45.68,1557.099975,299.05,0.0,2533.733642,0.0,22.175649
2026-05-24 08:00:00+00:00,6322.266113,0.0,0.0,0.0,56.12,1567.300048,249.32,0.0,3318.911376,0.0,15.365096
2026-05-24 09:00:00+00:00,6913.084472,0.0,0.0,0.0,76.28,1577.800048,242.52,0.0,3870.239257,0.0,13.543498
2026-05-24 10:00:00+00:00,7368.80371,0.0,0.0,0.0,92.38,1588.699951,198.3,0.0,4178.84082,0.0,16.291187
2026-05-24 11:00:00+00:00,7504.362304,0.0,0.0,0.0,96.45,1599.900024,210.45,0.0,4259.192382,0.0,21.859476
2026-05-24 12:00:00+00:00,7501.162597,0.0,0.0,0.0,117.85,1611.400024,178.38,0.0,4113.646484,0.0,23.050142
2026-05-24 13:00:00+00:00,7503.641113,0.0,0.0,0.0,71.7,1623.099975,209.78,0.0,3747.296142,0.0,21.824148
2026-05-24 14:00:00+00:00,7509.810546,0.0,0.0,0.0,41.28,1635.099975,291.72,0.0,3152.711425,0.0,22.781457
2026-05-24 15:00:00+00:00,7637.931152,0.0,0.0,0.0,7.9,1647.099975,326.15,0.0,2333.088623,0.0,25.090534
2026-05-24 16:00:00+00:00,7677.925292,0.0,0.0,0.0,184.2,1659.300048,610.88,0.0,1403.889038,0.0,21.318416
2026-05-24 17:00:00+00:00,7664.693847,0.0,0.0,0.0,701.82,1671.5,1274.88,0.0,589.736877,0.0,18.049812
2026-05-24 18:00:00+00:00,7026.632812,0.0,0.0,0.0,2181.0,1683.599975,1603.3,0.0,112.615081,0.0,21.136278
2026-05-24 19:00:00+00:00,6939.004882,0.0,0.0,0.0,2310.9,1695.699951,1727.7,0.0,5.868384,0.0,23.166442
2026-05-24 20:00:00+00:00,6678.488281,0.0,0.0,0.0,2289.9,1707.699951,1726.45,0.0,5.380317,0.0,22.839389
2026-05-24 21:00:00+00:00,6936.304199,0.0,0.0,0.0,1205.2,1719.5,1558.92,0.0,4.345981,0.0,26.676263
2026-05-24 22:00:00+00:00,5562.328613,0.0,0.0,0.0,1933.98,1706.099975,1249.7,0.0,3.558068,0.0,35.182884
2026-05-24 23:00:00+00:00,5206.782714,0.0,0.0,0.0,1190.78,1713.400024,1069.52,0.0,2.935815,0.0,32.78059
2026-05-25 00:00:00+00:00,5573.823242,0.0,0.0,0.0,995.1,1720.599975,861.02,0.0,2.422075,0.0,30.813762
2026-05-25 01:00:00+00:00,5570.102539,0.0,0.0,0.0,963.65,1727.5,893.28,0.0,2.182497,0.0,30.694269
2026-05-25 02:00:00+00:00,5575.221679,0.0,0.0,0.0,928.85,1734.099975,918.82,0.0,2.061975,0.0,32.004825
2026-05-25 03:00:00+00:00,6784.924804,0.0,0.0,0.0,871.28,1740.400024,998.3,0.0,6.718,0.0,28.878032
2026-05-25 04:00:00+00:00,6515.002929,0.0,0.0,0.0,684.35,1746.5,952.28,0.0,180.415344,0.0,25.435914
2026-05-25 05:00:00+00:00,6202.206542,0.0,0.0,0.0,271.58,1752.199951,915.6,0.0,704.873474,0.0,21.213991
2026-05-25 06:00:00+00:00,4976.394531,0.0,0.0,0.0,57.8,1757.599975,583.38,0.0,1514.398925,0.0,15.62283
2026-05-25 07:00:00+00:00,6857.555175,0.0,0.0,0.0,25.88,1762.699951,441.2,0.0,2408.499511,0.0,9.344305
2026-05-25 08:00:00+00:00,6967.393554,0.0,0.0,0.0,60.52,1767.400024,448.48,0.0,3192.018066,0.0,5.353487
2026-05-25 09:00:00+00:00,6959.90625,0.0,0.0,0.0,51.52,1771.800048,455.68,0.0,3743.351074,0.0,4.626315
2026-05-25 10:00:00+00:00,6954.574218,0.0,0.0,0.0,70.02,1775.699951,273.2,0.0,4049.298583,0.0,7.430063
2026-05-25 11:00:00+00:00,6956.332031,0.0,0.0,0.0,129.9,1779.300048,270.72,0.0,4131.72998,0.0,11.342294
2026-05-25 12:00:00+00:00,6956.757324,0.0,0.0,0.0,153.1,1782.5,213.95,0.0,3993.600585,0.0,13.543478
2026-05-25 13:00:00+00:00,6955.949707,0.0,0.0,0.0,170.12,1785.300048,267.7,0.0,3643.572021,0.0,14.775939
2026-05-25 14:00:00+00:00,6954.104003,0.0,0.0,0.0,112.78,1787.599975,506.22,0.0,3049.218261,0.0,14.441503
2026-05-25 15:00:00+00:00,7063.144531,0.0,0.0,0.0,176.08,1789.5,791.75,0.0,2254.669433,0.0,13.053132
2026-05-25 16:00:00+00:00,6849.426757,0.0,0.0,0.0,629.95,1790.900024,1301.02,0.0,1369.804077,0.0,12.537081
2026-05-25 17:00:00+00:00,7072.594238,0.0,0.0,0.0,3495.72,1791.900024,1842.98,0.0,587.060607,0.0,10.345613
2026-05-25 18:00:00+00:00,7186.409667,0.0,0.0,0.0,3985.05,1792.400024,1997.38,0.0,125.539932,0.0,9.602662
2026-05-25 19:00:00+00:00,7193.486816,0.0,0.0,0.0,3897.62,1792.5,2012.6,0.0,6.913741,0.0,6.367418
2026-05-25 20:00:00+00:00,7022.829101,0.0,0.0,0.0,3752.48,1792.0,1888.8,0.0,5.412594,0.0,4.113103
2026-05-25 21:00:00+00:00,6661.504394,0.0,0.0,0.0,3705.85,1791.099975,1862.58,0.0,4.306995,0.0,5.300811
2026-05-25 22:00:00+00:00,6717.627441,0.0,0.0,0.0,2428.7,2068.800048,1156.35,0.0,3.487334,0.0,6.39731
2026-05-25 23:00:00+00:00,5897.18164,0.0,0.0,0.0,1084.38,2089.300048,1068.78,0.0,2.9494,0.0,5.195517
2026-05-26 00:00:00+00:00,6130.345703,0.0,0.0,0.0,654.9,2108.5,916.9,0.0,2.454212,0.0,3.64857
2026-05-26 01:00:00+00:00,5637.36914,0.0,0.0,0.0,780.78,2126.0,875.42,0.0,2.181005,0.0,7.597303
2026-05-26 02:00:00+00:00,6022.113281,0.0,0.0,0.0,669.65,2141.600097,810.02,0.0,2.090635,0.0,7.322848
2026-05-26 03:00:00+00:00,6102.246093,0.0,0.0,0.0,1488.15,2155.199951,1051.6,0.0,8.167983,0.0,5.259615
2026-05-26 04:00:00+00:00,6835.172851,0.0,0.0,0.0,3018.9,2166.399902,1194.92,0.0,180.12709,0.0,5.828882
2026-05-26 05:00:00+00:00,7237.395507,0.0,0.0,0.0,2988.32,2175.100097,1197.55,0.0,704.145568,0.0,4.773764
2026-05-26 06:00:00+00:00,7430.176269,0.0,0.0,0.0,867.2,2181.0,1047.22,0.0,1507.273193,0.0,3.600119
2026-05-26 07:00:00+00:00,7924.343261,0.0,0.0,0.0,277.2,2183.800048,858.6,0.0,2390.806884,0.0,0.873517
2026-05-26 08:00:00+00:00,6937.306152,0.0,0.0,0.0,134.28,2183.5,823.72,0.0,3161.56665,0.0,0.0
2026-05-26 09:00:00+00:00,7088.338867,0.0,0.0,0.0,147.58,2179.600097,797.32,0.0,3703.549316,0.0,0.0
2026-05-26 10:00:00+00:00,6984.064941,0.0,0.0,0.0,109.75,2172.100097,794.02,0.0,4013.439697,0.0,2.386972
2026-05-26 11:00:00+00:00,6992.524902,0.0,0.0,0.0,128.08,2160.699951,756.35,0.0,4097.473632,0.0,6.687113
2026-05-26 12:00:00+00:00,6991.288085,0.0,0.0,0.0,101.2,2145.600097,759.0,0.0,3954.275634,0.0,9.587219
2026-05-26 13:00:00+00:00,7085.547851,0.0,0.0,0.0,171.2,2127.199951,806.48,0.0,3589.954345,0.0,11.710826
2026-05-26 14:00:00+00:00,7090.851074,0.0,0.0,0.0,236.5,2105.600097,878.32,0.0,2940.083251,0.0,12.444192
2026-05-26 15:00:00+00:00,7100.734863,0.0,0.0,0.0,496.22,2081.199951,934.72,0.0,2041.434692,0.0,14.795672
2026-05-26 16:00:00+00:00,7097.076171,0.0,0.0,0.0,2642.9,2054.199951,1334.1,0.0,1241.145629,0.0,12.706557
2026-05-26 17:00:00+00:00,6980.910644,0.0,0.0,0.0,3557.8,2024.900024,1600.72,0.0,503.723052,0.0,11.897346
2026-05-26 18:00:00+00:00,7213.478027,0.0,0.0,0.0,3617.52,1993.599975,1730.38,0.0,115.915206,0.0,7.731172
2026-05-26 19:00:00+00:00,7109.123046,0.0,0.0,0.0,3495.8,1960.5,1812.08,0.0,8.430076,0.0,4.531462
2026-05-26 20:00:00+00:00,6852.478515,0.0,0.0,0.0,3330.0,1925.900024,1498.72,0.0,5.513227,0.0,1.902959
2026-05-26 21:00:00+00:00,6528.21582,0.0,0.0,0.0,2817.7,1890.0,1124.55,0.0,4.341989,0.0,0.716932
2026-05-26 22:00:00+00:00,6354.748535,0.0,0.0,0.0,2132.52,2406.300048,1195.22,0.0,3.534771,0.0,0.139433
2026-05-26 23:00:00+00:00,6111.203613,0.0,0.0,0.0,1172.7,2414.199951,1072.78,0.0,2.911792,0.0,0.068336
2026-05-27 00:00:00+00:00,6095.613769,0.0,0.0,0.0,832.78,2420.0,981.22,0.0,2.617112,0.0,0.039527
2026-05-27 01:00:00+00:00,6128.368164,0.0,0.0,0.0,836.3,2423.5,992.72,0.0,2.1897,0.0,0.769043
2026-05-27 02:00:00+00:00,6129.382324,0.0,0.0,0.0,1024.75,2424.399902,989.55,0.0,2.146433,0.0,2.505167
2026-05-27 03:00:00+00:00,6221.466796,0.0,0.0,0.0,1212.32,2422.699951,954.1,0.0,6.829779,0.0,1.919017
2026-05-27 04:00:00+00:00,7777.075195,0.0,0.0,0.0,2258.15,2418.199951,1181.35,0.0,167.150222,0.0,2.173984
2026-05-27 05:00:00+00:00,7777.207519,0.0,0.0,0.0,2254.5,2410.699951,1098.75,0.0,644.957885,0.0,2.839942
2026-05-27 06:00:00+00:00,8397.745117,0.0,0.0,0.0,1416.12,2400.0,829.62,0.0,1370.784301,0.0,1.954216
2026-05-27 07:00:00+00:00,7867.60205,0.0,0.0,0.0,344.85,2386.0,644.22,0.0,2251.710449,0.0,1.165812
2026-05-27 08:00:00+00:00,7871.196777,0.0,0.0,0.0,301.88,2368.5,495.78,0.0,3078.425781,0.0,0.703697
2026-05-27 09:00:00+00:00,7125.083984,0.0,0.0,0.0,212.82,2347.300048,497.18,0.0,3652.36914,0.0,2.062174
2026-05-27 10:00:00+00:00,7512.436523,0.0,0.0,0.0,139.52,2322.300048,468.15,0.0,3902.700927,0.0,7.794867
2026-05-27 11:00:00+00:00,7450.842285,0.0,0.0,0.0,81.02,2293.300048,474.22,0.0,3902.650146,0.0,10.824336
2026-05-27 12:00:00+00:00,7464.716308,0.0,0.0,0.0,181.38,2260.600097,449.88,0.0,3699.192871,0.0,12.498518
2026-05-27 13:00:00+00:00,7437.905273,0.0,0.0,0.0,339.82,2224.600097,465.32,0.0,3271.634033,0.0,15.105238
2026-05-27 14:00:00+00:00,7298.905761,0.0,0.0,0.0,498.8,2185.600097,498.98,0.0,2674.541503,0.0,15.763789
2026-05-27 15:00:00+00:00,7563.205078,0.0,0.0,0.0,599.78,2143.899902,533.58,0.0,2037.836059,0.0,18.729354
2026-05-27 16:00:00+00:00,7275.886718,0.0,0.0,0.0,1638.52,2099.800048,952.4,0.0,1282.110473,0.0,17.206649
2026-05-27 17:00:00+00:00,7843.077636,0.0,0.0,0.0,2160.85,2053.800048,1466.12,0.0,572.25592,0.0,18.661943
2026-05-27 18:00:00+00:00,7776.546386,0.0,0.0,0.0,2542.55,2006.0,1463.15,0.0,130.811492,0.0,18.686176
2026-05-27 19:00:00+00:00,7241.294921,0.0,0.0,0.0,2499.2,1957.0,1502.6,0.0,7.606459,0.0,14.440039
2026-05-27 20:00:00+00:00,7937.995117,0.0,0.0,0.0,2435.4,1906.900024,1379.75,0.0,5.51806,0.0,13.45558
2026-05-27 21:00:00+00:00,7701.429687,0.0,0.0,0.0,1951.8,1856.199951,1024.92,0.0,4.292183,0.0,12.152766
2026-05-27 22:00:00+00:00,6728.544921,0.0,0.0,0.0,1170.8,2492.300048,913.55,0.0,3.631886,0.0,9.952138
2026-05-27 23:00:00+00:00,6011.388671,0.0,0.0,0.0,755.4,2497.5,845.6,0.0,2.961865,0.0,15.673658
2026-05-28 00:00:00+00:00,6463.296875,0.0,0.0,0.0,579.55,2500.899902,802.42,0.0,2.539555,0.0,26.8913
2026-05-28 01:00:00+00:00,6485.969726,0.0,0.0,0.0,577.75,2502.399902,784.38,0.0,2.242305,0.0,28.899581
2026-05-28 02:00:00+00:00,6572.109375,0.0,0.0,0.0,1032.95,2501.5,838.02,0.0,2.073922,0.0,24.651008
2026-05-28 03:00:00+00:00,6012.178222,0.0,0.0,0.0,1808.78,2498.300048,963.6,0.0,8.622822,0.0,19.504985
2026-05-28 04:00:00+00:00,7011.686523,0.0,0.0,0.0,2801.62,2492.399902,1425.7,0.0,183.736679,0.0,19.012931
2026-05-28 05:00:00+00:00,8005.128417,0.0,0.0,0.0,1934.02,2483.600097,1282.68,0.0,720.429565,0.0,14.836208
2026-05-28 06:00:00+00:00,7562.191406,0.0,0.0,0.0,605.55,2471.699951,732.02,0.0,1542.495239,0.0,8.240707
2026-05-28 07:00:00+00:00,7289.623535,0.0,0.0,0.0,222.5,2456.600097,540.55,0.0,2445.441406,0.0,4.518669
2026-05-28 08:00:00+00:00,8030.621582,0.0,0.0,0.0,196.02,2437.899902,493.3,0.0,3241.370849,0.0,6.526489
2026-05-28 09:00:00+00:00,7642.976562,0.0,0.0,0.0,56.05,2415.5,418.0,0.0,3797.104736,0.0,10.60648
2026-05-28 10:00:00+00:00,7956.511718,0.0,0.0,0.0,33.8,2389.199951,413.75,0.0,4124.329589,0.0,16.986148
2026-05-28 11:00:00+00:00,7657.096191,0.0,0.0,0.0,46.7,2358.899902,432.42,0.0,4214.517089,0.0,19.624149
2026-05-28 12:00:00+00:00,7658.583984,0.0,0.0,0.0,93.95,2324.699951,471.05,0.0,4079.44165,0.0,19.405139
2026-05-28 13:00:00+00:00,7645.672851,0.0,0.0,0.0,155.2,2287.100097,520.48,0.0,3661.304931,0.0,19.772819
2026-05-28 14:00:00+00:00,7491.615722,0.0,0.0,0.0,87.4,2246.399902,485.58,0.0,2906.339599,0.0,20.804241
2026-05-28 15:00:00+00:00,7543.745117,0.0,0.0,0.0,179.22,2202.800048,551.75,0.0,2082.527832,0.0,23.108737
2026-05-28 16:00:00+00:00,7482.280761,0.0,0.0,0.0,619.98,2156.800048,699.1,0.0,1280.643676,0.0,25.585208
2026-05-28 17:00:00+00:00,7759.562988,0.0,0.0,0.0,1449.1,2108.699951,895.45,0.0,588.973999,0.0,22.516492
2026-05-28 18:00:00+00:00,7574.490722,0.0,0.0,0.0,1475.1,2058.800048,984.32,0.0,162.664016,0.0,18.773662
2026-05-28 19:00:00+00:00,7674.408691,0.0,0.0,0.0,1412.1,2007.5,918.6,0.0,9.074904,0.0,23.041839
2026-05-28 20:00:00+00:00,6583.530273,0.0,0.0,0.0,1330.1,1955.0,876.55,0.0,5.558642,0.0,25.136756
2026-05-28 21:00:00+00:00,6579.087402,0.0,0.0,0.0,1591.1,1901.800048,869.3,0.0,4.44641,0.0,20.897378
2026-05-28 22:00:00+00:00,6144.721679,0.0,0.0,0.0,716.1,2417.600097,684.98,0.0,3.637078,0.0,14.01481
2026-05-28 23:00:00+00:00,6315.750488,0.0,0.0,0.0,381.1,2412.699951,683.05,0.0,3.018324,0.0,21.406841
2026-05-29 00:00:00+00:00,5753.288085,0.0,0.0,0.0,122.1,2406.199951,654.35,0.0,2.622093,0.0,22.768562
2026-05-29 01:00:00+00:00,5735.780273,0.0,0.0,0.0,124.1,2398.100097,593.7,0.0,2.210619,0.0,24.172868
2026-05-29 02:00:00+00:00,5743.143066,0.0,0.0,0.0,747.8,2388.100097,832.6,0.0,2.094866,0.0,22.9001
2026-05-29 03:00:00+00:00,6102.089843,0.0,0.0,0.0,774.18,2376.100097,862.25,0.0,9.29539,0.0,18.444499
2026-05-29 04:00:00+00:00,6384.509765,0.0,0.0,0.0,1080.42,2362.0,1210.25,0.0,191.973083,0.0,18.058128
2026-05-29 05:00:00+00:00,7178.709472,0.0,0.0,0.0,826.75,2345.699951,980.3,0.0,760.513122,0.0,17.806213
2026-05-29 06:00:00+00:00,7703.811523,0.0,0.0,0.0,458.68,2327.0,716.08,0.0,1614.868164,0.0,11.783471
2026-05-29 07:00:00+00:00,8250.364257,0.0,0.0,0.0,342.65,2305.800048,569.25,0.0,2536.422607,0.0,10.094358
2026-05-29 08:00:00+00:00,8260.68457,0.0,0.0,0.0,292.05,2281.899902,487.72,0.0,3325.563232,0.0,13.331551
2026-05-29 09:00:00+00:00,7735.327636,0.0,0.0,0.0,275.65,2255.300048,395.98,0.0,3873.505126,0.0,11.507712
2026-05-29 10:00:00+00:00,6982.38916,0.0,0.0,0.0,353.38,2225.699951,373.1,0.0,4192.65039,0.0,13.29392
2026-05-29 11:00:00+00:00,7315.130859,0.0,0.0,0.0,331.6,2193.100097,367.7,0.0,4283.614257,0.0,20.103517
2026-05-29 12:00:00+00:00,7409.872558,0.0,0.0,0.0,366.9,2157.699951,398.68,0.0,4157.779785,0.0,21.792154
2026-05-29 13:00:00+00:00,7457.394531,0.0,0.0,0.0,436.58,2119.699951,410.8,0.0,3819.129394,0.0,20.748197
2026-05-29 14:00:00+00:00,7430.721191,0.0,0.0,0.0,484.4,2079.5,524.7,0.0,3239.21997,0.0,19.153509
2026-05-29 15:00:00+00:00,7522.246582,0.0,0.0,0.0,786.58,2037.300048,770.9,0.0,2435.392089,0.0,18.526508
2026-05-29 16:00:00+00:00,7315.460449,0.0,0.0,0.0,2214.68,1993.300048,1210.0,0.0,1513.927001,0.0,19.477397
2026-05-29 17:00:00+00:00,6996.62207,0.0,0.0,0.0,3728.25,1947.800048,1565.15,0.0,658.715148,0.0,16.994333
2026-05-29 18:00:00+00:00,7546.228027,0.0,0.0,0.0,3623.12,1901.099975,1564.2,0.0,129.165435,0.0,17.298614
2026-05-29 19:00:00+00:00,7272.088378,0.0,0.0,0.0,3552.68,1853.5,1563.35,0.0,6.962133,0.0,15.262365
2026-05-29 20:00:00+00:00,6632.058105,0.0,0.0,0.0,2729.28,1805.199951,1428.1,0.0,5.984161,0.0,10.998785
2026-05-29 21:00:00+00:00,5677.048339,0.0,0.0,0.0,2043.48,1756.400024,1198.3,0.0,4.675341,0.0,11.260167
2026-05-29 22:00:00+00:00,6550.329589,0.0,0.0,0.0,1087.72,2250.600097,1150.0,0.0,3.826545,0.0,9.999985
2026-05-29 23:00:00+00:00,5660.547363,0.0,0.0,0.0,815.2,2248.199951,999.12,0.0,3.144377,0.0,15.970387
2026-05-30 00:00:00+00:00,6744.004394,0.0,0.0,0.0,747.38,2244.600097,818.72,0.0,2.666353,0.0,18.814218
2026-05-30 01:00:00+00:00,6737.866699,0.0,0.0,0.0,643.92,2239.399902,784.45,0.0,2.3047,0.0,22.776517
2026-05-30 02:00:00+00:00,6579.420898,0.0,0.0,0.0,713.62,2232.399902,787.12,0.0,2.082618,0.0,25.173921
2026-05-30 03:00:00+00:00,6737.3833,0.0,0.0,0.0,732.35,2223.600097,791.95,0.0,8.9348,0.0,25.632812
2026-05-30 04:00:00+00:00,6633.071289,0.0,0.0,0.0,636.0,2212.600097,738.72,0.0,198.135604,0.0,29.982177
2026-05-30 05:00:00+00:00,6175.233886,0.0,0.0,0.0,618.65,2199.399902,762.55,0.0,629.186828,0.0,32.024063
2026-05-30 06:00:00+00:00,6718.280761,0.0,0.0,0.0,451.92,2183.699951,656.22,0.0,1280.176513,0.0,24.280448
2026-05-30 07:00:00+00:00,7792.645507,0.0,0.0,0.0,126.75,2165.399902,517.52,0.0,2021.428344,0.0,14.623428
2026-05-30 08:00:00+00:00,6934.435058,0.0,0.0,0.0,117.05,2144.199951,462.18,0.0,2761.927001,0.0,3.952871
2026-05-30 09:00:00+00:00,6878.986328,0.0,0.0,0.0,95.1,2119.899902,347.35,0.0,3406.84497,0.0,1.611494
2026-05-30 10:00:00+00:00,7120.296875,0.0,0.0,0.0,52.1,2092.5,362.05,0.0,3783.348632,0.0,5.308864
2026-05-30 11:00:00+00:00,7111.696289,0.0,0.0,0.0,80.1,2061.699951,358.7,0.0,3928.85498,0.0,11.181894
2026-05-30 12:00:00+00:00,7103.466796,0.0,0.0,0.0,96.2,2027.800048,352.58,0.0,3802.895507,0.0,12.6079
2026-05-30 13:00:00+00:00,7122.617675,0.0,0.0,0.0,103.62,1991.099975,386.2,0.0,3452.57788,0.0,11.613373
2026-05-30 14:00:00+00:00,7129.401855,0.0,0.0,0.0,71.02,1951.900024,433.52,0.0,2924.309082,0.0,11.227021
2026-05-30 15:00:00+00:00,7093.150878,0.0,0.0,0.0,168.65,1910.599975,559.05,0.0,2177.812988,0.0,10.006487
2026-05-30 16:00:00+00:00,7088.08496,0.0,0.0,0.0,357.75,1867.400024,783.9,0.0,1329.987915,0.0,9.501689
2026-05-30 17:00:00+00:00,7075.648437,0.0,0.0,0.0,1662.0,1822.699951,1153.7,0.0,595.861999,0.0,9.074658
2026-05-30 18:00:00+00:00,6872.291503,0.0,0.0,0.0,3110.9,1776.699951,1348.28,0.0,161.734085,0.0,7.976506
2026-05-30 19:00:00+00:00,6838.976562,0.0,0.0,0.0,3009.48,1729.800048,1456.38,0.0,7.853653,0.0,5.26124
2026-05-30 20:00:00+00:00,7064.68457,0.0,0.0,0.0,2606.7,1682.199951,1341.75,0.0,5.832714,0.0,2.323199
2026-05-30 21:00:00+00:00,6586.225097,0.0,0.0,0.0,2766.8,1634.400024,1197.18,0.0,4.781985,0.0,1.328416
2026-05-30 22:00:00+00:00,6972.764648,0.0,0.0,0.0,1929.72,2143.399902,1105.95,0.0,3.834942,0.0,0.863898
2026-05-30 23:00:00+00:00,6725.58496,0.0,0.0,0.0,1302.5,2144.600097,1058.6,0.0,3.218395,0.0,0.096187
2026-05-31 00:00:00+00:00,7155.555175,0.0,0.0,0.0,967.2,2144.699951,1032.92,0.0,2.877336,0.0,0.0
2026-05-31 01:00:00+00:00,6370.610839,0.0,0.0,0.0,1007.4,2143.399902,925.5,0.0,2.527766,0.0,0.0
2026-05-31 02:00:00+00:00,7007.023437,0.0,0.0,0.0,1378.68,2140.699951,1002.02,0.0,2.549724,0.0,0.112859
2026-05-31 03:00:00+00:00,7012.500976,0.0,0.0,0.0,1102.62,2136.399902,948.88,0.0,11.093128,0.0,3.237579
2026-05-31 04:00:00+00:00,6765.112792,0.0,0.0,0.0,512.88,2130.199951,502.95,0.0,220.875167,0.0,9.326637
2026-05-31 05:00:00+00:00,6152.20166,0.0,0.0,0.0,276.8,2122.100097,456.25,0.0,723.233825,0.0,15.159506
2026-05-31 06:00:00+00:00,6602.538085,0.0,0.0,0.0,203.72,2111.800048,444.45,0.0,1449.367919,0.0,9.055838
2026-05-31 07:00:00+00:00,6762.694335,0.0,0.0,0.0,133.75,2099.199951,439.7,0.0,2313.615966,0.0,8.711129
2026-05-31 08:00:00+00:00,7158.145996,0.0,0.0,0.0,134.6,2084.199951,410.1,0.0,3055.805908,0.0,6.822375
2026-05-31 09:00:00+00:00,7349.002441,0.0,0.0,0.0,106.88,2066.5,353.7,0.0,3578.89624,0.0,5.096439
2026-05-31 10:00:00+00:00,7677.433593,0.0,0.0,0.0,116.88,2046.0,354.78,0.0,3694.683105,0.0,11.382397
2026-05-31 11:00:00+00:00,7643.208496,0.0,0.0,0.0,388.35,2022.599975,349.3,0.0,3476.626953,0.0,29.991125
2026-05-31 12:00:00+00:00,7631.910644,0.0,0.0,0.0,350.0,1996.5,354.58,0.0,2997.628662,0.0,27.829002
2026-05-31 13:00:00+00:00,7599.612792,0.0,0.0,0.0,529.48,1968.0,385.38,0.0,2359.90747,0.0,32.643409
2026-05-31 14:00:00+00:00,7651.963378,0.0,0.0,0.0,543.9,1937.300048,459.82,0.0,1421.542724,0.0,42.915378
2026-05-31 15:00:00+00:00,7207.30371,0.0,0.0,0.0,650.55,1904.699951,610.1,0.0,877.012878,0.0,44.61684
2026-05-31 16:00:00+00:00,6182.467773,0.0,0.0,0.0,1015.18,1870.400024,794.5,0.0,541.265197,0.0,13.404767
2026-05-31 17:00:00+00:00,5718.052734,0.0,0.0,0.0,2263.52,1834.699951,1158.0,0.0,275.248901,0.0,18.970102
2026-05-31 18:00:00+00:00,5889.700195,0.0,0.0,0.0,3138.8,1798.0,1414.38,0.0,52.56855,0.0,18.949953
2026-05-31 19:00:00+00:00,5973.921386,0.0,0.0,0.0,3312.82,1760.300048,1428.95,0.0,5.039131,0.0,13.395921
2026-05-31 20:00:00+00:00,5993.112792,0.0,0.0,0.0,3041.58,1722.0,1292.45,0.0,4.408335,0.0,13.826591
2026-05-31 21:00:00+00:00,5779.216796,0.0,0.0,0.0,3222.95,1683.400024,1072.08,0.0,3.363945,0.0,10.919375
2026-05-31 22:00:00+00:00,6917.496582,0.0,0.0,0.0,2453.32,2501.300048,1186.45,0.0,0.0,0.0,12.5
2026-05-31 23:00:00+00:00,5511.207031,0.0,0.0,0.0,1766.2,2530.899902,986.32,0.0,0.0,0.0,14.1
2026-06-01 00:00:00+00:00,6169.305175,0.0,0.0,0.0,1322.08,2558.300048,1021.72,0.0,0.0,0.0,8.579999
2026-06-01 01:00:00+00:00,5773.678222,0.0,0.0,0.0,897.15,2583.0,1013.58,0.0,0.0,0.0,9.0
2026-06-01 02:00:00+00:00,5003.42871,0.0,0.0,0.0,956.4,2604.800048,1016.08,0.0,0.0,0.0,9.38
2026-06-01 03:00:00+00:00,5117.502929,0.0,0.0,0.0,1719.05,2623.100097,1177.85,0.0,6.846789,0.0,8.779999
2026-06-01 04:00:00+00:00,6131.584472,0.0,0.0,0.0,2159.9,2637.5,1309.22,0.0,215.118011,0.0,7.329999
2026-06-01 05:00:00+00:00,7517.570312,0.0,0.0,0.0,2052.82,2647.800048,1184.48,0.0,737.77893,0.0,6.429999
2026-06-01 06:00:00+00:00,7541.005859,0.0,0.0,0.0,1583.75,2653.399902,1073.28,0.0,1416.505981,0.0,6.28
2026-06-01 07:00:00+00:00,7355.185546,0.0,0.0,0.0,462.28,2654.0,746.12,0.0,2151.112304,0.0,6.199999
2026-06-01 08:00:00+00:00,7467.203613,0.0,0.0,0.0,324.45,2649.199951,585.25,0.0,2594.987548,0.0,6.429999
2026-06-01 09:00:00+00:00,7510.435546,0.0,0.0,0.0,372.8,2638.5,533.45,0.0,3094.240722,0.0,6.88
2026-06-01 10:00:00+00:00,7087.656738,0.0,0.0,0.0,222.05,2621.600097,478.22,0.0,3658.761962,0.0,7.199999
2026-06-01 11:00:00+00:00,6708.589843,0.0,0.0,0.0,217.0,2598.199951,481.58,0.0,3834.66333,0.0,7.3
2026-06-01 12:00:00+00:00,7781.788574,0.0,0.0,0.0,215.15,2568.699951,431.32,0.0,3632.479736,0.0,6.429999
2026-06-01 13:00:00+00:00,6971.802246,0.0,0.0,0.0,212.05,2533.399902,408.82,0.0,3458.103515,0.0,5.75
2026-06-01 14:00:00+00:00,7767.920898,0.0,0.0,0.0,290.8,2493.0,464.75,0.0,2970.591796,0.0,7.15
2026-06-01 15:00:00+00:00,8242.6875,0.0,0.0,0.0,324.45,2447.899902,582.3,0.0,2286.760009,0.0,9.579999
2026-06-01 16:00:00+00:00,7520.251464,0.0,0.0,0.0,974.08,2398.5,1041.95,0.0,1566.409912,0.0,10.529999
2026-06-01 17:00:00+00:00,7542.728515,0.0,0.0,0.0,2558.62,2345.300048,1609.72,0.0,840.480773,0.0,8.649999
2026-06-01 18:00:00+00:00,7537.706542,0.0,0.0,0.0,2840.32,2288.899902,1647.85,0.0,231.333374,0.0,7.25
2026-06-01 19:00:00+00:00,6684.929687,0.0,0.0,0.0,3320.28,2229.699951,1663.1,0.0,2.948864,0.0,6.25
2026-06-01 20:00:00+00:00,6175.312988,0.0,0.0,0.0,3148.48,2168.100097,1538.68,0.0,0.0,0.0,5.3
2026-06-01 21:00:00+00:00,6143.888183,0.0,0.0,0.0,2615.35,2104.800048,1323.52,0.0,0.0,0.0,5.8
2026-06-01 22:00:00+00:00,6538.43164,0.0,0.0,0.0,2005.72,2642.100097,1109.7,0.0,0.0,0.0,6.199999
2026-06-01 23:00:00+00:00,6364.858398,0.0,0.0,0.0,1269.75,2629.600097,915.22,0.0,0.0,0.0,7.28
2026-06-02 00:00:00+00:00,5718.737304,0.0,0.0,0.0,533.38,2614.800048,750.08,0.0,0.0,0.0,3.599999
2026-06-02 01:00:00+00:00,5980.529296,0.0,0.0,0.0,906.55,2597.699951,740.25,0.0,0.0,0.0,2.93
2026-06-02 02:00:00+00:00,5947.568847,0.0,0.0,0.0,931.78,2578.199951,678.52,0.0,0.0,0.0,2.7
2026-06-02 03:00:00+00:00,5738.591796,0.0,0.0,0.0,1013.2,2556.199951,760.42,0.0,8.222927,0.0,3.73
2026-06-02 04:00:00+00:00,6652.457031,0.0,0.0,0.0,2111.25,2531.800048,1067.98,0.0,205.674865,0.0,6.349999
2026-06-02 05:00:00+00:00,7724.630859,0.0,0.0,0.0,2164.18,2504.800048,1148.72,0.0,681.15393,0.0,8.699999
2026-06-02 06:00:00+00:00,7809.788085,0.0,0.0,0.0,794.32,2475.300048,596.52,0.0,1358.430297,0.0,10.0
2026-06-02 07:00:00+00:00,7748.308105,0.0,0.0,0.0,354.4,2443.300048,476.52,0.0,2228.684326,0.0,12.93
2026-06-02 08:00:00+00:00,7450.173339,0.0,0.0,0.0,247.92,2408.600097,461.2,0.0,2749.311523,0.0,11.43
2026-06-02 09:00:00+00:00,7518.671386,0.0,0.0,0.0,113.05,2371.300048,433.0,0.0,3178.727294,0.0,10.0
2026-06-02 10:00:00+00:00,7411.876953,0.0,0.0,0.0,74.52,2331.300048,400.35,0.0,2934.005371,0.0,16.399999
2026-06-02 11:00:00+00:00,7303.407714,0.0,0.0,0.0,97.25,2288.600097,307.15,0.0,2856.094482,0.0,19.1
2026-06-02 12:00:00+00:00,6888.740722,0.0,0.0,0.0,117.78,2243.5,412.92,0.0,2592.547119,0.0,24.7
2026-06-02 13:00:00+00:00,7516.828613,0.0,0.0,0.0,329.05,2196.199951,626.85,0.0,1822.33081,0.0,28.649999
2026-06-02 14:00:00+00:00,6935.825683,0.0,0.0,0.0,603.72,2147.0,691.9,0.0,1446.774169,0.0,24.899999
2026-06-02 15:00:00+00:00,7317.37207,0.0,0.0,0.0,586.45,2096.300048,928.02,0.0,1233.561035,0.0,23.149999
2026-06-02 16:00:00+00:00,7117.253906,0.0,0.0,0.0,2892.58,2044.199951,1561.3,0.0,821.038574,0.0,23.879999
2026-06-02 17:00:00+00:00,7065.512207,0.0,0.0,0.0,3059.25,1991.099975,1678.4,0.0,490.121704,0.0,27.399999
2026-06-02 18:00:00+00:00,6948.379882,0.0,0.0,0.0,2965.68,1937.300048,1513.32,0.0,141.938705,0.0,31.28
2026-06-02 19:00:00+00:00,7907.978515,0.0,0.0,0.0,2250.3,1883.0,1464.3,0.0,2.542124,0.0,30.049999
2026-06-02 20:00:00+00:00,7174.229492,0.0,0.0,0.0,1427.92,1828.5,1393.92,0.0,0.0,0.0,24.95
2026-06-02 21:00:00+00:00,6969.344726,0.0,0.0,0.0,1080.98,1774.199951,1164.85,0.0,0.0,0.0,22.079999
2026-06-02 22:00:00+00:00,5471.134277,0.0,0.0,0.0,1252.65,2479.0,1288.2,0.0,0.0,0.0,22.629999
2026-06-02 23:00:00+00:00,5645.51416,0.0,0.0,0.0,1024.7,2489.899902,1238.65,0.0,0.0,0.0,21.729999
2026-06-03 00:00:00+00:00,5545.255859,0.0,0.0,0.0,987.0,2499.300048,1267.8,0.0,0.0,0.0,18.03
2026-06-03 01:00:00+00:00,6598.797851,0.0,0.0,0.0,1082.08,2507.0,1251.35,0.0,0.0,0.0,19.93
2026-06-03 02:00:00+00:00,6449.774902,0.0,0.0,0.0,1663.32,2512.600097,1224.28,0.0,0.0,0.0,20.68
2026-06-03 03:00:00+00:00,5514.82666,0.0,0.0,0.0,2516.38,2515.699951,1360.62,0.0,7.816186,0.0,23.28
2026-06-03 04:00:00+00:00,6374.310546,0.0,0.0,0.0,2902.28,2516.0,1548.98,0.0,218.622756,0.0,26.75
2026-06-03 05:00:00+00:00,7006.54541,0.0,0.0,0.0,2651.3,2513.199951,1645.4,0.0,687.275329,0.0,27.299999
2026-06-03 06:00:00+00:00,7256.13623,0.0,0.0,0.0,2757.4,2506.899902,1543.55,0.0,1214.54602,0.0,23.6
2026-06-03 07:00:00+00:00,7266.916992,0.0,0.0,0.0,1791.35,2496.800048,1093.38,0.0,1848.938354,0.0,20.45
2026-06-03 08:00:00+00:00,7360.6333,0.0,0.0,0.0,883.5,2482.5,778.1,0.0,2414.510253,0.0,22.899999
2026-06-03 09:00:00+00:00,7273.149414,0.0,0.0,0.0,582.25,2463.699951,397.3,0.0,2997.131591,0.0,27.829999
2026-06-03 10:00:00+00:00,7768.413574,0.0,0.0,0.0,256.55,2440.100097,447.12,0.0,3631.361083,0.0,26.6
2026-06-03 11:00:00+00:00,7561.817871,0.0,0.0,0.0,197.6,2411.300048,401.22,0.0,3811.323242,0.0,25.2
2026-06-03 12:00:00+00:00,7385.619628,0.0,0.0,0.0,195.65,2377.899902,351.75,0.0,3889.946044,0.0,29.379999
2026-06-03 13:00:00+00:00,6906.755859,0.0,0.0,0.0,293.32,2340.100097,410.85,0.0,3447.446777,0.0,31.799999
2026-06-03 14:00:00+00:00,6964.20996,0.0,0.0,0.0,264.12,2298.300048,447.22,0.0,2878.702392,0.0,31.25
2026-06-03 15:00:00+00:00,7418.794433,0.0,0.0,0.0,395.92,2253.100097,463.0,0.0,2095.321044,0.0,29.299999
2026-06-03 16:00:00+00:00,7412.52832,0.0,0.0,0.0,1039.98,2204.800048,1068.6,0.0,1396.697753,0.0,27.93
2026-06-03 17:00:00+00:00,7026.127929,0.0,0.0,0.0,2687.45,2153.800048,1521.98,0.0,825.872009,0.0,24.6
2026-06-03 18:00:00+00:00,6975.606933,0.0,0.0,0.0,3449.65,2100.600097,1690.25,0.0,237.624282,0.0,21.78
2026-06-03 19:00:00+00:00,7117.971191,0.0,0.0,0.0,2201.42,2045.699951,1654.25,0.0,4.019947,0.0,24.03
2026-06-03 20:00:00+00:00,6828.923828,0.0,0.0,0.0,990.15,1989.300048,1435.75,0.0,0.0,0.0,26.5
2026-06-03 21:00:00+00:00,6322.867675,0.0,0.0,0.0,524.75,1932.0,1040.15,0.0,0.0,0.0,26.649999
2026-06-03 22:00:00+00:00,5469.155273,0.0,0.0,0.0,440.2,2195.600097,670.2,0.0,0.0,0.0,26.43
2026-06-03 23:00:00+00:00,5477.321777,0.0,0.0,0.0,389.1,2171.399902,528.82,0.0,0.0,0.0,27.53
2026-06-04 00:00:00+00:00,5959.471679,0.0,0.0,0.0,192.98,2146.5,422.92,0.0,0.0,0.0,21.479999
2026-06-04 01:00:00+00:00,5843.853027,0.0,0.0,0.0,195.3,2120.899902,445.98,0.0,0.0,0.0,21.6
2026-06-04 02:00:00+00:00,5707.791503,0.0,0.0,0.0,266.9,2094.800048,487.32,0.0,0.0,0.0,20.979999
2026-06-04 03:00:00+00:00,5226.612304,0.0,0.0,0.0,386.25,2068.199951,754.88,0.0,11.490405,0.0,22.2
2026-06-04 04:00:00+00:00,5899.347167,0.0,0.0,0.0,388.48,2041.199951,773.28,0.0,243.467788,0.0,22.28
2026-06-04 05:00:00+00:00,7274.101562,0.0,0.0,0.0,305.85,2013.900024,667.58,0.0,634.14154,0.0,22.149999
2026-06-04 06:00:00+00:00,7215.858886,0.0,0.0,0.0,251.02,1986.5,419.8,0.0,1273.062255,0.0,24.35
2026-06-04 07:00:00+00:00,7413.978515,0.0,0.0,0.0,268.82,1958.900024,547.1,0.0,2050.430664,0.0,25.899999
2026-06-04 08:00:00+00:00,7370.625488,0.0,0.0,0.0,145.55,1931.400024,408.8,0.0,2587.205322,0.0,27.879999
2026-06-04 09:00:00+00:00,7479.418457,0.0,0.0,0.0,119.82,1903.900024,365.68,0.0,2944.03833,0.0,32.799999
2026-06-04 10:00:00+00:00,7600.802734,0.0,0.0,0.0,97.4,1876.699951,334.02,0.0,3053.41748,0.0,37.2
2026-06-04 11:00:00+00:00,7351.70166,0.0,0.0,0.0,226.58,1849.699951,369.42,0.0,2775.187011,0.0,38.299999
2026-06-04 12:00:00+00:00,7287.907226,0.0,0.0,0.0,355.02,1823.099975,414.9,0.0,2149.281982,0.0,38.2
2026-06-04 13:00:00+00:00,6642.827148,0.0,0.0,0.0,520.12,1796.900024,590.2,0.0,1385.885253,0.0,40.549999
2026-06-04 14:00:00+00:00,5757.851074,0.0,0.0,0.0,621.4,1771.0,574.85,0.0,676.103576,0.0,40.43
2026-06-04 15:00:00+00:00,7409.739257,0.0,0.0,0.0,802.92,1745.599975,697.92,0.0,307.529327,0.0,33.2
2026-06-04 16:00:00+00:00,6849.762207,0.0,0.0,0.0,1077.65,1720.699951,1015.28,0.0,227.388,0.0,28.479999
2026-06-04 17:00:00+00:00,7459.671875,0.0,0.0,0.0,1122.18,1696.199951,1149.18,0.0,117.785125,0.0,27.879999
2026-06-04 18:00:00+00:00,6620.335937,0.0,0.0,0.0,1671.22,1672.400024,1249.25,0.0,42.660247,0.0,28.149999
2026-06-04 19:00:00+00:00,6351.899414,0.0,0.0,0.0,1693.9,1649.099975,1110.22,0.0,0.81348,0.0,29.35
2026-06-04 20:00:00+00:00,6576.143554,0.0,0.0,0.0,1254.0,1626.5,988.85,0.0,0.0,0.0,28.899999
2026-06-04 21:00:00+00:00,5207.993652,0.0,0.0,0.0,893.02,1604.599975,882.25,0.0,0.0,0.0,27.399999
2026-06-04 22:00:00+00:00,6121.084472,0.0,0.0,0.0,797.42,2401.300048,630.8,0.0,0.0,0.0,26.78
2026-06-04 23:00:00+00:00,5950.035644,0.0,0.0,0.0,793.78,2444.0,698.4,0.0,0.0,0.0,27.0
2026-06-05 00:00:00+00:00,6444.354492,0.0,0.0,0.0,757.45,2485.100097,842.88,0.0,0.0,0.0,16.5
2026-06-05 01:00:00+00:00,6777.190917,0.0,0.0,0.0,763.38,2523.800048,855.88,0.0,0.0,0.0,15.279999
2026-06-05 02:00:00+00:00,6796.271484,0.0,0.0,0.0,788.92,2559.600097,783.65,0.0,0.0,0.0,15.649999
2026-06-05 03:00:00+00:00,6226.709472,0.0,0.0,0.0,893.78,2592.0,781.9,0.0,8.202589,0.0,17.6
2026-06-05 04:00:00+00:00,6494.764648,0.0,0.0,0.0,1150.95,2620.300048,1226.35,0.0,248.436798,0.0,17.299999
2026-06-05 05:00:00+00:00,7160.626953,0.0,0.0,0.0,2337.38,2644.0,1532.85,0.0,783.48291,0.0,14.149999
2026-06-05 06:00:00+00:00,7196.253417,0.0,0.0,0.0,1539.02,2662.399902,1373.02,0.0,1513.296508,0.0,11.8
2026-06-05 07:00:00+00:00,7203.277832,0.0,0.0,0.0,891.3,2675.100097,1043.68,0.0,2195.196044,0.0,9.949999
2026-06-05 08:00:00+00:00,7295.408203,0.0,0.0,0.0,484.25,2681.399902,902.0,0.0,2616.931152,0.0,9.35
2026-06-05 09:00:00+00:00,7416.274414,0.0,0.0,0.0,193.28,2680.800048,588.55,0.0,2801.387939,0.0,8.829999
2026-06-05 10:00:00+00:00,6552.770507,0.0,0.0,0.0,148.78,2672.699951,475.35,0.0,2940.242187,0.0,8.1
2026-06-05 11:00:00+00:00,7431.981933,0.0,0.0,0.0,112.55,2656.600097,385.68,0.0,3195.044433,0.0,7.25
2026-06-05 12:00:00+00:00,6701.660156,0.0,0.0,0.0,128.15,2633.100097,374.45,0.0,3445.955566,0.0,6.849999
2026-06-05 13:00:00+00:00,7006.340332,0.0,0.0,0.0,252.82,2602.600097,487.35,0.0,3265.634033,0.0,7.829999
2026-06-05 14:00:00+00:00,7100.125976,0.0,0.0,0.0,232.58,2565.800048,545.45,0.0,2742.207275,0.0,8.35
2026-06-05 15:00:00+00:00,6773.721191,0.0,0.0,0.0,931.88,2523.300048,1003.5,0.0,1955.77539,0.0,7.8
2026-06-05 16:00:00+00:00,6914.700195,0.0,0.0,0.0,3180.88,2475.699951,1565.12,0.0,1335.618896,0.0,7.099999
2026-06-05 17:00:00+00:00,6520.038574,0.0,0.0,0.0,3546.0,2423.600097,1751.18,0.0,711.544189,0.0,6.929999
2026-06-05 18:00:00+00:00,6058.942871,0.0,0.0,0.0,3697.18,2367.5,1960.78,0.0,210.203231,0.0,7.55
2026-06-05 19:00:00+00:00,5938.845214,0.0,0.0,0.0,3892.45,2308.100097,1981.28,0.0,4.528371,0.0,6.9
2026-06-05 20:00:00+00:00,6037.617675,0.0,0.0,0.0,3893.92,2246.0,1910.75,0.0,0.0,0.0,5.53
2026-06-05 21:00:00+00:00,5906.770996,0.0,0.0,0.0,4271.72,2181.699951,1819.82,0.0,0.0,0.0,6.099999
2026-06-05 22:00:00+00:00,5497.386718,0.0,0.0,0.0,3611.95,2464.399902,1743.45,0.0,0.0,0.0,8.05
2026-06-05 23:00:00+00:00,6293.487792,0.0,0.0,0.0,2907.55,2436.399902,1598.88,0.0,0.0,0.0,8.079999
2026-06-06 00:00:00+00:00,5909.750488,0.0,0.0,0.0,2520.18,2406.899902,1415.28,0.0,0.0,0.0,8.1
2026-06-06 01:00:00+00:00,6320.388183,0.0,0.0,0.0,739.98,2376.0,1031.78,0.0,0.0,0.0,6.63
2026-06-06 02:00:00+00:00,5830.767089,0.0,0.0,0.0,2272.98,2344.0,1222.68,0.0,0.0,0.0,4.78
2026-06-06 03:00:00+00:00,6358.132812,0.0,0.0,0.0,1510.08,2311.199951,1191.1,0.0,11.104001,0.0,4.599999
2026-06-06 04:00:00+00:00,6087.309082,0.0,0.0,0.0,493.85,2277.699951,941.6,0.0,218.100769,0.0,5.55
2026-06-06 05:00:00+00:00,6111.756835,0.0,0.0,0.0,305.78,2243.800048,686.62,0.0,655.83435,0.0,5.679999
2026-06-06 06:00:00+00:00,6459.54248,0.0,0.0,0.0,108.95,2209.699951,386.4,0.0,1071.522583,0.0,5.13
2026-06-06 07:00:00+00:00,6994.265136,0.0,0.0,0.0,93.18,2175.5,360.38,0.0,1541.951293,0.0,5.949999
2026-06-06 08:00:00+00:00,6312.454589,0.0,0.0,0.0,82.08,2141.600097,430.2,0.0,2014.671386,0.0,8.529999
2026-06-06 09:00:00+00:00,6511.598632,0.0,0.0,0.0,162.3,2108.199951,349.22,0.0,2676.145751,0.0,12.449999
2026-06-06 10:00:00+00:00,6443.408691,0.0,0.0,0.0,127.9,2075.399902,301.2,0.0,3424.852539,0.0,15.55
2026-06-06 11:00:00+00:00,7330.521972,0.0,0.0,0.0,108.95,2043.5,289.98,0.0,3744.346679,0.0,15.93
2026-06-06 12:00:00+00:00,6806.765136,0.0,0.0,0.0,52.22,2012.5,318.62,0.0,3766.229248,0.0,15.88
2026-06-06 13:00:00+00:00,5823.880859,0.0,0.0,0.0,49.85,1982.400024,299.55,0.0,3538.163574,0.0,15.35
2026-06-06 14:00:00+00:00,7542.811035,0.0,0.0,0.0,75.15,1953.300048,329.1,0.0,2980.916015,0.0,16.899999
2026-06-06 15:00:00+00:00,5965.715332,0.0,0.0,0.0,187.22,1925.199951,583.8,0.0,2362.942382,0.0,22.399999
2026-06-06 16:00:00+00:00,5856.467773,0.0,0.0,0.0,1010.82,1898.0,1100.6,0.0,1565.508422,0.0,25.049999
2026-06-06 17:00:00+00:00,6737.551757,0.0,0.0,0.0,2117.02,1871.900024,1574.72,0.0,823.207885,0.0,23.2
2026-06-06 18:00:00+00:00,6000.542968,0.0,0.0,0.0,2711.22,1846.800048,1715.15,0.0,243.298309,0.0,23.229999
2026-06-06 19:00:00+00:00,6317.539062,0.0,0.0,0.0,3090.8,1822.800048,1798.38,0.0,5.104587,0.0,24.879999
2026-06-06 20:00:00+00:00,6019.385742,0.0,0.0,0.0,1928.42,1799.800048,1375.4,0.0,0.0,0.0,25.479999
2026-06-06 21:00:00+00:00,6909.85205,0.0,0.0,0.0,1355.5,1778.0,1148.8,0.0,0.0,0.0,24.75
2026-06-06 22:00:00+00:00,7043.423828,0.0,0.0,0.0,569.65,1791.0,860.35,0.0,0.0,0.0,23.649999
2026-06-06 23:00:00+00:00,6414.71582,0.0,0.0,0.0,492.68,1778.300048,690.98,0.0,0.0,0.0,21.299999
2026-06-07 00:00:00+00:00,6570.286132,0.0,0.0,0.0,444.55,1766.5,511.85,0.0,0.0,0.0,19.649999
2026-06-07 01:00:00+00:00,5986.721191,0.0,0.0,0.0,345.98,1755.800048,389.15,0.0,0.0,0.0,16.7
2026-06-07 02:00:00+00:00,6312.823242,0.0,0.0,0.0,347.5,1745.900024,288.82,0.0,0.0,0.0,13.649999
2026-06-07 03:00:00+00:00,6259.249511,0.0,0.0,0.0,238.52,1737.0,308.55,0.0,6.37226,0.0,11.6
2026-06-07 04:00:00+00:00,6067.953613,0.0,0.0,0.0,226.55,1728.900024,296.42,0.0,144.765548,0.0,8.8
2026-06-07 05:00:00+00:00,6922.474121,0.0,0.0,0.0,204.02,1721.599975,330.6,0.0,453.128692,0.0,7.05
2026-06-07 06:00:00+00:00,5853.439941,0.0,0.0,0.0,200.18,1715.099975,326.62,0.0,958.265869,0.0,5.849999
2026-06-07 07:00:00+00:00,5915.569824,0.0,0.0,0.0,81.88,1709.300048,312.18,0.0,1705.799804,0.0,5.429999
2026-06-07 08:00:00+00:00,5944.898925,0.0,0.0,0.0,85.68,1704.099975,249.35,0.0,2502.69165,0.0,5.429999
2026-06-07 09:00:00+00:00,6523.071777,0.0,0.0,0.0,57.48,1699.599975,230.72,0.0,2964.409179,0.0,5.65
2026-06-07 10:00:00+00:00,6374.686523,0.0,0.0,0.0,101.68,1695.699951,227.82,0.0,3364.993896,0.0,6.05
2026-06-07 11:00:00+00:00,6340.713378,0.0,0.0,0.0,139.58,1692.300048,224.72,0.0,3473.762939,0.0,6.949999
2026-06-07 12:00:00+00:00,7175.943847,0.0,0.0,0.0,201.58,1689.400024,222.5,0.0,3436.329345,0.0,7.679999
2026-06-07 13:00:00+00:00,6271.861816,0.0,0.0,0.0,142.68,1687.199951,275.22,0.0,3236.93872,0.0,7.929999
2026-06-07 14:00:00+00:00,6184.825195,0.0,0.0,0.0,182.12,1685.5,296.92,0.0,2950.051269,0.0,7.329999
2026-06-07 15:00:00+00:00,7126.651367,0.0,0.0,0.0,212.38,1684.400024,400.7,0.0,2245.462402,0.0,6.349999
2026-06-07 16:00:00+00:00,6093.124023,0.0,0.0,0.0,319.35,1683.900024,407.82,0.0,1479.787963,0.0,5.579999
2026-06-07 17:00:00+00:00,6076.544433,0.0,0.0,0.0,1056.9,1684.099975,964.82,0.0,789.062011,0.0,5.0
2026-06-07 18:00:00+00:00,5838.109375,0.0,0.0,0.0,2176.12,1684.800048,1536.28,0.0,250.23323,0.0,5.78
2026-06-07 19:00:00+00:00,6112.415527,0.0,0.0,0.0,2977.85,1686.300048,1832.6,0.0,6.033309,0.0,7.099999
2026-06-07 20:00:00+00:00,5955.299804,0.0,0.0,0.0,3582.25,1688.400024,1898.18,0.0,0.0,0.0,7.0
2026-06-07 21:00:00+00:00,6534.952148,0.0,0.0,0.0,3473.65,1691.199951,1630.6,0.0,0.0,0.0,6.949999
2026-06-07 22:00:00+00:00,6813.557617,0.0,0.0,0.0,2514.42,1742.199951,1444.95,0.0,0.0,0.0,7.929999
2026-06-07 23:00:00+00:00,5886.079101,0.0,0.0,0.0,2068.8,1750.699951,1247.12,0.0,0.0,0.0,8.449999
2026-06-08 00:00:00+00:00,6046.345703,0.0,0.0,0.0,1532.45,1759.900024,1153.4,0.0,0.0,0.0,7.599999
2026-06-08 01:00:00+00:00,5736.052246,0.0,0.0,0.0,964.45,1769.599975,1076.35,0.0,0.0,0.0,8.6
2026-06-08 02:00:00+00:00,5675.584472,0.0,0.0,0.0,1084.35,1779.800048,1070.18,0.0,0.0,0.0,9.13
2026-06-08 03:00:00+00:00,5637.432128,0.0,0.0,0.0,1684.52,1790.5,1104.75,0.0,13.341072,0.0,9.979999
2026-06-08 04:00:00+00:00,6430.831542,0.0,0.0,0.0,1807.8,1801.699951,1442.68,0.0,299.123382,0.0,13.6
2026-06-08 05:00:00+00:00,7535.473144,0.0,0.0,0.0,2014.48,1813.300048,1312.95,0.0,881.324218,0.0,15.699999
2026-06-08 06:00:00+00:00,7242.825683,0.0,0.0,0.0,735.02,1825.300048,815.85,0.0,1699.56311,0.0,12.649999
2026-06-08 07:00:00+00:00,7381.006347,0.0,0.0,0.0,239.42,1837.699951,383.22,0.0,2483.371337,0.0,10.3
2026-06-08 08:00:00+00:00,7491.951171,0.0,0.0,0.0,167.12,1850.5,254.98,0.0,3121.085449,0.0,11.1
2026-06-08 09:00:00+00:00,7524.820312,0.0,0.0,0.0,136.95,1863.599975,205.95,0.0,3607.851562,0.0,12.779999
2026-06-08 10:00:00+00:00,7409.717773,0.0,0.0,0.0,142.4,1877.0,230.15,0.0,3818.102294,0.0,17.95
2026-06-08 11:00:00+00:00,7558.009277,0.0,0.0,0.0,188.88,1890.699951,242.48,0.0,3673.763916,0.0,24.729999
2026-06-08 12:00:00+00:00,7184.770507,0.0,0.0,0.0,323.98,1904.599975,402.08,0.0,3170.368896,0.0,28.0
2026-06-08 13:00:00+00:00,7778.93457,0.0,0.0,0.0,353.3,1918.800048,639.08,0.0,2681.318115,0.0,23.549999
2026-06-08 14:00:00+00:00,8081.612304,0.0,0.0,0.0,852.0,1933.099975,742.3,0.0,2009.227783,0.0,11.25
2026-06-08 15:00:00+00:00,7298.274902,0.0,0.0,0.0,2716.15,1947.5,1331.8,0.0,1423.6781,0.0,6.699999
2026-06-08 16:00:00+00:00,6935.124511,0.0,0.0,0.0,3635.78,1962.099975,1705.22,0.0,928.336608,0.0,5.599999
2026-06-08 17:00:00+00:00,7695.492187,0.0,0.0,0.0,3503.5,1976.800048,1833.42,0.0,458.124816,0.0,4.53
2026-06-08 18:00:00+00:00,7087.358886,0.0,0.0,0.0,3336.25,1991.5,1771.15,0.0,144.731643,0.0,4.849999
2026-06-08 19:00:00+00:00,6900.509765,0.0,0.0,0.0,2887.52,2006.199951,1766.4,0.0,3.592869,0.0,7.28
2026-06-08 20:00:00+00:00,6070.854492,0.0,0.0,0.0,2312.55,2020.900024,1682.55,0.0,0.0,0.0,10.449999
2026-06-08 21:00:00+00:00,6324.294433,0.0,0.0,0.0,1915.18,2035.599975,1276.72,0.0,0.0,0.0,17.45
2026-06-08 22:00:00+00:00,6482.621093,0.0,0.0,0.0,1150.9,1876.300048,1296.82,0.0,0.0,0.0,24.93
2026-06-08 23:00:00+00:00,6153.572753,0.0,0.0,0.0,723.1,1877.699951,853.25,0.0,0.0,0.0,25.229999
2026-06-09 00:00:00+00:00,6013.726562,0.0,0.0,0.0,125.88,1879.5,569.62,0.0,0.0,0.0,22.0
2026-06-09 01:00:00+00:00,5796.707519,0.0,0.0,0.0,146.8,1881.800048,531.65,0.0,0.0,0.0,18.399999
2026-06-09 02:00:00+00:00,5754.128417,0.0,0.0,0.0,151.32,1884.599975,491.22,0.0,0.0,0.0,16.399999
2026-06-09 03:00:00+00:00,5773.67041,0.0,0.0,0.0,308.42,1888.099975,625.75,0.0,9.049964,0.0,20.25
2026-06-09 04:00:00+00:00,7068.190917,0.0,0.0,0.0,934.18,1892.400024,1158.22,0.0,196.421524,0.0,26.93
2026-06-09 05:00:00+00:00,7834.23291,0.0,0.0,0.0,1009.82,1897.5,1209.18,0.0,506.174377,0.0,28.479999
2026-06-09 06:00:00+00:00,7952.591796,0.0,0.0,0.0,900.62,1903.599975,1079.22,0.0,852.581298,0.0,26.899999
2026-06-09 07:00:00+00:00,7883.945312,0.0,0.0,0.0,469.78,1910.800048,505.2,0.0,1139.312622,0.0,26.729999
2026-06-09 08:00:00+00:00,7663.395507,0.0,0.0,0.0,421.08,1919.0,519.32,0.0,1475.266357,0.0,25.049999
2026-06-09 09:00:00+00:00,7800.270996,0.0,0.0,0.0,557.72,1928.599975,642.45,0.0,1558.017578,0.0,20.68
2026-06-09 10:00:00+00:00,7051.430664,0.0,0.0,0.0,862.9,1939.400024,613.28,0.0,1743.036865,0.0,16.579999
2026-06-09 11:00:00+00:00,7624.247558,0.0,0.0,0.0,682.95,1951.699951,522.38,0.0,1972.85852,0.0,15.0
2026-06-09 12:00:00+00:00,7078.068847,0.0,0.0,0.0,670.88,1965.300048,313.08,0.0,2041.244995,0.0,16.879999
2026-06-09 13:00:00+00:00,7118.096679,0.0,0.0,0.0,329.58,1980.099975,369.45,0.0,1959.876708,0.0,17.18
2026-06-09 14:00:00+00:00,6858.453613,0.0,0.0,0.0,415.02,1995.900024,599.38,0.0,1711.514526,0.0,16.899999
2026-06-09 15:00:00+00:00,7141.5708,0.0,0.0,0.0,639.22,2012.800048,692.55,0.0,1356.396606,0.0,18.28
2026-06-09 16:00:00+00:00,6906.958007,0.0,0.0,0.0,1571.98,2030.5,1078.35,0.0,838.901245,0.0,17.1
2026-06-09 17:00:00+00:00,6852.260742,0.0,0.0,0.0,3021.98,2049.0,1652.42,0.0,511.902618,0.0,13.93
2026-06-09 18:00:00+00:00,6921.537109,0.0,0.0,0.0,3516.88,2068.100097,1893.82,0.0,168.139541,0.0,10.88
2026-06-09 19:00:00+00:00,7542.948242,0.0,0.0,0.0,3331.48,2087.699951,1897.42,0.0,5.084249,0.0,9.449999
2026-06-09 20:00:00+00:00,5965.687011,0.0,0.0,0.0,3297.6,2107.699951,1654.45,0.0,0.0,0.0,9.18
2026-06-09 21:00:00+00:00,6494.567382,0.0,0.0,0.0,2586.9,2128.0,1273.02,0.0,0.0,0.0,8.699999
2026-06-09 22:00:00+00:00,6860.274414,0.0,0.0,0.0,1826.2,1966.5,890.55,0.0,0.0,0.0,7.449999
2026-06-09 23:00:00+00:00,5535.296875,0.0,0.0,0.0,1078.98,1970.400024,657.68,0.0,0.0,0.0,7.099999
2026-06-10 00:00:00+00:00,5446.450683,0.0,0.0,0.0,587.22,1974.900024,470.38,0.0,0.0,0.0,8.829999
2026-06-10 01:00:00+00:00,5656.935546,0.0,0.0,0.0,515.52,1980.0,497.18,0.0,0.0,0.0,7.88
2026-06-10 02:00:00+00:00,5671.867187,0.0,0.0,0.0,677.12,1985.699951,648.58,0.0,0.0,0.0,6.929999
2026-06-10 03:00:00+00:00,6415.148437,0.0,0.0,0.0,1890.28,1992.099975,955.15,0.0,4.969007,0.0,7.0
2026-06-10 04:00:00+00:00,6774.000488,0.0,0.0,0.0,3015.25,1999.199951,1419.7,0.0,124.801391,0.0,6.63
2026-06-10 05:00:00+00:00,7248.019042,0.0,0.0,0.0,3381.9,2007.0,1402.65,0.0,353.409606,0.0,5.55
2026-06-10 06:00:00+00:00,7251.751953,0.0,0.0,0.0,2896.98,2015.699951,1370.38,0.0,681.764038,0.0,5.099999
2026-06-10 07:00:00+00:00,7254.358886,0.0,0.0,0.0,1568.9,2025.300048,856.18,0.0,994.614868,0.0,5.48
2026-06-10 08:00:00+00:00,7257.740722,0.0,0.0,0.0,1097.12,2035.699951,476.9,0.0,1284.606933,0.0,5.63
2026-06-10 09:00:00+00:00,7257.225585,0.0,0.0,0.0,879.08,2047.099975,548.6,0.0,1542.310668,0.0,6.38
2026-06-10 10:00:00+00:00,7267.652832,0.0,0.0,0.0,938.08,2059.5,497.8,0.0,1495.264404,0.0,8.529999
2026-06-10 11:00:00+00:00,7155.62207,0.0,0.0,0.0,531.25,2072.899902,416.6,0.0,1394.494506,0.0,17.579999
2026-06-10 12:00:00+00:00,6956.390136,0.0,0.0,0.0,434.12,2087.300048,475.6,0.0,1405.171508,0.0,24.25
2026-06-10 13:00:00+00:00,6879.280273,0.0,0.0,0.0,769.15,2102.5,426.65,0.0,1299.147949,0.0,22.079999
2026-06-10 14:00:00+00:00,7171.279785,0.0,0.0,0.0,1131.4,2118.399902,707.52,0.0,1560.356323,0.0,20.53
2026-06-10 15:00:00+00:00,7011.758789,0.0,0.0,0.0,1975.55,2134.800048,1237.65,0.0,1703.10852,0.0,20.979999
2026-06-10 16:00:00+00:00,7007.030761,0.0,0.0,0.0,3229.52,2151.800048,1637.82,0.0,1385.139526,0.0,21.379999
2026-06-10 17:00:00+00:00,7105.369628,0.0,0.0,0.0,3257.25,2169.100097,1939.22,0.0,727.712097,0.0,22.049999
2026-06-10 18:00:00+00:00,6536.973144,0.0,0.0,0.0,3463.35,2186.600097,1972.4,0.0,247.318252,0.0,18.68
2026-06-10 19:00:00+00:00,6491.496582,0.0,0.0,0.0,3229.68,2204.300048,2009.68,0.0,7.578921,0.0,16.379999
2026-06-10 20:00:00+00:00,6318.601074,0.0,0.0,0.0,2729.75,2222.0,1717.9,0.0,0.0,0.0,17.53
2026-06-10 21:00:00+00:00,6111.634765,0.0,0.0,0.0,1850.02,2239.5,1408.78,0.0,0.0,0.0,17.18
2026-06-10 22:00:00+00:00,6054.137207,0.0,0.0,0.0,1559.2,1876.699951,1294.58,0.0,0.0,0.0,18.85
2026-06-10 23:00:00+00:00,5454.60791,0.0,0.0,0.0,1426.6,1860.900024,1227.78,0.0,0.0,0.0,15.949999
2026-06-11 00:00:00+00:00,5374.769531,0.0,0.0,0.0,1077.4,1845.800048,972.05,0.0,0.0,0.0,12.149999
2026-06-11 01:00:00+00:00,5447.109863,0.0,0.0,0.0,729.02,1831.599975,637.42,0.0,0.0,0.0,14.05
2026-06-11 02:00:00+00:00,5441.416503,0.0,0.0,0.0,724.65,1818.599975,601.42,0.0,0.0,0.0,15.579999
2026-06-11 03:00:00+00:00,5582.071289,0.0,0.0,0.0,1250.32,1807.0,1049.72,0.0,12.40557,0.0,12.329999
2026-06-11 04:00:00+00:00,6687.245117,0.0,0.0,0.0,1951.88,1796.900024,1424.8,0.0,238.383529,0.0,10.149999
2026-06-11 05:00:00+00:00,6654.113769,0.0,0.0,0.0,2042.65,1788.599975,1449.12,0.0,708.90039,0.0,8.63
2026-06-11 06:00:00+00:00,7046.439453,0.0,0.0,0.0,2056.88,1782.300048,1035.0,0.0,1407.001831,0.0,7.65
2026-06-11 07:00:00+00:00,7397.01123,0.0,0.0,0.0,1161.9,1778.199951,597.3,0.0,2335.297607,0.0,8.829999
2026-06-11 08:00:00+00:00,7428.554199,0.0,0.0,0.0,440.75,1776.400024,493.55,0.0,3071.734375,0.0,12.829999
2026-06-11 09:00:00+00:00,7533.777343,0.0,0.0,0.0,299.75,1777.300048,478.22,0.0,3543.3833,0.0,16.1
2026-06-11 10:00:00+00:00,7452.268554,0.0,0.0,0.0,269.85,1780.900024,448.42,0.0,3700.622314,0.0,17.799999
2026-06-11 11:00:00+00:00,7477.278808,0.0,0.0,0.0,187.15,1787.5,331.32,0.0,3898.928222,0.0,19.799999
2026-06-11 12:00:00+00:00,7192.399902,0.0,0.0,0.0,155.5,1796.800048,299.02,0.0,3647.800292,0.0,21.25
2026-06-11 13:00:00+00:00,7092.817382,0.0,0.0,0.0,185.42,1808.699951,334.68,0.0,3376.436767,0.0,23.53
2026-06-11 14:00:00+00:00,7335.145507,0.0,0.0,0.0,393.9,1822.800048,431.15,0.0,2761.764648,0.0,25.45
2026-06-11 15:00:00+00:00,7340.564453,0.0,0.0,0.0,683.3,1839.099975,602.15,0.0,2054.599609,0.0,25.799999
2026-06-11 16:00:00+00:00,7384.77539,0.0,0.0,0.0,1139.2,1857.300048,912.95,0.0,1350.783569,0.0,25.53
2026-06-11 17:00:00+00:00,6854.874511,0.0,0.0,0.0,3095.55,1877.0,1723.22,0.0,677.391601,0.0,24.629999
2026-06-11 18:00:00+00:00,7372.358886,0.0,0.0,0.0,3219.52,1898.199951,1754.35,0.0,210.711654,0.0,20.049999
2026-06-11 19:00:00+00:00,6870.148925,0.0,0.0,0.0,3120.92,1920.599975,1725.58,0.0,6.168889,0.0,17.049999
2026-06-11 20:00:00+00:00,7078.563476,0.0,0.0,0.0,2535.4,1943.900024,1590.95,0.0,0.0,0.0,15.75
2026-06-11 21:00:00+00:00,5811.695312,0.0,0.0,0.0,1516.35,1967.900024,993.48,0.0,0.0,0.0,14.079999
2026-06-11 22:00:00+00:00,6339.207031,0.0,0.0,0.0,1234.62,1608.800048,751.0,0.0,0.0,0.0,14.63
2026-06-11 23:00:00+00:00,5527.648437,0.0,0.0,0.0,689.38,1603.0,505.88,0.0,0.0,0.0,15.43
2026-06-12 00:00:00+00:00,5940.621093,0.0,0.0,0.0,485.48,1598.5,328.35,0.0,0.0,0.0,21.53
2026-06-12 01:00:00+00:00,5841.836914,0.0,0.0,0.0,510.08,1595.300048,348.55,0.0,0.0,0.0,23.299999
2026-06-12 02:00:00+00:00,5882.922851,0.0,0.0,0.0,553.28,1593.400024,430.82,0.0,0.0,0.0,24.149999
2026-06-12 03:00:00+00:00,6228.667968,0.0,0.0,0.0,699.0,1593.0,539.95,0.0,6.392597,0.0,23.78
2026-06-12 04:00:00+00:00,6757.266601,0.0,0.0,0.0,2401.42,1594.099975,1121.1,0.0,157.57785,0.0,24.28
2026-06-12 05:00:00+00:00,7226.512207,0.0,0.0,0.0,2779.32,1596.800048,1618.7,0.0,471.770935,0.0,25.2
2026-06-12 06:00:00+00:00,7339.831054,0.0,0.0,0.0,2933.48,1601.099975,1568.32,0.0,908.080932,0.0,25.93
2026-06-12 07:00:00+00:00,7361.167968,0.0,0.0,0.0,2005.12,1607.099975,1025.42,0.0,1608.541503,0.0,28.899999
2026-06-12 08:00:00+00:00,7522.16455,0.0,0.0,0.0,1106.32,1614.900024,787.18,0.0,1943.932495,0.0,30.229999
2026-06-12 09:00:00+00:00,7635.954101,0.0,0.0,0.0,632.18,1624.5,498.68,0.0,2205.310302,0.0,28.899999
2026-06-12 10:00:00+00:00,7645.078613,0.0,0.0,0.0,613.92,1636.099975,383.1,0.0,2564.346679,0.0,27.68
2026-06-12 11:00:00+00:00,6853.392089,0.0,0.0,0.0,487.82,1649.699951,369.85,0.0,2597.068847,0.0,27.329999
2026-06-12 12:00:00+00:00,7531.491699,0.0,0.0,0.0,388.72,1665.0,302.5,0.0,2554.889892,0.0,27.53
2026-06-12 13:00:00+00:00,7312.340332,0.0,0.0,0.0,345.1,1682.0,262.75,0.0,2411.717285,0.0,28.149999
2026-06-12 14:00:00+00:00,6349.002441,0.0,0.0,0.0,421.82,1700.400024,327.48,0.0,2286.712646,0.0,29.0
2026-06-12 15:00:00+00:00,8513.75,0.0,0.0,0.0,631.6,1720.199951,438.12,0.0,1921.866821,0.0,28.1
2026-06-12 16:00:00+00:00,7201.12207,0.0,0.0,0.0,856.95,1741.0,660.1,0.0,1316.637695,0.0,27.53
2026-06-12 17:00:00+00:00,7491.614746,0.0,0.0,0.0,1277.52,1762.699951,920.78,0.0,769.484313,0.0,25.899999
2026-06-12 18:00:00+00:00,6666.880371,0.0,0.0,0.0,1057.12,1785.199951,1154.18,0.0,258.279907,0.0,24.28
2026-06-12 19:00:00+00:00,6286.064453,0.0,0.0,0.0,872.88,1808.199951,1175.5,0.0,8.765247,0.0,23.399999
2026-06-12 20:00:00+00:00,6144.877441,0.0,0.0,0.0,1130.2,1831.599975,1110.42,0.0,0.0,0.0,23.35
2026-06-12 21:00:00+00:00,6574.285644,0.0,0.0,0.0,934.12,1855.199951,740.22,0.0,0.0,0.0,23.43
2026-06-12 22:00:00+00:00,5702.675781,0.0,0.0,0.0,715.45,1456.400024,441.18,0.0,0.0,0.0,22.2
2026-06-12 23:00:00+00:00,6961.295898,0.0,0.0,0.0,468.98,1444.5,352.48,0.0,0.0,0.0,24.329999
2026-06-13 00:00:00+00:00,6750.588867,0.0,0.0,0.0,290.12,1433.5,370.82,0.0,0.0,0.0,18.28
2026-06-13 01:00:00+00:00,6256.161621,0.0,0.0,0.0,248.5,1423.800048,302.52,0.0,0.0,0.0,21.549999
2026-06-13 02:00:00+00:00,6612.879394,0.0,0.0,0.0,104.68,1415.300048,293.0,0.0,0.0,0.0,24.379999
2026-06-13 03:00:00+00:00,6223.36914,0.0,0.0,0.0,87.0,1408.300048,276.6,0.0,14.50706,0.0,23.479999
2026-06-13 04:00:00+00:00,6738.481445,0.0,0.0,0.0,66.1,1403.0,305.88,0.0,317.040283,0.0,20.2
2026-06-13 05:00:00+00:00,6893.702636,0.0,0.0,0.0,98.4,1399.5,232.85,0.0,982.14154,0.0,14.899999
2026-06-13 06:00:00+00:00,7133.509277,0.0,0.0,0.0,113.15,1398.0,257.75,0.0,1749.049804,0.0,11.949999
2026-06-13 07:00:00+00:00,6101.291992,0.0,0.0,0.0,123.95,1398.599975,299.08,0.0,2610.49121,0.0,12.779999
2026-06-13 08:00:00+00:00,6826.687988,0.0,0.0,0.0,128.95,1401.5,296.08,0.0,3218.296386,0.0,12.63
2026-06-13 09:00:00+00:00,6236.952636,0.0,0.0,0.0,96.68,1407.0,260.9,0.0,3840.303466,0.0,12.699999
2026-06-13 10:00:00+00:00,6505.599121,0.0,0.0,0.0,191.8,1415.0,194.42,0.0,4217.981933,0.0,13.829999
2026-06-13 11:00:00+00:00,8073.052734,0.0,0.0,0.0,135.68,1425.800048,161.75,0.0,4287.060058,0.0,16.35
2026-06-13 12:00:00+00:00,7401.650878,0.0,0.0,0.0,131.45,1439.300048,182.75,0.0,4328.88623,0.0,19.2
2026-06-13 13:00:00+00:00,7643.627441,0.0,0.0,0.0,143.95,1455.300048,223.4,0.0,4053.638671,0.0,22.95
2026-06-13 14:00:00+00:00,7415.280761,0.0,0.0,0.0,114.2,1473.699951,245.5,0.0,3481.172363,0.0,25.2
2026-06-13 15:00:00+00:00,6376.331542,0.0,0.0,0.0,115.18,1494.300048,267.12,0.0,2730.635498,0.0,24.5
2026-06-13 16:00:00+00:00,6765.842285,0.0,0.0,0.0,114.35,1517.0,342.25,0.0,1785.168334,0.0,24.45
2026-06-13 17:00:00+00:00,6419.048339,0.0,0.0,0.0,249.35,1541.699951,608.82,0.0,934.912231,0.0,23.379999
2026-06-13 18:00:00+00:00,7614.492675,0.0,0.0,0.0,801.42,1568.099975,635.85,0.0,296.601593,0.0,21.0
2026-06-13 19:00:00+00:00,6511.808105,0.0,0.0,0.0,1431.22,1596.199951,866.05,0.0,10.154941,0.0,22.379999
2026-06-13 20:00:00+00:00,6219.547851,0.0,0.0,0.0,1341.72,1625.900024,733.32,0.0,0.0,0.0,23.75
2026-06-13 21:00:00+00:00,6676.501464,0.0,0.0,0.0,473.25,1656.900024,645.12,0.0,0.0,0.0,18.93
2026-06-13 22:00:00+00:00,6065.852539,0.0,0.0,0.0,154.92,1318.5,519.3,0.0,0.0,0.0,15.149999
2026-06-13 23:00:00+00:00,6658.662109,0.0,0.0,0.0,66.12,1319.599975,533.82,0.0,0.0,0.0,15.399999
2026-06-14 00:00:00+00:00,6070.302246,0.0,0.0,0.0,61.48,1322.699951,357.88,0.0,0.0,0.0,18.25
2026-06-14 01:00:00+00:00,6242.10205,0.0,0.0,0.0,69.18,1328.199951,327.22,0.0,0.0,0.0,18.879999
2026-06-14 02:00:00+00:00,5879.564941,0.0,0.0,0.0,68.5,1336.099975,286.48,0.0,0.0,0.0,18.6
2026-06-14 03:00:00+00:00,7486.20166,0.0,0.0,0.0,77.7,1346.599975,349.05,0.0,15.557805,0.0,18.229999
2026-06-14 04:00:00+00:00,6924.26416,0.0,0.0,0.0,39.85,1360.0,245.6,0.0,328.883178,0.0,17.649999
2026-06-14 05:00:00+00:00,6827.021484,0.0,0.0,0.0,60.98,1376.300048,217.18,0.0,983.700683,0.0,15.68
2026-06-14 06:00:00+00:00,6034.411132,0.0,0.0,0.0,77.12,1395.800048,210.22,0.0,1807.315307,0.0,14.68
2026-06-14 07:00:00+00:00,6798.242187,0.0,0.0,0.0,85.75,1418.599975,235.3,0.0,2590.764404,0.0,15.779999
2026-06-14 08:00:00+00:00,5871.391601,0.0,0.0,0.0,119.32,1444.900024,229.1,0.0,3265.193359,0.0,18.18
2026-06-14 09:00:00+00:00,6154.257324,0.0,0.0,0.0,90.68,1474.800048,242.72,0.0,3808.225341,0.0,22.1
2026-06-14 10:00:00+00:00,6183.023925,0.0,0.0,0.0,105.35,1508.599975,213.4,0.0,4145.344726,0.0,26.28
2026-06-14 11:00:00+00:00,7125.061035,0.0,0.0,0.0,159.52,1546.199951,164.12,0.0,4191.320312,0.0,29.049999
2026-06-14 12:00:00+00:00,6641.724609,0.0,0.0,0.0,87.82,1587.5,191.68,0.0,4115.788574,0.0,30.68
2026-06-14 13:00:00+00:00,6408.985351,0.0,0.0,0.0,72.7,1632.099975,196.8,0.0,3814.495849,0.0,31.68
2026-06-14 14:00:00+00:00,5739.768554,0.0,0.0,0.0,69.4,1679.400024,162.18,0.0,3237.636962,0.0,32.330001
2026-06-14 15:00:00+00:00,6226.895996,0.0,0.0,0.0,60.5,1729.199951,185.35,0.0,2566.122558,0.0,32.279998
2026-06-14 16:00:00+00:00,6568.871582,0.0,0.0,0.0,85.5,1781.099975,401.85,0.0,1731.322753,0.0,32.630001
2026-06-14 17:00:00+00:00,6321.013183,0.0,0.0,0.0,92.4,1834.599975,387.75,0.0,944.335021,0.0,32.080001
2026-06-14 18:00:00+00:00,5822.013671,0.0,0.0,0.0,1440.75,1889.5,544.48,0.0,290.446258,0.0,29.299999
2026-06-14 19:00:00+00:00,5836.379394,0.0,0.0,0.0,1636.52,1945.199951,865.82,0.0,9.985466,0.0,23.68
2026-06-14 20:00:00+00:00,6283.795898,0.0,0.0,0.0,1682.55,2001.400024,1048.82,0.0,0.0,0.0,18.1
2026-06-14 21:00:00+00:00,6170.881347,0.0,0.0,0.0,1283.75,2057.800048,731.72,0.0,0.0,0.0,12.329999
2026-06-14 22:00:00+00:00,6359.010253,0.0,0.0,0.0,981.08,1492.5,672.72,0.0,0.0,0.0,8.329999
2026-06-14 23:00:00+00:00,5880.612792,0.0,0.0,0.0,752.9,1494.900024,590.72,0.0,0.0,0.0,6.75
2026-06-15 00:00:00+00:00,5501.404785,0.0,0.0,0.0,389.98,1498.099975,437.8,0.0,0.0,0.0,4.78
2026-06-15 01:00:00+00:00,5643.944824,0.0,0.0,0.0,258.22,1502.5,307.68,0.0,0.0,0.0,5.13
2026-06-15 02:00:00+00:00,6157.250976,0.0,0.0,0.0,337.85,1507.900024,390.2,0.0,0.0,0.0,6.05
2026-06-15 03:00:00+00:00,5834.697265,0.0,0.0,0.0,710.32,1514.699951,605.0,0.0,15.04938,0.0,6.48
2026-06-15 04:00:00+00:00,6473.947753,0.0,0.0,0.0,1554.25,1523.0,753.18,0.0,332.848907,0.0,7.099999
2026-06-15 05:00:00+00:00,7549.439453,0.0,0.0,0.0,1632.8,1532.800048,854.62,0.0,999.563537,0.0,7.63
2026-06-15 06:00:00+00:00,7237.315917,0.0,0.0,0.0,1311.08,1544.199951,579.58,0.0,1817.17871,0.0,7.829999
2026-06-15 07:00:00+00:00,7166.922363,0.0,0.0,0.0,273.02,1557.599975,264.48,0.0,2623.628906,0.0,10.1
2026-06-15 08:00:00+00:00,7504.923339,0.0,0.0,0.0,211.8,1572.800048,219.0,0.0,3264.359619,0.0,12.68
2026-06-15 09:00:00+00:00,7472.179199,0.0,0.0,0.0,223.55,1590.099975,198.5,0.0,3815.207763,0.0,13.979999
2026-06-15 10:00:00+00:00,6782.348632,0.0,0.0,0.0,245.02,1609.699951,214.0,0.0,4077.90747,0.0,17.6
2026-06-15 11:00:00+00:00,7410.996582,0.0,0.0,0.0,184.55,1631.5,191.65,0.0,4080.639404,0.0,21.129999
2026-06-15 12:00:00+00:00,7297.27246,0.0,0.0,0.0,111.95,1655.5,202.2,0.0,4073.284179,0.0,21.95
2026-06-15 13:00:00+00:00,6767.662109,0.0,0.0,0.0,135.38,1681.400024,233.28,0.0,3752.752685,0.0,21.53
2026-06-15 14:00:00+00:00,7092.978515,0.0,0.0,0.0,194.82,1709.199951,256.85,0.0,3114.848876,0.0,22.2
2026-06-15 15:00:00+00:00,8053.476562,0.0,0.0,0.0,330.68,1738.5,358.15,0.0,2421.221435,0.0,22.6
2026-06-15 16:00:00+00:00,7701.304687,0.0,0.0,0.0,1074.7,1769.300048,540.88,0.0,1666.481567,0.0,19.7
2026-06-15 17:00:00+00:00,7442.910156,0.0,0.0,0.0,2868.7,1801.300048,1328.92,0.0,906.23706,0.0,18.049999
2026-06-15 18:00:00+00:00,7011.355468,0.0,0.0,0.0,3848.38,1834.400024,1736.55,0.0,284.670532,0.0,14.38
2026-06-15 19:00:00+00:00,6690.44873,0.0,0.0,0.0,3863.22,1868.400024,1798.45,0.0,10.066815,0.0,8.25
2026-06-15 20:00:00+00:00,6137.704101,0.0,0.0,0.0,3724.15,1903.099975,1772.88,0.0,0.0,0.0,5.5
2026-06-15 21:00:00+00:00,5686.103027,0.0,0.0,0.0,3277.4,1938.300048,1541.72,0.0,0.0,0.0,3.45
2026-06-15 22:00:00+00:00,5854.194335,0.0,0.0,0.0,1559.75,1611.300048,1181.8,0.0,0.0,0.0,2.4
2026-06-15 23:00:00+00:00,5753.499511,0.0,0.0,0.0,1251.18,1614.199951,973.55,0.0,0.0,0.0,2.63
2026-06-16 00:00:00+00:00,5794.691894,0.0,0.0,0.0,627.18,1618.199951,945.68,0.0,0.0,0.0,3.549999
2026-06-16 01:00:00+00:00,6052.020507,0.0,0.0,0.0,429.12,1623.400024,939.88,0.0,0.0,0.0,4.079999
2026-06-16 02:00:00+00:00,5841.859375,0.0,0.0,0.0,588.75,1630.099975,946.25,0.0,0.0,0.0,4.449999
2026-06-16 03:00:00+00:00,5551.690429,0.0,0.0,0.0,1183.98,1638.400024,1059.5,0.0,15.490015,0.0,4.48
2026-06-16 04:00:00+00:00,6039.237792,0.0,0.0,0.0,2528.8,1648.400024,1352.55,0.0,319.412933,0.0,4.8
2026-06-16 05:00:00+00:00,7816.232421,0.0,0.0,0.0,2906.02,1660.099975,1320.85,0.0,960.469055,0.0,4.8
2026-06-16 06:00:00+00:00,7828.660156,0.0,0.0,0.0,2693.82,1673.900024,1271.1,0.0,1630.180053,0.0,3.48
2026-06-16 07:00:00+00:00,7359.277832,0.0,0.0,0.0,1683.42,1689.800048,1106.62,0.0,2305.321044,0.0,3.599999
2026-06-16 08:00:00+00:00,7713.517089,0.0,0.0,0.0,625.85,1707.900024,452.78,0.0,3098.633544,0.0,5.38
2026-06-16 09:00:00+00:00,7626.319335,0.0,0.0,0.0,331.3,1728.400024,347.0,0.0,3629.090087,0.0,6.65
2026-06-16 10:00:00+00:00,7090.622558,0.0,0.0,0.0,144.15,1751.400024,288.7,0.0,3810.611572,0.0,8.35
2026-06-16 11:00:00+00:00,7161.012207,0.0,0.0,0.0,126.72,1777.0,257.0,0.0,3974.988769,0.0,9.029999
2026-06-16 12:00:00+00:00,7262.457519,0.0,0.0,0.0,137.02,1804.900024,457.82,0.0,3804.666259,0.0,9.779999
2026-06-16 13:00:00+00:00,7805.99414,0.0,0.0,0.0,201.0,1834.900024,590.4,0.0,3479.287841,0.0,14.85
2026-06-16 14:00:00+00:00,7263.256347,0.0,0.0,0.0,329.58,1866.699951,612.28,0.0,3099.291015,0.0,20.549999
2026-06-16 15:00:00+00:00,7576.392089,0.0,0.0,0.0,664.05,1899.800048,944.2,0.0,2315.014892,0.0,21.379999
2026-06-16 16:00:00+00:00,7197.542968,0.0,0.0,0.0,1766.95,1934.099975,1356.72,0.0,1464.69104,0.0,22.93
2026-06-16 17:00:00+00:00,7279.722167,0.0,0.0,0.0,3103.1,1969.199951,1762.68,0.0,821.614807,0.0,22.379999
2026-06-16 18:00:00+00:00,6620.282226,0.0,0.0,0.0,3155.4,2004.800048,2142.12,0.0,265.82492,0.0,20.28
2026-06-16 19:00:00+00:00,7457.137695,0.0,0.0,0.0,3246.25,2040.599975,2153.1,0.0,10.64303,0.0,19.03
2026-06-16 20:00:00+00:00,6549.74121,0.0,0.0,0.0,3162.95,2076.300048,1938.9,0.0,0.0,0.0,21.229999
2026-06-16 21:00:00+00:00,6730.364257,0.0,0.0,0.0,2850.52,2111.600097,1530.15,0.0,0.0,0.0,20.7
2026-06-16 22:00:00+00:00,6292.413085,0.0,0.0,0.0,1609.4,1776.900024,1384.58,0.0,0.0,0.0,15.699999
2026-06-16 23:00:00+00:00,6016.123046,0.0,0.0,0.0,1200.1,1779.199951,1056.0,0.0,0.0,0.0,12.13
2026-06-17 00:00:00+00:00,5792.828125,0.0,0.0,0.0,997.62,1781.400024,953.92,0.0,0.0,0.0,6.179999
2026-06-17 01:00:00+00:00,5678.80371,0.0,0.0,0.0,1014.18,1783.400024,1074.38,0.0,0.0,0.0,6.8
2026-06-17 02:00:00+00:00,5473.170898,0.0,0.0,0.0,1050.28,1785.099975,1001.4,0.0,0.0,0.0,7.199999
2026-06-17 03:00:00+00:00,5742.965332,0.0,0.0,0.0,1131.9,1786.699951,1155.5,0.0,13.761369,0.0,7.179999
2026-06-17 04:00:00+00:00,7375.361328,0.0,0.0,0.0,1178.02,1788.099975,1433.42,0.0,312.037384,0.0,6.099999
2026-06-17 05:00:00+00:00,7344.14746,0.0,0.0,0.0,1148.0,1789.300048,1286.95,0.0,1008.884704,0.0,5.099999
2026-06-17 06:00:00+00:00,7293.333984,0.0,0.0,0.0,961.98,1790.300048,879.78,0.0,1874.562988,0.0,4.9
2026-06-17 07:00:00+00:00,7529.189941,0.0,0.0,0.0,707.8,1791.0,552.45,0.0,2638.034179,0.0,5.349999
2026-06-17 08:00:00+00:00,7286.647949,0.0,0.0,0.0,494.4,1791.5,433.8,0.0,3388.740722,0.0,7.25
2026-06-17 09:00:00+00:00,7325.267578,0.0,0.0,0.0,220.82,1791.900024,251.88,0.0,3909.401855,0.0,10.479999
2026-06-17 10:00:00+00:00,7583.322265,0.0,0.0,0.0,184.35,1791.900024,218.3,0.0,4107.789062,0.0,15.279999
2026-06-17 11:00:00+00:00,7402.939453,0.0,0.0,0.0,247.28,1791.800048,297.85,0.0,4105.904785,0.0,18.579999
2026-06-17 12:00:00+00:00,7446.673828,0.0,0.0,0.0,315.88,1791.5,310.65,0.0,4039.999267,0.0,18.6
2026-06-17 13:00:00+00:00,7280.157226,0.0,0.0,0.0,222.6,1791.199951,405.45,0.0,3578.125732,0.0,18.0
2026-06-17 14:00:00+00:00,7268.615722,0.0,0.0,0.0,253.8,1791.0,535.88,0.0,3101.290771,0.0,17.43
2026-06-17 15:00:00+00:00,7421.390625,0.0,0.0,0.0,374.6,1790.900024,808.88,0.0,2395.447753,0.0,15.829999
2026-06-17 16:00:00+00:00,7347.618652,0.0,0.0,0.0,663.18,1791.199951,1165.15,0.0,1621.096191,0.0,12.75
2026-06-17 17:00:00+00:00,7624.59082,0.0,0.0,0.0,2432.38,1791.800048,1526.15,0.0,866.288391,0.0,10.229999
2026-06-17 18:00:00+00:00,6746.10498,0.0,0.0,0.0,2951.75,1792.900024,1980.78,0.0,274.074981,0.0,8.479999
2026-06-17 19:00:00+00:00,7286.30957,0.0,0.0,0.0,4056.7,1794.699951,2089.38,0.0,10.98198,0.0,6.449999
2026-06-17 20:00:00+00:00,7865.261718,0.0,0.0,0.0,3883.28,1797.099975,1966.82,0.0,0.0,0.0,4.599999
2026-06-17 21:00:00+00:00,6802.051269,0.0,0.0,0.0,3086.5,1800.300048,1479.48,0.0,0.0,0.0,4.079999
2026-06-17 22:00:00+00:00,6236.163085,0.0,0.0,0.0,2084.7,1717.400024,1338.35,0.0,0.0,0.0,3.5
2026-06-17 23:00:00+00:00,6240.408691,0.0,0.0,0.0,1210.82,1714.800048,1147.82,0.0,0.0,0.0,3.299999
2026-06-18 00:00:00+00:00,5872.51416,0.0,0.0,0.0,1074.42,1713.699951,777.22,0.0,0.0,0.0,4.179999
2026-06-18 01:00:00+00:00,5749.418945,0.0,0.0,0.0,758.38,1714.099975,767.15,0.0,0.0,0.0,3.329999
2026-06-18 02:00:00+00:00,5560.820312,0.0,0.0,0.0,559.1,1716.300048,692.1,0.0,0.0,0.0,3.049999
2026-06-18 03:00:00+00:00,6276.646484,0.0,0.0,0.0,738.88,1720.400024,1102.05,0.0,13.422419,0.0,2.549999
2026-06-18 04:00:00+00:00,7185.507812,0.0,0.0,0.0,1523.68,1726.699951,1383.5,0.0,299.699584,0.0,2.549999
2026-06-18 05:00:00+00:00,7349.189453,0.0,0.0,0.0,1842.4,1735.199951,1502.02,0.0,930.878723,0.0,2.849999
2026-06-18 06:00:00+00:00,7543.270996,0.0,0.0,0.0,1006.25,1746.300048,1041.95,0.0,1719.310302,0.0,2.95
2026-06-18 07:00:00+00:00,7396.104003,0.0,0.0,0.0,334.55,1759.900024,568.4,0.0,2528.702636,0.0,3.4
2026-06-18 08:00:00+00:00,7327.250488,0.0,0.0,0.0,214.48,1776.5,251.6,0.0,3256.957031,0.0,4.03
2026-06-18 09:00:00+00:00,7373.619628,0.0,0.0,0.0,207.55,1796.0,208.25,0.0,3680.759765,0.0,4.5
2026-06-18 10:00:00+00:00,7149.388671,0.0,0.0,0.0,137.48,1818.699951,230.52,0.0,3889.878417,0.0,5.05
2026-06-18 11:00:00+00:00,7033.91455,0.0,0.0,0.0,154.45,1844.800048,223.6,0.0,3918.465332,0.0,5.4
2026-06-18 12:00:00+00:00,7116.807617,0.0,0.0,0.0,196.98,1873.800048,223.4,0.0,3915.367431,0.0,5.15
2026-06-18 13:00:00+00:00,7201.6875,0.0,0.0,0.0,270.92,1905.599975,472.58,0.0,3473.864746,0.0,3.7
2026-06-18 14:00:00+00:00,7028.432128,0.0,0.0,0.0,303.4,1939.699951,498.78,0.0,3092.430664,0.0,4.4
2026-06-18 15:00:00+00:00,7210.976562,0.0,0.0,0.0,398.08,1975.900024,758.38,0.0,2431.207031,0.0,6.63
2026-06-18 16:00:00+00:00,7015.779296,0.0,0.0,0.0,1924.88,2013.800048,1125.62,0.0,1575.629394,0.0,7.349999
2026-06-18 17:00:00+00:00,7319.050292,0.0,0.0,0.0,2195.2,2053.0,1484.35,0.0,864.559753,0.0,8.3
2026-06-18 18:00:00+00:00,7251.064941,0.0,0.0,0.0,2650.82,2093.199951,1970.62,0.0,275.959533,0.0,9.6
2026-06-18 19:00:00+00:00,7048.436523,0.0,0.0,0.0,3003.02,2134.100097,2086.85,0.0,10.934527,0.0,11.6
2026-06-18 20:00:00+00:00,7177.783691,0.0,0.0,0.0,3338.98,2175.399902,1880.82,0.0,0.0,0.0,9.399999
2026-06-18 21:00:00+00:00,6799.366699,0.0,0.0,0.0,3390.55,2216.600097,1727.75,0.0,0.0,0.0,6.28
2026-06-18 22:00:00+00:00,7072.429199,0.0,0.0,0.0,1291.12,1893.699951,1237.95,0.0,0.0,0.0,4.78
2026-06-18 23:00:00+00:00,6060.116699,0.0,0.0,0.0,1116.78,1902.400024,1070.58,0.0,0.0,0.0,5.63
2026-06-19 00:00:00+00:00,6089.324707,0.0,0.0,0.0,910.35,1911.300048,1029.1,0.0,0.0,0.0,8.5
2026-06-19 01:00:00+00:00,5889.973144,0.0,0.0,0.0,555.1,1920.199951,832.22,0.0,0.0,0.0,12.43
2026-06-19 02:00:00+00:00,5620.206054,0.0,0.0,0.0,583.95,1929.300048,815.92,0.0,0.0,0.0,15.63
2026-06-19 03:00:00+00:00,6207.559082,0.0,0.0,0.0,741.12,1938.5,901.48,0.0,13.761369,0.0,10.8
2026-06-19 04:00:00+00:00,7188.348144,0.0,0.0,0.0,1261.75,1947.699951,1016.82,0.0,291.632568,0.0,9.05
2026-06-19 05:00:00+00:00,7543.125,0.0,0.0,0.0,1427.55,1956.800048,760.0,0.0,883.832458,0.0,10.55
2026-06-19 06:00:00+00:00,7286.688476,0.0,0.0,0.0,778.75,1966.0,625.78,0.0,1590.780517,0.0,9.479999
2026-06-19 07:00:00+00:00,7477.226074,0.0,0.0,0.0,363.12,1975.099975,637.4,0.0,2466.55957,0.0,7.03
2026-06-19 08:00:00+00:00,7388.750976,0.0,0.0,0.0,232.72,1984.099975,525.35,0.0,3134.541748,0.0,5.579999
2026-06-19 09:00:00+00:00,7070.586425,0.0,0.0,0.0,203.12,1993.0,510.2,0.0,3561.720458,0.0,5.65
2026-06-19 10:00:00+00:00,7470.876464,0.0,0.0,0.0,208.32,2001.800048,344.48,0.0,3860.911621,0.0,6.48
2026-06-19 11:00:00+00:00,6993.601562,0.0,0.0,0.0,180.78,2010.400024,280.3,0.0,3813.004394,0.0,7.849999
2026-06-19 12:00:00+00:00,7055.428222,0.0,0.0,0.0,187.78,2018.800048,249.78,0.0,3513.982666,0.0,9.399999
2026-06-19 13:00:00+00:00,6903.364257,0.0,0.0,0.0,183.62,2026.900024,336.02,0.0,2866.05957,0.0,9.579999
2026-06-19 14:00:00+00:00,6838.202636,0.0,0.0,0.0,472.1,2034.599975,684.52,0.0,2588.581542,0.0,10.8
2026-06-19 15:00:00+00:00,8103.425781,0.0,0.0,0.0,1183.88,2042.0,821.05,0.0,2041.211181,0.0,18.03
2026-06-19 16:00:00+00:00,8039.238281,0.0,0.0,0.0,1961.65,2049.0,1009.22,0.0,1428.152221,0.0,17.85
2026-06-19 17:00:00+00:00,6881.403808,0.0,0.0,0.0,3006.98,2055.399902,1222.62,0.0,835.037231,0.0,12.899999
2026-06-19 18:00:00+00:00,7267.811523,0.0,0.0,0.0,2414.98,2061.399902,1624.3,0.0,282.921569,0.0,9.85
2026-06-19 19:00:00+00:00,6446.673339,0.0,0.0,0.0,2831.88,2066.699951,1812.42,0.0,11.287034,0.0,8.699999
2026-06-19 20:00:00+00:00,6495.245605,0.0,0.0,0.0,2540.4,2071.399902,1742.75,0.0,0.0,0.0,8.979999
2026-06-19 21:00:00+00:00,6051.68164,0.0,0.0,0.0,1378.55,2075.399902,1604.95,0.0,0.0,0.0,9.449999
2026-06-19 22:00:00+00:00,6167.470214,0.0,0.0,0.0,964.9,2141.699951,1235.5,0.0,0.0,0.0,9.399999
2026-06-19 23:00:00+00:00,7230.196289,0.0,0.0,0.0,833.98,2150.199951,1090.52,0.0,0.0,0.0,9.529999
2026-06-20 00:00:00+00:00,6837.0083,0.0,0.0,0.0,660.88,2157.600097,991.42,0.0,0.0,0.0,20.45
2026-06-20 01:00:00+00:00,5147.15625,0.0,0.0,0.0,567.9,2163.800048,899.02,0.0,0.0,0.0,24.45
2026-06-20 02:00:00+00:00,5154.6875,0.0,0.0,0.0,760.2,2168.800048,849.52,0.0,0.0,0.0,25.299999
2026-06-20 03:00:00+00:00,5079.321289,0.0,0.0,0.0,990.45,2172.300048,869.42,0.0,13.849496,0.0,23.399999
2026-06-20 04:00:00+00:00,6069.065917,0.0,0.0,0.0,807.42,2174.399902,724.18,0.0,302.817932,0.0,19.75
2026-06-20 05:00:00+00:00,6676.716308,0.0,0.0,0.0,484.15,2174.800048,803.3,0.0,933.264953,0.0,14.899999
2026-06-20 06:00:00+00:00,7505.972656,0.0,0.0,0.0,355.72,2173.600097,655.1,0.0,1694.004272,0.0,8.779999
2026-06-20 07:00:00+00:00,6779.458984,0.0,0.0,0.0,104.58,2170.5,389.42,0.0,2511.809326,0.0,5.75
2026-06-20 08:00:00+00:00,7216.910644,0.0,0.0,0.0,115.55,2165.399902,458.8,0.0,3147.984619,0.0,4.829999
2026-06-20 09:00:00+00:00,7308.46289,0.0,0.0,0.0,96.35,2158.300048,420.7,0.0,3615.464355,0.0,4.75
2026-06-20 10:00:00+00:00,6372.75,0.0,0.0,0.0,69.65,2149.100097,333.7,0.0,3918.261962,0.0,4.65
2026-06-20 11:00:00+00:00,7407.33496,0.0,0.0,0.0,64.72,2137.600097,446.92,0.0,3852.898925,0.0,4.599999
2026-06-20 12:00:00+00:00,7836.935546,0.0,0.0,0.0,66.45,2124.0,308.68,0.0,3793.79956,0.0,4.179999
2026-06-20 13:00:00+00:00,7282.557617,0.0,0.0,0.0,50.78,2108.600097,287.22,0.0,3426.770996,0.0,3.549999
2026-06-20 14:00:00+00:00,7827.65625,0.0,0.0,0.0,94.8,2091.399902,454.45,0.0,3009.726806,0.0,3.65
2026-06-20 15:00:00+00:00,8125.950683,0.0,0.0,0.0,281.8,2072.800048,683.7,0.0,2367.464111,0.0,4.0
2026-06-20 16:00:00+00:00,7122.772949,0.0,0.0,0.0,505.15,2052.899902,1003.15,0.0,1572.273803,0.0,4.55
2026-06-20 17:00:00+00:00,7175.315917,0.0,0.0,0.0,1068.98,2031.800048,1139.6,0.0,831.885009,0.0,6.0
2026-06-20 18:00:00+00:00,7515.882812,0.0,0.0,0.0,1310.5,2009.900024,1341.45,0.0,269.736419,0.0,9.199999
2026-06-20 19:00:00+00:00,7478.21875,0.0,0.0,0.0,2100.38,1987.199951,1609.95,0.0,11.680216,0.0,12.479999
2026-06-20 20:00:00+00:00,6257.880859,0.0,0.0,0.0,2233.48,1964.0,1697.98,0.0,0.0,0.0,11.979999
2026-06-20 21:00:00+00:00,7291.975585,0.0,0.0,0.0,2025.08,1940.5,1449.82,0.0,0.0,0.0,9.05
2026-06-20 22:00:00+00:00,6139.892089,0.0,0.0,0.0,1857.22,2187.5,1462.28,0.0,0.0,0.0,7.079999
2026-06-20 23:00:00+00:00,6019.785156,0.0,0.0,0.0,1457.1,2189.0,1384.35,0.0,0.0,0.0,5.599999
2026-06-21 00:00:00+00:00,6206.807617,0.0,0.0,0.0,1517.48,2190.0,1483.98,0.0,0.0,0.0,3.079999
2026-06-21 01:00:00+00:00,5413.091308,0.0,0.0,0.0,1426.18,2190.199951,1353.1,0.0,0.0,0.0,2.13
2026-06-21 02:00:00+00:00,6250.876464,0.0,0.0,0.0,1247.7,2189.800048,1357.1,0.0,0.0,0.0,4.28
2026-06-21 03:00:00+00:00,5855.146484,0.0,0.0,0.0,889.9,2188.600097,1068.92,0.0,13.239386,0.0,5.849999
2026-06-21 04:00:00+00:00,6279.282714,0.0,0.0,0.0,639.75,2186.600097,930.75,0.0,311.684875,0.0,6.15
2026-06-21 05:00:00+00:00,7069.442871,0.0,0.0,0.0,507.78,2183.699951,732.28,0.0,925.299621,0.0,5.78
2026-06-21 06:00:00+00:00,7104.525878,0.0,0.0,0.0,178.18,2179.899902,583.32,0.0,1733.627563,0.0,4.15
2026-06-21 07:00:00+00:00,7093.137207,0.0,0.0,0.0,102.42,2175.199951,443.12,0.0,2518.283203,0.0,2.63
2026-06-21 08:00:00+00:00,8082.136718,0.0,0.0,0.0,86.7,2169.5,362.12,0.0,3259.838134,0.0,2.25
2026-06-21 09:00:00+00:00,6915.036132,0.0,0.0,0.0,77.92,2162.699951,351.8,0.0,3597.432373,0.0,2.349999
2026-06-21 10:00:00+00:00,5898.989746,0.0,0.0,0.0,76.7,2154.800048,385.68,0.0,3702.337402,0.0,3.049999
2026-06-21 11:00:00+00:00,7391.048339,0.0,0.0,0.0,52.85,2145.800048,380.08,0.0,3820.034179,0.0,4.829999
2026-06-21 12:00:00+00:00,6596.289062,0.0,0.0,0.0,52.25,2135.800048,387.82,0.0,3723.365722,0.0,6.679999
2026-06-21 13:00:00+00:00,6972.344238,0.0,0.0,0.0,80.95,2124.800048,499.42,0.0,3377.318115,0.0,6.98
2026-06-21 14:00:00+00:00,7409.83496,0.0,0.0,0.0,177.38,2113.0,507.18,0.0,2759.649658,0.0,8.1
2026-06-21 15:00:00+00:00,7071.328613,0.0,0.0,0.0,446.68,2100.399902,860.1,0.0,2131.859863,0.0,7.13
2026-06-21 16:00:00+00:00,6145.729492,0.0,0.0,0.0,753.32,2087.199951,1337.58,0.0,1400.358398,0.0,3.7
2026-06-21 17:00:00+00:00,5977.690429,0.0,0.0,0.0,1578.42,2073.5,1488.8,0.0,758.14978,0.0,4.03
2026-06-21 18:00:00+00:00,5916.166015,0.0,0.0,0.0,2492.75,2059.300048,1590.28,0.0,280.718383,0.0,4.949999
2026-06-21 19:00:00+00:00,6547.279296,0.0,0.0,0.0,3246.65,2044.699951,1660.3,0.0,12.913994,0.0,4.38
2026-06-21 20:00:00+00:00,6559.711914,0.0,0.0,0.0,3221.88,2030.0,1729.32,0.0,0.0,0.0,4.0
2026-06-21 21:00:00+00:00,5792.722167,0.0,0.0,0.0,2784.02,2015.099975,1600.82,0.0,0.0,0.0,4.25
2026-06-21 22:00:00+00:00,6066.049804,0.0,0.0,0.0,1499.6,2271.5,1370.62,0.0,0.0,0.0,4.03
2026-06-21 23:00:00+00:00,5498.957031,0.0,0.0,0.0,812.92,2280.100097,1155.0,0.0,0.0,0.0,3.799999
2026-06-22 00:00:00+00:00,5187.431152,0.0,0.0,0.0,519.32,2288.0,1033.62,0.0,0.0,0.0,3.549999
2026-06-22 01:00:00+00:00,5196.76416,0.0,0.0,0.0,494.12,2295.100097,1008.8,0.0,0.0,0.0,2.93
2026-06-22 02:00:00+00:00,5452.780761,0.0,0.0,0.0,584.58,2301.199951,1077.45,0.0,0.0,0.0,2.65
2026-06-22 03:00:00+00:00,6090.91748,0.0,0.0,0.0,882.58,2306.199951,1266.32,0.0,12.8801,0.0,2.98
2026-06-22 04:00:00+00:00,6548.640136,0.0,0.0,0.0,2298.45,2310.100097,1379.5,0.0,302.03833,0.0,3.2
2026-06-22 05:00:00+00:00,7147.060058,0.0,0.0,0.0,2249.42,2312.600097,1349.52,0.0,931.726074,0.0,3.0
2026-06-22 06:00:00+00:00,7500.517089,0.0,0.0,0.0,1192.52,2313.699951,1088.3,0.0,1690.106445,0.0,2.45
2026-06-22 07:00:00+00:00,7649.823242,0.0,0.0,0.0,687.68,2313.199951,832.98,0.0,2503.993164,0.0,2.329999
2026-06-22 08:00:00+00:00,8430.140625,0.0,0.0,0.0,398.2,2310.899902,727.3,0.0,3107.561279,0.0,3.579999
2026-06-22 09:00:00+00:00,7298.917968,0.0,0.0,0.0,386.9,2306.899902,664.22,0.0,3468.916015,0.0,5.079999
2026-06-22 10:00:00+00:00,7377.765136,0.0,0.0,0.0,369.95,2300.899902,662.7,0.0,3667.710205,0.0,6.28
2026-06-22 11:00:00+00:00,6946.700683,0.0,0.0,0.0,324.0,2292.800048,648.92,0.0,3642.139892,0.0,8.05
2026-06-22 12:00:00+00:00,7186.065429,0.0,0.0,0.0,385.52,2282.899902,671.12,0.0,3735.689941,0.0,10.35
2026-06-22 13:00:00+00:00,7079.806152,0.0,0.0,0.0,482.12,2271.199951,798.35,0.0,3247.229248,0.0,11.35
2026-06-22 14:00:00+00:00,6895.70166,0.0,0.0,0.0,697.2,2258.0,971.82,0.0,2870.398193,0.0,12.5
2026-06-22 15:00:00+00:00,7377.76123,0.0,0.0,0.0,921.05,2243.399902,998.85,0.0,2304.981933,0.0,15.699999
2026-06-22 16:00:00+00:00,7520.705566,0.0,0.0,0.0,2566.52,2227.600097,1393.12,0.0,1562.003662,0.0,16.549999
2026-06-22 17:00:00+00:00,7088.673339,0.0,0.0,0.0,4048.65,2210.699951,1875.58,0.0,872.748779,0.0,14.88
2026-06-22 18:00:00+00:00,7077.371093,0.0,0.0,0.0,4032.68,2193.100097,1980.32,0.0,266.04187,0.0,15.0
2026-06-22 19:00:00+00:00,6847.58496,0.0,0.0,0.0,4103.62,2174.800048,1942.7,0.0,11.273476,0.0,16.129999
2026-06-22 20:00:00+00:00,6608.069824,0.0,0.0,0.0,3851.55,2156.0,1888.78,0.0,0.0,0.0,15.3
2026-06-22 21:00:00+00:00,5954.388671,0.0,0.0,0.0,3573.12,2136.899902,1554.72,0.0,0.0,0.0,14.75
2026-06-22 22:00:00+00:00,6511.252441,0.0,0.0,0.0,2433.18,2432.699951,1382.48,0.0,0.0,0.0,15.0
2026-06-22 23:00:00+00:00,5893.815429,0.0,0.0,0.0,2229.05,2439.0,1304.5,0.0,0.0,0.0,14.479999
2026-06-23 00:00:00+00:00,5514.969238,0.0,0.0,0.0,1629.65,2444.5,1303.12,0.0,0.0,0.0,8.8
2026-06-23 01:00:00+00:00,5219.199707,0.0,0.0,0.0,1258.38,2449.199951,1296.18,0.0,0.0,0.0,8.329999
2026-06-23 02:00:00+00:00,5601.598144,0.0,0.0,0.0,1653.25,2453.0,1174.4,0.0,0.0,0.0,7.23
2026-06-23 03:00:00+00:00,6053.448242,0.0,0.0,0.0,1598.5,2455.899902,1195.52,0.0,12.54115,0.0,5.849999
2026-06-23 04:00:00+00:00,6910.204101,0.0,0.0,0.0,2598.5,2457.800048,1186.62,0.0,301.448577,0.0,5.05
2026-06-23 05:00:00+00:00,7823.124511,0.0,0.0,0.0,3003.8,2458.600097,1324.05,0.0,936.912048,0.0,4.849999
2026-06-23 06:00:00+00:00,7496.344726,0.0,0.0,0.0,2330.05,2458.199951,1092.42,0.0,1720.191528,0.0,5.599999
2026-06-23 07:00:00+00:00,7747.000976,0.0,0.0,0.0,1246.0,2456.600097,989.05,0.0,2501.335693,0.0,6.53
2026-06-23 08:00:00+00:00,7659.305664,0.0,0.0,0.0,564.18,2453.699951,517.22,0.0,3108.157958,0.0,7.55
2026-06-23 09:00:00+00:00,7662.388183,0.0,0.0,0.0,466.15,2449.5,455.32,0.0,3612.224121,0.0,8.729999
2026-06-23 10:00:00+00:00,7607.118652,0.0,0.0,0.0,477.98,2443.899902,448.0,0.0,3720.505126,0.0,10.05
2026-06-23 11:00:00+00:00,7405.587402,0.0,0.0,0.0,486.28,2436.699951,470.82,0.0,3967.735107,0.0,11.079999
2026-06-23 12:00:00+00:00,7275.940917,0.0,0.0,0.0,556.92,2428.199951,478.88,0.0,3690.35205,0.0,12.529999
2026-06-23 13:00:00+00:00,7093.750488,0.0,0.0,0.0,936.15,2418.399902,653.28,0.0,3451.629638,0.0,16.579999
2026-06-23 14:00:00+00:00,7240.970703,0.0,0.0,0.0,1499.08,2407.199951,964.68,0.0,3107.62915,0.0,18.6
2026-06-23 15:00:00+00:00,7407.256347,0.0,0.0,0.0,1194.25,2395.0,1199.18,0.0,2367.023437,0.0,15.35
2026-06-23 16:00:00+00:00,7347.853027,0.0,0.0,0.0,3744.42,2381.600097,1406.1,0.0,1532.155639,0.0,14.399999
2026-06-23 17:00:00+00:00,7530.398437,0.0,0.0,0.0,4207.98,2367.300048,1840.68,0.0,799.481384,0.0,13.199999
2026-06-23 18:00:00+00:00,7795.508789,0.0,0.0,0.0,4357.82,2352.100097,1949.05,0.0,279.315124,0.0,11.63
2026-06-23 19:00:00+00:00,6402.43457,0.0,0.0,0.0,4192.1,2336.0,1905.22,0.0,12.561487,0.0,13.75
2026-06-23 20:00:00+00:00,6659.160156,0.0,0.0,0.0,4309.4,2319.100097,1780.2,0.0,0.0,0.0,15.3
2026-06-23 21:00:00+00:00,6613.699707,0.0,0.0,0.0,4478.7,2301.600097,1627.5,0.0,0.0,0.0,13.85
2026-06-23 22:00:00+00:00,6274.032714,0.0,0.0,0.0,3719.3,2493.100097,1404.72,0.0,0.0,0.0,9.949999
2026-06-23 23:00:00+00:00,5659.398925,0.0,0.0,0.0,2805.4,2491.199951,1246.9,0.0,0.0,0.0,7.88
2026-06-24 00:00:00+00:00,5443.655761,0.0,0.0,0.0,2541.9,2488.300048,1215.72,0.0,0.0,0.0,5.949999
2026-06-24 01:00:00+00:00,5185.496093,0.0,0.0,0.0,1765.02,2484.199951,1173.7,0.0,0.0,0.0,7.05
2026-06-24 02:00:00+00:00,5282.306152,0.0,0.0,0.0,1657.28,2478.899902,1226.12,0.0,0.0,0.0,7.349999
2026-06-24 03:00:00+00:00,6285.634765,0.0,0.0,0.0,1744.7,2472.300048,1334.2,0.0,11.931039,0.0,7.599999
2026-06-24 04:00:00+00:00,6659.215332,0.0,0.0,0.0,2635.48,2464.300048,1382.45,0.0,294.398406,0.0,7.75
2026-06-24 05:00:00+00:00,7605.320312,0.0,0.0,0.0,3097.9,2454.899902,1395.95,0.0,916.893615,0.0,6.8
2026-06-24 06:00:00+00:00,7810.818359,0.0,0.0,0.0,1542.28,2443.800048,1182.12,0.0,1673.958862,0.0,6.53
2026-06-24 07:00:00+00:00,7246.388671,0.0,0.0,0.0,557.25,2431.199951,866.4,0.0,2507.436767,0.0,8.3
2026-06-24 08:00:00+00:00,7819.413574,0.0,0.0,0.0,485.1,2416.800048,641.5,0.0,3085.665283,0.0,11.55
2026-06-24 09:00:00+00:00,7632.6333,0.0,0.0,0.0,456.92,2400.699951,621.42,0.0,3629.679931,0.0,15.199999
2026-06-24 10:00:00+00:00,7745.452636,0.0,0.0,0.0,410.52,2382.699951,617.95,0.0,3727.772216,0.0,15.829999
2026-06-24 11:00:00+00:00,6726.492675,0.0,0.0,0.0,431.7,2362.699951,612.98,0.0,3799.07373,0.0,15.399999
2026-06-24 12:00:00+00:00,7233.704589,0.0,0.0,0.0,427.98,2341.0,532.28,0.0,3648.173095,0.0,16.2
2026-06-24 13:00:00+00:00,6871.071289,0.0,0.0,0.0,606.55,2317.699951,544.8,0.0,3340.894531,0.0,18.899999
2026-06-24 14:00:00+00:00,6668.216796,0.0,0.0,0.0,649.02,2292.899902,800.62,0.0,2961.25708,0.0,20.43
2026-06-24 15:00:00+00:00,7131.046386,0.0,0.0,0.0,999.8,2266.800048,1238.98,0.0,2327.095214,0.0,19.95
2026-06-24 16:00:00+00:00,7012.448242,0.0,0.0,0.0,3270.9,2239.600097,1505.08,0.0,1533.104736,0.0,18.2
2026-06-24 17:00:00+00:00,7333.852539,0.0,0.0,0.0,3892.7,2211.5,1905.85,0.0,830.529174,0.0,16.479999
2026-06-24 18:00:00+00:00,6673.6958,0.0,0.0,0.0,3838.25,2182.5,1951.32,0.0,271.146453,0.0,16.03
2026-06-24 19:00:00+00:00,6648.624511,0.0,0.0,0.0,3579.72,2153.0,1836.08,0.0,11.931039,0.0,17.129999
2026-06-24 20:00:00+00:00,6669.544433,0.0,0.0,0.0,3476.75,2123.0,1829.12,0.0,0.0,0.0,17.729999
2026-06-24 21:00:00+00:00,6779.599609,0.0,0.0,0.0,3169.6,2092.699951,1554.55,0.0,0.0,0.0,15.199999
2026-06-24 22:00:00+00:00,6157.099121,0.0,0.0,0.0,2991.68,2498.300048,1427.9,0.0,0.0,0.0,10.75
2026-06-24 23:00:00+00:00,6303.422851,0.0,0.0,0.0,2107.4,2504.199951,1302.7,0.0,0.0,0.0,10.1
2026-06-25 00:00:00+00:00,5888.028808,0.0,0.0,0.0,2679.2,2509.100097,1266.12,0.0,0.0,0.0,6.78
2026-06-25 01:00:00+00:00,5690.599121,0.0,0.0,0.0,2037.32,2512.5,1253.62,0.0,0.0,0.0,7.9
2026-06-25 02:00:00+00:00,5916.611328,0.0,0.0,0.0,2274.25,2514.399902,1254.32,0.0,0.0,0.0,7.829999
2026-06-25 03:00:00+00:00,6132.934082,0.0,0.0,0.0,2312.12,2514.699951,1261.72,0.0,12.154747,0.0,8.279999
2026-06-25 04:00:00+00:00,6366.599609,0.0,0.0,0.0,3109.2,2513.0,1296.4,0.0,293.008728,0.0,9.829999
2026-06-25 05:00:00+00:00,7540.729003,0.0,0.0,0.0,2060.35,2509.199951,1297.32,0.0,921.028808,0.0,10.5
2026-06-25 06:00:00+00:00,6755.34082,0.0,0.0,0.0,1514.08,2503.100097,1153.05,0.0,1697.075195,0.0,8.399999
2026-06-25 07:00:00+00:00,7402.106445,0.0,0.0,0.0,928.55,2494.5,743.02,0.0,2562.461914,0.0,8.029999
2026-06-25 08:00:00+00:00,7172.983886,0.0,0.0,0.0,540.48,2483.300048,589.7,0.0,3215.028808,0.0,9.449999
2026-06-25 09:00:00+00:00,7546.120605,0.0,0.0,0.0,285.32,2469.199951,556.62,0.0,3558.500488,0.0,12.899999
2026-06-25 10:00:00+00:00,7072.037597,0.0,0.0,0.0,261.88,2452.100097,572.28,0.0,3829.0708,0.0,14.529999
2026-06-25 11:00:00+00:00,8258.891601,0.0,0.0,0.0,399.02,2431.899902,599.98,0.0,3967.836914,0.0,12.35
2026-06-25 12:00:00+00:00,7896.256835,0.0,0.0,0.0,319.78,2408.600097,485.68,0.0,3659.968505,0.0,9.729999
2026-06-25 13:00:00+00:00,6831.803222,0.0,0.0,0.0,456.8,2382.600097,563.98,0.0,3179.303466,0.0,8.899999
2026-06-25 14:00:00+00:00,7095.016601,0.0,0.0,0.0,492.72,2354.100097,680.45,0.0,2547.432861,0.0,8.699999
2026-06-25 15:00:00+00:00,7936.120605,0.0,0.0,0.0,766.28,2323.300048,960.08,0.0,2040.29602,0.0,8.029999
2026-06-25 16:00:00+00:00,7044.35498,0.0,0.0,0.0,1345.45,2290.5,1390.05,0.0,1348.13977,0.0,7.13
2026-06-25 17:00:00+00:00,7156.685546,0.0,0.0,0.0,3337.45,2255.800048,1807.8,0.0,702.71112,0.0,5.949999
2026-06-25 18:00:00+00:00,6983.046875,0.0,0.0,0.0,3545.32,2219.5,1763.1,0.0,247.86058,0.0,4.449999
2026-06-25 19:00:00+00:00,7130.356445,0.0,0.0,0.0,3543.35,2181.899902,1743.78,0.0,12.202199,0.0,5.13
2026-06-25 20:00:00+00:00,7612.158691,0.0,0.0,0.0,3030.32,2143.199951,1594.3,0.0,0.0,0.0,6.3
2026-06-25 21:00:00+00:00,6770.74121,0.0,0.0,0.0,1574.38,2103.699951,1176.08,0.0,0.0,0.0,5.25
2026-06-25 22:00:00+00:00,6653.062988,0.0,0.0,0.0,1381.1,2712.100097,1350.78,0.0,0.0,0.0,3.0
2026-06-25 23:00:00+00:00,6094.333984,0.0,0.0,0.0,769.82,2715.600097,884.25,0.0,0.0,0.0,2.2
2026-06-26 00:00:00+00:00,5863.445312,0.0,0.0,0.0,478.58,2716.899902,883.12,0.0,0.0,0.0,2.549999
2026-06-26 01:00:00+00:00,5912.264648,0.0,0.0,0.0,455.02,2716.0,901.82,0.0,0.0,0.0,2.38
2026-06-26 02:00:00+00:00,5630.742675,0.0,0.0,0.0,418.58,2712.600097,896.42,0.0,0.0,0.0,4.65
2026-06-26 03:00:00+00:00,6475.93457,0.0,0.0,0.0,820.9,2706.5,1028.08,0.0,10.968421,0.0,6.5
2026-06-26 04:00:00+00:00,6993.269531,0.0,0.0,0.0,1376.98,2697.5,1314.75,0.0,257.588439,0.0,7.5
2026-06-26 05:00:00+00:00,7252.1958,0.0,0.0,0.0,1101.9,2685.399902,1188.2,0.0,820.970825,0.0,7.4
2026-06-26 06:00:00+00:00,8063.449218,0.0,0.0,0.0,448.78,2670.0,876.62,0.0,1601.199829,0.0,5.9
2026-06-26 07:00:00+00:00,7693.887207,0.0,0.0,0.0,314.8,2651.100097,670.2,0.0,2416.123779,0.0,4.3
2026-06-26 08:00:00+00:00,7037.190429,0.0,0.0,0.0,236.72,2628.5,622.28,0.0,3120.665283,0.0,3.95
2026-06-26 09:00:00+00:00,6994.621093,0.0,0.0,0.0,167.25,2602.100097,643.0,0.0,3677.743164,0.0,5.0
2026-06-26 10:00:00+00:00,6870.44873,0.0,0.0,0.0,150.45,2571.600097,588.18,0.0,3828.968994,0.0,5.579999
2026-06-26 11:00:00+00:00,6832.551269,0.0,0.0,0.0,178.8,2536.899902,624.08,0.0,3934.294433,0.0,5.53
2026-06-26 12:00:00+00:00,6794.497558,0.0,0.0,0.0,303.72,2498.399902,590.45,0.0,3682.10205,0.0,5.5
2026-06-26 13:00:00+00:00,6734.116699,0.0,0.0,0.0,160.35,2456.300048,567.65,0.0,3244.822509,0.0,5.03
2026-06-26 14:00:00+00:00,6731.5708,0.0,0.0,0.0,362.05,2411.0,769.62,0.0,2756.53125,0.0,4.8
2026-06-26 15:00:00+00:00,6763.970703,0.0,0.0,0.0,760.25,2362.899902,1011.92,0.0,1998.245849,0.0,4.8
2026-06-26 16:00:00+00:00,6753.790527,0.0,0.0,0.0,1672.22,2312.399902,1574.88,0.0,1364.036499,0.0,6.9
2026-06-26 17:00:00+00:00,7036.550292,0.0,0.0,0.0,3649.25,2259.899902,1991.0,0.0,759.48529,0.0,8.729999
2026-06-26 18:00:00+00:00,7001.96875,0.0,0.0,0.0,4009.0,2205.699951,2196.78,0.0,268.719573,0.0,8.13
2026-06-26 19:00:00+00:00,7559.539062,0.0,0.0,0.0,3794.1,2150.100097,2039.28,0.0,12.900437,0.0,7.65
2026-06-26 20:00:00+00:00,6859.359863,0.0,0.0,0.0,3570.25,2093.600097,1770.88,0.0,0.0,0.0,5.98
2026-06-26 21:00:00+00:00,6558.6875,0.0,0.0,0.0,2283.12,2036.5,1429.7,0.0,0.0,0.0,4.849999
2026-06-26 22:00:00+00:00,6458.816406,0.0,0.0,0.0,1772.25,1907.699951,1407.0,0.0,0.0,0.0,8.55
2026-06-26 23:00:00+00:00,7099.357421,0.0,0.0,0.0,1240.05,1899.180053,956.0,0.0,0.0,0.0,8.729999
2026-06-27 00:00:00+00:00,5895.703613,0.0,0.0,0.0,1053.58,1891.050048,829.8,0.0,0.0,0.0,8.8
2026-06-27 01:00:00+00:00,6179.461914,0.0,0.0,0.0,1100.68,1883.380004,781.9,0.0,0.0,0.0,9.399999
2026-06-27 02:00:00+00:00,6312.25,0.0,0.0,0.0,719.92,1876.0,820.85,0.0,0.0,0.0,10.0
2026-06-27 03:00:00+00:00,5628.580566,0.0,0.0,0.0,633.6,1868.97998,799.95,0.0,11.11756,0.0,2.599999
2026-06-27 04:00:00+00:00,7402.99414,0.0,0.0,0.0,469.22,2087.100097,791.22,0.0,273.824157,0.0,3.349999
2026-06-27 05:00:00+00:00,6493.502441,0.0,0.0,0.0,442.85,2063.629882,807.15,0.0,872.321716,0.0,4.579999
2026-06-27 06:00:00+00:00,7156.15332,0.0,0.0,0.0,288.92,2040.780029,881.3,0.0,1675.260375,0.0,4.849999
2026-06-27 07:00:00+00:00,6958.158203,0.0,0.0,0.0,219.02,2018.630004,697.55,0.0,2419.885986,0.0,4.48
2026-06-27 08:00:00+00:00,7058.944824,0.0,0.0,0.0,139.92,2099.649902,631.58,0.0,3084.1604,0.0,3.95
2026-06-27 09:00:00+00:00,7372.79248,0.0,0.0,0.0,123.55,2081.929931,682.88,0.0,3534.963867,0.0,3.529999
2026-06-27 10:00:00+00:00,7884.937988,0.0,0.0,0.0,100.6,2064.780029,666.3,0.0,3667.561035,0.0,4.4
2026-06-27 11:00:00+00:00,7873.942871,0.0,0.0,0.0,107.98,2048.179931,719.2,0.0,3765.124511,0.0,6.4
2026-06-27 12:00:00+00:00,7722.424316,0.0,0.0,0.0,146.72,2048.780029,631.68,0.0,3494.947265,0.0,6.829999
2026-06-27 13:00:00+00:00,7713.572753,0.0,0.0,0.0,119.55,2033.329956,668.15,0.0,3156.187255,0.0,5.88
2026-06-27 14:00:00+00:00,7758.521484,0.0,0.0,0.0,220.5,2018.530029,657.35,0.0,2739.156738,0.0,6.9
2026-06-27 15:00:00+00:00,7925.43164,0.0,0.0,0.0,518.7,2004.380004,789.55,0.0,2102.357666,0.0,7.28
2026-06-27 16:00:00+00:00,7804.507812,0.0,0.0,0.0,2304.1,1990.800048,1283.22,0.0,1441.588256,0.0,6.55
2026-06-27 17:00:00+00:00,7149.593261,0.0,0.0,0.0,3888.48,1977.900024,1760.85,0.0,823.343444,0.0,4.579999
2026-06-27 18:00:00+00:00,7389.938964,0.0,0.0,0.0,3896.05,1965.630004,2055.82,0.0,283.565582,0.0,5.5
2026-06-27 19:00:00+00:00,7063.476562,0.0,0.0,0.0,3803.52,1954.030029,2037.82,0.0,12.846204,0.0,10.529999
2026-06-27 20:00:00+00:00,7140.957031,0.0,0.0,0.0,3488.02,1943.0,1868.05,0.0,0.0,0.0,16.78
2026-06-27 21:00:00+00:00,7078.483886,0.0,0.0,0.0,1992.72,1932.680053,1330.55,0.0,0.0,0.0,18.329999
2026-06-27 22:00:00+00:00,7036.057617,0.0,0.0,0.0,702.38,2576.399902,930.85,0.0,0.0,0.0,20.68
2026-06-27 23:00:00+00:00,6947.433105,0.0,0.0,0.0,630.82,2576.5,818.8,0.0,0.0,0.0,22.6
2026-06-28 00:00:00+00:00,7063.726562,0.0,0.0,0.0,437.75,2575.300048,792.5,0.0,0.0,0.0,24.5
2026-06-28 01:00:00+00:00,5497.832031,0.0,0.0,0.0,396.35,2572.600097,779.82,0.0,0.0,0.0,28.68
2026-06-28 02:00:00+00:00,4635.30371,0.0,0.0,0.0,347.25,2568.399902,788.02,0.0,0.0,0.0,29.549999
2026-06-28 03:00:00+00:00,5927.589843,0.0,0.0,0.0,380.0,2562.300048,785.95,0.0,10.134605,0.0,28.129999
2026-06-28 04:00:00+00:00,5828.583007,0.0,0.0,0.0,391.65,2554.300048,836.38,0.0,282.955474,0.0,25.299999
2026-06-28 05:00:00+00:00,7004.534179,0.0,0.0,0.0,197.45,2544.199951,750.95,0.0,878.185546,0.0,21.5
2026-06-28 06:00:00+00:00,7023.814453,0.0,0.0,0.0,130.62,2531.800048,733.1,0.0,1655.079345,0.0,15.75
2026-06-28 07:00:00+00:00,6360.062988,0.0,0.0,0.0,137.8,2516.899902,670.42,0.0,2411.005615,0.0,11.079999
2026-06-28 08:00:00+00:00,6036.330078,0.0,0.0,0.0,120.05,2499.5,624.18,0.0,3111.188232,0.0,12.329999
2026-06-28 09:00:00+00:00,6007.28125,0.0,0.0,0.0,95.9,2479.300048,629.55,0.0,3555.910888,0.0,17.329999
2026-06-28 10:00:00+00:00,7540.487792,0.0,0.0,0.0,95.1,2456.300048,712.02,0.0,3800.429443,0.0,15.68
2026-06-28 11:00:00+00:00,7167.226074,0.0,0.0,0.0,94.68,2430.199951,612.08,0.0,3696.880126,0.0,8.529999
2026-06-28 12:00:00+00:00,7162.144531,0.0,0.0,0.0,82.62,2401.300048,631.6,0.0,3333.356201,0.0,5.9
2026-06-28 13:00:00+00:00,7382.60791,0.0,0.0,0.0,87.85,2369.899902,631.85,0.0,2831.283203,0.0,4.73
2026-06-28 14:00:00+00:00,7424.952148,0.0,0.0,0.0,137.0,2336.199951,710.6,0.0,2673.793457,0.0,4.199999
2026-06-28 15:00:00+00:00,7343.588867,0.0,0.0,0.0,237.2,2300.600097,893.15,0.0,2150.570068,0.0,4.38
2026-06-28 16:00:00+00:00,6514.096679,0.0,0.0,0.0,630.88,2263.300048,1200.5,0.0,1454.658203,0.0,4.25
2026-06-28 17:00:00+00:00,6173.235351,0.0,0.0,0.0,1211.78,2224.5,1206.35,0.0,759.810668,0.0,6.079999
2026-06-28 18:00:00+00:00,6151.664062,0.0,0.0,0.0,2576.5,2184.699951,1535.22,0.0,248.843536,0.0,9.449999
2026-06-28 19:00:00+00:00,6459.500976,0.0,0.0,0.0,3377.35,2143.899902,1681.78,0.0,12.527591,0.0,10.63
2026-06-28 20:00:00+00:00,6383.431152,0.0,0.0,0.0,3316.92,2102.5,1637.62,0.0,0.0,0.0,8.779999
2026-06-28 21:00:00+00:00,5907.859375,0.0,0.0,0.0,2608.6,2060.899902,1412.22,0.0,0.0,0.0,6.9
2026-06-28 22:00:00+00:00,6825.443359,0.0,0.0,0.0,828.08,2511.0,1036.0,0.0,0.0,0.0,6.28
2026-06-28 23:00:00+00:00,5428.502441,0.0,0.0,0.0,650.8,2509.800048,824.52,0.0,0.0,0.0,8.6
2026-06-29 00:00:00+00:00,5220.237304,0.0,0.0,0.0,728.38,2507.600097,797.5,0.0,0.0,0.0,24.879999
2026-06-29 01:00:00+00:00,5397.031738,0.0,0.0,0.0,670.22,2504.199951,809.52,0.0,0.0,0.0,25.28
2026-06-29 02:00:00+00:00,5630.189453,0.0,0.0,0.0,747.9,2499.600097,978.65,0.0,0.0,0.0,9.899999
2026-06-29 03:00:00+00:00,6070.286132,0.0,0.0,0.0,1017.8,2493.600097,1030.58,0.0,8.60933,0.0,9.279999
2026-06-29 04:00:00+00:00,6687.423339,0.0,0.0,0.0,2554.75,2486.100097,1303.72,0.0,263.892913,0.0,7.63
2026-06-29 05:00:00+00:00,7503.387207,0.0,0.0,0.0,2861.02,2477.0,1508.22,0.0,863.936096,0.0,6.3
2026-06-29 06:00:00+00:00,7438.32666,0.0,0.0,0.0,3137.68,2466.100097,1538.92,0.0,1644.504028,0.0,5.05
2026-06-29 07:00:00+00:00,7150.251464,0.0,0.0,0.0,1911.38,2453.399902,1260.98,0.0,2458.797607,0.0,4.9
2026-06-29 08:00:00+00:00,7485.992187,0.0,0.0,0.0,503.65,2438.800048,707.02,0.0,3064.704589,0.0,7.65
2026-06-29 09:00:00+00:00,8086.506347,0.0,0.0,0.0,312.32,2422.100097,640.12,0.0,3577.00708,0.0,10.63
2026-06-29 10:00:00+00:00,7424.970214,0.0,0.0,0.0,317.12,2403.100097,610.18,0.0,3812.509521,0.0,13.6
2026-06-29 11:00:00+00:00,7453.007812,0.0,0.0,0.0,241.6,2381.899902,566.02,0.0,3788.193359,0.0,14.149999
2026-06-29 12:00:00+00:00,7020.077636,0.0,0.0,0.0,234.42,2358.600097,588.55,0.0,3360.811279,0.0,12.149999
2026-06-29 13:00:00+00:00,6774.516113,0.0,0.0,0.0,287.82,2333.399902,636.48,0.0,2870.791259,0.0,10.8
2026-06-29 14:00:00+00:00,6900.510742,0.0,0.0,0.0,355.28,2306.600097,805.1,0.0,2396.227294,0.0,8.55
2026-06-29 15:00:00+00:00,7391.970214,0.0,0.0,0.0,742.0,2278.199951,939.22,0.0,1686.737182,0.0,9.05
2026-06-29 16:00:00+00:00,6948.208496,0.0,0.0,0.0,2085.05,2248.600097,1542.82,0.0,1152.430053,0.0,10.6
2026-06-29 17:00:00+00:00,7694.546386,0.0,0.0,0.0,4124.9,2217.899902,1974.2,0.0,623.484985,0.0,10.529999
2026-06-29 18:00:00+00:00,7351.286132,0.0,0.0,0.0,4113.6,2186.300048,2197.38,0.0,204.115692,0.0,8.449999
2026-06-29 19:00:00+00:00,6467.556152,0.0,0.0,0.0,3790.3,2154.100097,2082.4,0.0,9.829549,0.0,10.579999
2026-06-29 20:00:00+00:00,6590.126464,0.0,0.0,0.0,3792.58,2121.5,2039.32,0.0,0.0,0.0,10.25
2026-06-29 21:00:00+00:00,6482.964355,0.0,0.0,0.0,3725.6,2088.699951,1646.25,0.0,0.0,0.0,9.35
2026-06-29 22:00:00+00:00,5942.865234,0.0,0.0,0.0,2896.78,2347.780029,1575.08,0.0,0.0,0.0,9.18
2026-06-29 23:00:00+00:00,6060.409179,0.0,0.0,0.0,2221.1,2344.550048,1285.8,0.0,0.0,0.0,6.349999
2026-06-30 00:00:00+00:00,6142.427734,0.0,0.0,0.0,1867.18,2342.429931,1200.92,0.0,0.0,0.0,14.8
2026-06-30 01:00:00+00:00,5156.100097,0.0,0.0,0.0,1848.02,2341.530029,1311.72,0.0,0.0,0.0,14.55
2026-06-30 02:00:00+00:00,5829.582519,0.0,0.0,0.0,1564.18,2341.929931,1307.65,0.0,0.0,0.0,9.449999
2026-06-30 03:00:00+00:00,6103.449218,0.0,0.0,0.0,1730.22,2343.800048,1284.48,0.0,8.8127,0.0,8.079999
2026-06-30 04:00:00+00:00,6476.292968,0.0,0.0,0.0,2901.85,2347.22998,1616.65,0.0,270.65158,0.0,7.8
2026-06-30 05:00:00+00:00,7122.300781,0.0,0.0,0.0,2985.9,2352.300048,1523.7,0.0,881.595397,0.0,6.429999
2026-06-30 06:00:00+00:00,7045.899902,0.0,0.0,0.0,1326.35,2359.280029,1103.62,0.0,1642.131347,0.0,4.949999
2026-06-30 07:00:00+00:00,6775.717773,0.0,0.0,0.0,587.02,2368.080078,939.35,0.0,2408.917724,0.0,5.079999
2026-06-30 08:00:00+00:00,7261.592773,0.0,0.0,0.0,434.78,2378.949951,766.1,0.0,3032.517822,0.0,6.8
2026-06-30 09:00:00+00:00,7751.638671,0.0,0.0,0.0,322.75,2391.949951,798.95,0.0,3363.943115,0.0,6.929999
2026-06-30 10:00:00+00:00,7043.396484,0.0,0.0,0.0,262.82,2407.25,691.78,0.0,3681.83081,0.0,7.48
2026-06-30 11:00:00+00:00,6998.404785,0.0,0.0,0.0,338.6,2424.800048,712.18,0.0,3695.388916,0.0,8.25
2026-06-30 12:00:00+00:00,6714.371582,0.0,0.0,0.0,469.05,2444.399902,864.9,0.0,3522.707275,0.0,9.079999
2026-06-30 13:00:00+00:00,6456.615234,0.0,0.0,0.0,671.78,2465.879882,797.72,0.0,3153.828125,0.0,8.329999
2026-06-30 14:00:00+00:00,6708.450683,0.0,0.0,0.0,1781.68,2489.030029,1217.82,0.0,2734.682373,0.0,7.05
2026-06-30 15:00:00+00:00,7151.879882,0.0,0.0,0.0,2923.35,2513.629882,1557.9,0.0,2144.401123,0.0,7.13
2026-06-30 16:00:00+00:00,7408.416992,0.0,0.0,0.0,3297.0,2539.530029,1710.95,0.0,1441.439086,0.0,6.349999
2026-06-30 17:00:00+00:00,7378.27246,0.0,0.0,0.0,3874.72,2566.429931,1886.72,0.0,718.763793,0.0,6.0
2026-06-30 18:00:00+00:00,6701.285156,0.0,0.0,0.0,3774.82,2594.22998,2086.02,0.0,237.264999,0.0,6.849999
2026-06-30 19:00:00+00:00,6537.706054,0.0,0.0,0.0,3013.42,2622.699951,2074.38,0.0,10.77861,0.0,7.15
2026-06-30 20:00:00+00:00,7498.43457,0.0,0.0,0.0,2923.48,2651.600097,2057.28,0.0,0.0,0.0,7.099999
2026-06-30 21:00:00+00:00,5985.373046,0.0,0.0,0.0,2900.35,2680.780029,1639.95,0.0,0.0,0.0,7.78
2026-06-30 22:00:00+00:00,6019.388671,0.0,0.0,0.0,2876.05,2870.600097,1483.48,0.0,0.0,0.0,7.73
2026-06-30 23:00:00+00:00,6036.426269,0.0,0.0,0.0,2659.05,2891.5,1353.82,0.0,0.0,0.0,7.73
2026-07-01 00:00:00+00:00,5786.6958,0.0,0.0,0.0,1746.6,2910.399902,1310.72,0.0,0.0,0.0,5.15
2026-07-01 01:00:00+00:00,5962.580566,0.0,0.0,0.0,1575.02,2926.899902,1309.28,0.0,0.0,0.0,5.5
2026-07-01 02:00:00+00:00,5597.987304,0.0,0.0,0.0,1583.78,2940.699951,1370.98,0.0,0.0,0.0,5.75
2026-07-01 03:00:00+00:00,6042.550781,0.0,0.0,0.0,1872.78,2951.5,1419.18,0.0,6.358655,0.0,4.25
2026-07-01 04:00:00+00:00,6612.839843,0.0,0.0,0.0,2696.1,2959.0,1436.25,0.0,196.069976,0.0,5.599999
2026-07-01 05:00:00+00:00,7276.919433,0.0,0.0,0.0,2832.92,2962.800048,1576.82,0.0,504.978698,0.0,14.35
2026-07-01 06:00:00+00:00,7974.710449,0.0,0.0,0.0,2815.55,2962.699951,1556.88,0.0,818.539916,0.0,19.229999
2026-07-01 07:00:00+00:00,7165.569335,0.0,0.0,0.0,1604.18,2958.300048,1264.82,0.0,1536.307495,0.0,17.129999
2026-07-01 08:00:00+00:00,7675.328613,0.0,0.0,0.0,976.22,2949.199951,1163.28,0.0,1595.919921,0.0,16.079999
2026-07-01 09:00:00+00:00,7388.248535,0.0,0.0,0.0,1163.92,2935.300048,1243.15,0.0,1931.256713,0.0,10.729999
2026-07-01 10:00:00+00:00,7019.65625,0.0,0.0,0.0,750.75,2916.100097,853.18,0.0,2605.16455,0.0,9.68
2026-07-01 11:00:00+00:00,6843.699707,0.0,0.0,0.0,232.8,2891.5,655.68,0.0,3143.971679,0.0,10.75
2026-07-01 12:00:00+00:00,6730.45166,0.0,0.0,0.0,261.12,2861.699951,717.65,0.0,3234.863525,0.0,13.6
2026-07-01 13:00:00+00:00,6817.056152,0.0,0.0,0.0,295.88,2827.300048,839.45,0.0,2823.935302,0.0,16.43
2026-07-01 14:00:00+00:00,6785.660156,0.0,0.0,0.0,375.15,2788.699951,840.92,0.0,2477.943603,0.0,17.299999
2026-07-01 15:00:00+00:00,7207.657226,0.0,0.0,0.0,637.18,2746.199951,912.08,0.0,2140.496337,0.0,21.45
2026-07-01 16:00:00+00:00,7340.267089,0.0,0.0,0.0,1014.92,2700.5,1000.48,0.0,1559.720703,0.0,23.399999
2026-07-01 17:00:00+00:00,7404.566894,0.0,0.0,0.0,1872.38,2651.800048,1447.25,0.0,839.815368,0.0,16.78
2026-07-01 18:00:00+00:00,6425.023925,0.0,0.0,0.0,2426.4,2600.699951,1946.35,0.0,263.754028,0.0,14.949999
2026-07-01 19:00:00+00:00,6738.536132,0.0,0.0,0.0,2452.68,2547.600097,1888.15,0.0,12.367859,0.0,21.03
2026-07-01 20:00:00+00:00,6583.337402,0.0,0.0,0.0,2409.3,2492.899902,1493.18,0.0,0.0,0.0,21.899999
2026-07-01 21:00:00+00:00,6003.02832,0.0,0.0,0.0,1578.7,2437.100097,982.32,0.0,0.0,0.0,19.2
2026-07-01 22:00:00+00:00,6079.265136,0.0,0.0,0.0,1553.2,2680.300048,1372.42,0.0,0.0,0.0,16.799999
2026-07-01 23:00:00+00:00,5666.866699,0.0,0.0,0.0,1066.82,2649.100097,1188.52,0.0,0.0,0.0,15.1
2026-07-02 00:00:00+00:00,6144.021484,0.0,0.0,0.0,508.18,2617.300048,938.38,0.0,0.0,0.0,11.899999
2026-07-02 01:00:00+00:00,5125.1333,0.0,0.0,0.0,381.0,2584.800048,844.45,0.0,0.0,0.0,10.3
2026-07-02 02:00:00+00:00,6508.21875,0.0,0.0,0.0,243.68,2552.0,808.05,0.0,0.0,0.0,9.079999
2026-07-02 03:00:00+00:00,5811.556152,0.0,0.0,0.0,255.62,2519.100097,759.02,0.0,7.50294,0.0,9.229999
2026-07-02 04:00:00+00:00,5562.740234,0.0,0.0,0.0,364.8,2486.199951,797.85,0.0,269.269897,0.0,9.829999
2026-07-02 05:00:00+00:00,6782.282226,0.0,0.0,0.0,411.88,2453.600097,718.78,0.0,909.774291,0.0,9.5
2026-07-02 06:00:00+00:00,7237.076171,0.0,0.0,0.0,402.6,2421.399902,623.58,0.0,1751.782348,0.0,9.8
2026-07-02 07:00:00+00:00,7329.260742,0.0,0.0,0.0,276.58,2389.800048,532.1,0.0,2603.232421,0.0,10.25
2026-07-02 08:00:00+00:00,8456.358398,0.0,0.0,0.0,163.1,2359.100097,601.18,0.0,3319.828369,0.0,9.949999
2026-07-02 09:00:00+00:00,7350.236328,0.0,0.0,0.0,145.9,2329.399902,621.42,0.0,3828.644042,0.0,9.949999
2026-07-02 10:00:00+00:00,7639.07666,0.0,0.0,0.0,177.72,2300.899902,582.32,0.0,3919.652343,0.0,11.3
2026-07-02 11:00:00+00:00,6020.686035,0.0,0.0,0.0,177.0,2273.800048,541.52,0.0,3966.095214,0.0,13.0
2026-07-02 12:00:00+00:00,7012.270019,0.0,0.0,0.0,149.88,2248.0,520.88,0.0,3766.921142,0.0,14.699999
2026-07-02 13:00:00+00:00,6551.070312,0.0,0.0,0.0,198.7,2223.699951,520.42,0.0,3587.864746,0.0,14.479999
2026-07-02 14:00:00+00:00,6888.019531,0.0,0.0,0.0,239.02,2200.699951,572.32,0.0,3144.266357,0.0,15.25
2026-07-02 15:00:00+00:00,7128.05957,0.0,0.0,0.0,356.25,2179.0,687.12,0.0,2470.440673,0.0,16.7
2026-07-02 16:00:00+00:00,7715.065429,0.0,0.0,0.0,465.8,2158.699951,629.5,0.0,1718.8927,0.0,17.75
2026-07-02 17:00:00+00:00,7404.645996,0.0,0.0,0.0,793.48,2139.699951,793.78,0.0,921.85437,0.0,19.149999
2026-07-02 18:00:00+00:00,7679.027343,0.0,0.0,0.0,1585.62,2121.899902,1063.95,0.0,303.084503,0.0,20.1
2026-07-02 19:00:00+00:00,6895.596679,0.0,0.0,0.0,1919.15,2105.5,1117.25,0.0,12.504899,0.0,21.03
2026-07-02 20:00:00+00:00,6636.527832,0.0,0.0,0.0,2128.45,2090.199951,1488.92,0.0,0.0,0.0,21.25
2026-07-02 21:00:00+00:00,5638.430664,0.0,0.0,0.0,1910.2,2076.300048,1076.78,0.0,0.0,0.0,18.829999
2026-07-02 22:00:00+00:00,6150.501464,0.0,0.0,0.0,884.82,2095.800048,658.88,0.0,0.0,0.0,19.229999
2026-07-02 23:00:00+00:00,5175.659667,0.0,0.0,0.0,748.65,2089.199951,595.02,0.0,0.0,0.0,15.899999
2026-07-03 00:00:00+00:00,5845.893066,0.0,0.0,0.0,773.8,2083.699951,609.48,0.0,0.0,0.0,12.279999
2026-07-03 01:00:00+00:00,5632.915039,0.0,0.0,0.0,644.4,2079.199951,577.38,0.0,0.0,0.0,8.75
2026-07-03 02:00:00+00:00,6125.561523,0.0,0.0,0.0,711.15,2075.5,570.6,0.0,0.0,0.0,7.4
2026-07-03 03:00:00+00:00,4825.940917,0.0,0.0,0.0,1019.45,2072.800048,619.15,0.0,4.679915,0.0,6.9
2026-07-03 04:00:00+00:00,5527.617187,0.0,0.0,0.0,1609.58,2070.800048,586.42,0.0,195.302551,0.0,8.18
2026-07-03 05:00:00+00:00,7361.412597,0.0,0.0,0.0,1269.72,2069.5,668.48,0.0,644.567626,0.0,13.55
2026-07-03 06:00:00+00:00,7600.578613,0.0,0.0,0.0,566.92,2068.899902,628.92,0.0,1192.474121,0.0,14.579999
2026-07-03 07:00:00+00:00,7564.522949,0.0,0.0,0.0,163.92,2068.899902,570.75,0.0,1860.626342,0.0,11.43
2026-07-03 08:00:00+00:00,8346.492187,0.0,0.0,0.0,128.02,2069.399902,488.2,0.0,2557.543212,0.0,10.449999
2026-07-03 09:00:00+00:00,6895.064453,0.0,0.0,0.0,150.18,2070.399902,512.3,0.0,3066.187744,0.0,10.829999
2026-07-03 10:00:00+00:00,7877.217773,0.0,0.0,0.0,204.78,2071.699951,520.25,0.0,3499.645263,0.0,12.88
2026-07-03 11:00:00+00:00,7189.208007,0.0,0.0,0.0,173.55,2073.399902,553.2,0.0,3493.581298,0.0,15.88
2026-07-03 12:00:00+00:00,6438.032226,0.0,0.0,0.0,158.28,2075.300048,546.1,0.0,3567.28833,0.0,18.43
2026-07-03 13:00:00+00:00,6579.008789,0.0,0.0,0.0,163.65,2077.5,574.05,0.0,3274.125488,0.0,19.03
2026-07-03 14:00:00+00:00,7195.216308,0.0,0.0,0.0,187.6,2080.0,583.98,0.0,3057.362304,0.0,17.979999
2026-07-03 15:00:00+00:00,6729.845703,0.0,0.0,0.0,254.3,2082.699951,639.9,0.0,2381.981201,0.0,17.079999
2026-07-03 16:00:00+00:00,7434.942871,0.0,0.0,0.0,441.02,2085.600097,649.75,0.0,1717.371582,0.0,16.049999
2026-07-03 17:00:00+00:00,7451.349121,0.0,0.0,0.0,1394.38,2088.600097,1152.65,0.0,839.952392,0.0,15.579999
2026-07-03 18:00:00+00:00,6765.162109,0.0,0.0,0.0,1970.25,2091.800048,1538.6,0.0,265.364257,0.0,17.079999
2026-07-03 19:00:00+00:00,6457.774902,0.0,0.0,0.0,2114.65,2095.0,1657.28,0.0,11.100239,0.0,18.149999
2026-07-03 20:00:00+00:00,6251.737304,0.0,0.0,0.0,2376.52,2098.399902,1635.32,0.0,0.0,0.0,16.879999
2026-07-03 21:00:00+00:00,5592.681152,0.0,0.0,0.0,2222.68,2101.800048,1394.42,0.0,0.0,0.0,16.68
2026-07-03 22:00:00+00:00,6225.456054,0.0,0.0,0.0,1563.7,2056.050048,1084.65,0.0,0.0,0.0,18.85
2026-07-03 23:00:00+00:00,6503.096191,0.0,0.0,0.0,1385.65,2053.179931,920.38,0.0,0.0,0.0,21.25
2026-07-04 00:00:00+00:00,5489.226562,0.0,0.0,0.0,968.8,2050.179931,697.02,0.0,0.0,0.0,13.3
2026-07-04 01:00:00+00:00,5895.284179,0.0,0.0,0.0,643.28,2047.079956,559.52,0.0,0.0,0.0,14.279999
2026-07-04 02:00:00+00:00,5567.164062,0.0,0.0,0.0,610.72,2043.829956,564.4,0.0,0.0,0.0,16.28
2026-07-04 03:00:00+00:00,5644.123535,0.0,0.0,0.0,387.55,2040.430053,554.15,0.0,7.160339,0.0,17.049999
2026-07-04 04:00:00+00:00,6007.01416,0.0,0.0,0.0,133.05,2036.930053,564.12,0.0,278.108978,0.0,16.2
2026-07-04 05:00:00+00:00,7607.071777,0.0,0.0,0.0,104.2,2033.199951,493.28,0.0,941.396301,0.0,11.479999
2026-07-04 06:00:00+00:00,7458.799804,0.0,0.0,0.0,74.9,2029.300048,588.9,0.0,1743.628417,0.0,7.03
2026-07-04 07:00:00+00:00,7231.68457,0.0,0.0,0.0,60.02,2025.150024,472.42,0.0,2604.774169,0.0,5.329999
2026-07-04 08:00:00+00:00,7415.875488,0.0,0.0,0.0,72.38,2020.800048,263.08,0.0,3354.691162,0.0,6.15
2026-07-04 09:00:00+00:00,6819.708007,0.0,0.0,0.0,75.78,2016.199951,231.95,0.0,3862.253173,0.0,8.0
2026-07-04 10:00:00+00:00,6800.91455,0.0,0.0,0.0,51.4,2011.349975,222.15,0.0,4179.034667,0.0,8.85
2026-07-04 11:00:00+00:00,7397.261718,0.0,0.0,0.0,76.25,2006.22998,206.48,0.0,4253.516113,0.0,9.449999
2026-07-04 12:00:00+00:00,6681.529785,0.0,0.0,0.0,103.38,2000.849975,218.92,0.0,4192.395996,0.0,10.75
2026-07-04 13:00:00+00:00,7558.002441,0.0,0.0,0.0,107.72,1995.25,260.22,0.0,3815.878906,0.0,12.13
2026-07-04 14:00:00+00:00,6961.371093,0.0,0.0,0.0,107.02,1989.449951,416.68,0.0,3342.768798,0.0,12.85
2026-07-04 15:00:00+00:00,6282.72998,0.0,0.0,0.0,114.25,1983.449951,600.85,0.0,2648.674804,0.0,15.449999
2026-07-04 16:00:00+00:00,7662.585449,0.0,0.0,0.0,184.65,1977.280029,631.62,0.0,1814.272583,0.0,19.0
2026-07-04 17:00:00+00:00,6993.597656,0.0,0.0,0.0,489.48,1970.949951,647.92,0.0,986.228942,0.0,20.78
2026-07-04 18:00:00+00:00,6584.194335,0.0,0.0,0.0,1499.35,1964.47998,1002.32,0.0,316.870727,0.0,19.5
2026-07-04 19:00:00+00:00,7743.813964,0.0,0.0,0.0,1688.5,1957.900024,1356.18,0.0,12.114336,0.0,15.449999
2026-07-04 20:00:00+00:00,6076.378417,0.0,0.0,0.0,1672.65,1951.25,1285.82,0.0,0.0,0.0,14.0
2026-07-04 21:00:00+00:00,5650.139648,0.0,0.0,0.0,1487.45,1944.449951,774.08,0.0,0.0,0.0,15.35
2026-07-04 22:00:00+00:00,5900.867187,0.0,0.0,0.0,967.62,1735.099975,833.72,0.0,0.0,0.0,11.5
2026-07-04 23:00:00+00:00,6338.239257,0.0,0.0,0.0,451.68,1728.0,713.55,0.0,0.0,0.0,8.449999
2026-07-05 00:00:00+00:00,5751.350097,0.0,0.0,0.0,341.35,1722.199951,600.5,0.0,0.0,0.0,7.4
2026-07-05 01:00:00+00:00,6535.21875,0.0,0.0,0.0,319.22,1717.5,582.15,0.0,0.0,0.0,7.349999
2026-07-05 02:00:00+00:00,5481.087402,0.0,0.0,0.0,286.35,1714.199951,597.38,0.0,0.0,0.0,7.88
2026-07-05 03:00:00+00:00,6676.697265,0.0,0.0,0.0,146.18,1712.400024,623.58,0.0,6.564216,0.0,8.329999
2026-07-05 04:00:00+00:00,5353.313964,0.0,0.0,0.0,136.9,1712.099975,635.92,0.0,278.533813,0.0,8.729999
2026-07-05 05:00:00+00:00,6190.423828,0.0,0.0,0.0,119.68,1713.5,633.22,0.0,939.669555,0.0,8.63
2026-07-05 06:00:00+00:00,5812.228027,0.0,0.0,0.0,77.45,1716.699951,583.05,0.0,1764.821655,0.0,8.399999
2026-07-05 07:00:00+00:00,6573.068359,0.0,0.0,0.0,90.62,1721.699951,575.65,0.0,2584.149658,0.0,8.75
2026-07-05 08:00:00+00:00,7071.904785,0.0,0.0,0.0,109.98,1728.599975,414.62,0.0,3267.615966,0.0,11.079999
2026-07-05 09:00:00+00:00,7082.253417,0.0,0.0,0.0,71.62,1737.699951,437.28,0.0,3846.870361,0.0,15.85
2026-07-05 10:00:00+00:00,6946.255371,0.0,0.0,0.0,58.0,1748.900024,330.72,0.0,4165.865234,0.0,18.7
2026-07-05 11:00:00+00:00,7448.29248,0.0,0.0,0.0,72.05,1762.400024,224.1,0.0,4209.409667,0.0,21.649999
2026-07-05 12:00:00+00:00,7261.560546,0.0,0.0,0.0,64.85,1777.900024,281.92,0.0,4100.750488,0.0,26.6
2026-07-05 13:00:00+00:00,7309.394042,0.0,0.0,0.0,159.82,1795.5,446.22,0.0,3773.142822,0.0,30.78
2026-07-05 14:00:00+00:00,7839.39746,0.0,0.0,0.0,148.02,1814.800048,615.48,0.0,3267.615966,0.0,32.349998
2026-07-05 15:00:00+00:00,6831.114257,0.0,0.0,0.0,220.12,1835.699951,623.68,0.0,2466.788574,0.0,31.399999
2026-07-05 16:00:00+00:00,6072.063476,0.0,0.0,0.0,171.55,1858.099975,750.12,0.0,1589.869506,0.0,30.049999
2026-07-05 17:00:00+00:00,6553.166503,0.0,0.0,0.0,938.28,1881.800048,828.9,0.0,810.646423,0.0,28.75
2026-07-05 18:00:00+00:00,6440.854492,0.0,0.0,0.0,1587.18,1906.599975,1342.12,0.0,297.77423,0.0,26.129999
2026-07-05 19:00:00+00:00,6456.388183,0.0,0.0,0.0,2138.02,1932.400024,1358.92,0.0,11.600436,0.0,23.75
2026-07-05 20:00:00+00:00,6193.898925,0.0,0.0,0.0,2148.45,1959.0,1299.82,0.0,0.0,0.0,22.149999
2026-07-05 21:00:00+00:00,6189.739257,0.0,0.0,0.0,1850.65,1986.199951,1216.82,0.0,0.0,0.0,21.45
2026-07-05 22:00:00+00:00,6572.881347,0.0,0.0,0.0,1429.48,1666.199951,917.9,0.0,0.0,0.0,19.18
2026-07-05 23:00:00+00:00,5687.430175,0.0,0.0,0.0,921.05,1665.699951,790.1,0.0,0.0,0.0,14.38
2026-07-06 00:00:00+00:00,5081.064941,0.0,0.0,0.0,623.32,1666.400024,682.75,0.0,0.0,0.0,6.4
2026-07-06 01:00:00+00:00,5945.410156,0.0,0.0,0.0,449.58,1668.5,514.62,0.0,0.0,0.0,4.88
2026-07-06 02:00:00+00:00,5522.576171,0.0,0.0,0.0,429.05,1672.0,549.6,0.0,0.0,0.0,3.93
2026-07-06 03:00:00+00:00,5768.117187,0.0,0.0,0.0,619.58,1677.199951,692.5,0.0,5.6529,0.0,2.9
2026-07-06 04:00:00+00:00,6443.298828,0.0,0.0,0.0,1061.72,1684.099975,1001.85,0.0,260.684326,0.0,2.95
2026-07-06 05:00:00+00:00,6597.405273,0.0,0.0,0.0,1024.18,1692.699951,1007.95,0.0,875.19226,0.0,3.95
2026-07-06 06:00:00+00:00,8226.391601,0.0,0.0,0.0,332.5,1703.300048,896.78,0.0,1724.771728,0.0,4.73
2026-07-06 07:00:00+00:00,7238.185058,0.0,0.0,0.0,91.22,1716.0,620.92,0.0,2628.481933,0.0,5.929999
2026-07-06 08:00:00+00:00,8444.697265,0.0,0.0,0.0,84.78,1730.800048,574.12,0.0,3240.742431,0.0,8.079999
2026-07-06 09:00:00+00:00,6952.272949,0.0,0.0,0.0,18.7,1747.900024,610.1,0.0,3687.026855,0.0,12.25
2026-07-06 10:00:00+00:00,6961.628906,0.0,0.0,0.0,70.12,1767.400024,621.6,0.0,3963.059814,0.0,17.93
2026-07-06 11:00:00+00:00,7141.432617,0.0,0.0,0.0,150.9,1789.300048,693.98,0.0,4028.324951,0.0,21.5
2026-07-06 12:00:00+00:00,6994.981445,0.0,0.0,0.0,84.68,1813.5,678.98,0.0,3820.983642,0.0,23.75
2026-07-06 13:00:00+00:00,6697.734375,0.0,0.0,0.0,87.12,1839.800048,600.75,0.0,3626.647216,0.0,23.729999
2026-07-06 14:00:00+00:00,6609.095703,0.0,0.0,0.0,50.92,1867.900024,568.02,0.0,3151.221191,0.0,22.549999
2026-07-06 15:00:00+00:00,6769.270507,0.0,0.0,0.0,179.32,1897.599975,664.58,0.0,2371.031738,0.0,21.229999
2026-07-06 16:00:00+00:00,7464.572753,0.0,0.0,0.0,299.12,1928.599975,595.58,0.0,1647.172851,0.0,19.649999
2026-07-06 17:00:00+00:00,6650.455078,0.0,0.0,0.0,1149.2,1960.800048,889.62,0.0,883.531127,0.0,17.85
2026-07-06 18:00:00+00:00,6959.184082,0.0,0.0,0.0,1425.65,1993.900024,1179.1,0.0,285.043212,0.0,15.43
2026-07-06 19:00:00+00:00,6696.363769,0.0,0.0,0.0,1637.62,2027.699951,1348.92,0.0,10.641156,0.0,10.149999
2026-07-06 20:00:00+00:00,6531.577636,0.0,0.0,0.0,1297.15,2061.899902,1328.3,0.0,0.0,0.0,6.699999
2026-07-06 21:00:00+00:00,5935.151367,0.0,0.0,0.0,1022.35,2096.399902,984.25,0.0,0.0,0.0,5.28
2026-07-06 22:00:00+00:00,6131.996093,0.0,0.0,0.0,728.38,1657.5,650.58,0.0,0.0,0.0,4.929999
2026-07-06 23:00:00+00:00,6646.645507,0.0,0.0,0.0,214.98,1648.900024,621.45,0.0,0.0,0.0,4.599999
2026-07-07 00:00:00+00:00,5644.584472,0.0,0.0,0.0,47.58,1641.400024,577.92,0.0,0.0,0.0,5.329999
2026-07-07 01:00:00+00:00,6665.302734,0.0,0.0,0.0,43.2,1635.099975,533.82,0.0,0.0,0.0,5.63
2026-07-07 02:00:00+00:00,6069.829101,0.0,0.0,0.0,60.52,1630.199951,521.5,0.0,0.0,0.0,6.199999
2026-07-07 03:00:00+00:00,6077.489257,0.0,0.0,0.0,188.45,1627.0,570.95,0.0,5.399375,0.0,6.8
2026-07-07 04:00:00+00:00,6626.071777,0.0,0.0,0.0,431.38,1625.5,708.65,0.0,270.003051,0.0,7.28
2026-07-07 05:00:00+00:00,6522.937988,0.0,0.0,0.0,369.35,1626.099975,774.28,0.0,916.763366,0.0,7.679999
2026-07-07 06:00:00+00:00,7852.224609,0.0,0.0,0.0,442.72,1628.900024,786.98,0.0,1737.208129,0.0,7.15
2026-07-07 07:00:00+00:00,7252.634765,0.0,0.0,0.0,67.32,1634.099975,564.6,0.0,2616.573242,0.0,6.38
2026-07-07 08:00:00+00:00,7520.121582,0.0,0.0,0.0,22.2,1641.800048,537.05,0.0,3442.890136,0.0,6.829999
2026-07-07 09:00:00+00:00,7230.376953,0.0,0.0,0.0,47.95,1652.300048,556.78,0.0,4014.915771,0.0,8.529999
2026-07-07 10:00:00+00:00,7368.514648,0.0,0.0,0.0,42.02,1665.699951,602.3,0.0,4398.422363,0.0,11.38
2026-07-07 11:00:00+00:00,6553.415039,0.0,0.0,0.0,230.05,1682.199951,537.2,0.0,4349.190429,0.0,16.85
2026-07-07 12:00:00+00:00,7813.056152,0.0,0.0,0.0,231.02,1701.599975,600.22,0.0,4192.725097,0.0,22.549999
2026-07-07 13:00:00+00:00,8399.336914,0.0,0.0,0.0,233.42,1723.699951,568.38,0.0,3744.926269,0.0,26.0
2026-07-07 14:00:00+00:00,7550.141601,0.0,0.0,0.0,338.78,1748.300048,632.35,0.0,3164.23999,0.0,28.579999
2026-07-07 15:00:00+00:00,7137.823242,0.0,0.0,0.0,433.25,1775.099975,606.62,0.0,2370.894775,0.0,30.45
2026-07-07 16:00:00+00:00,7572.548339,0.0,0.0,0.0,1023.75,1803.800048,661.68,0.0,1524.350708,0.0,29.78
2026-07-07 17:00:00+00:00,7290.810546,0.0,0.0,0.0,1605.38,1834.400024,873.15,0.0,767.44458,0.0,24.1
2026-07-07 18:00:00+00:00,6535.967773,0.0,0.0,0.0,2051.78,1866.5,1349.15,0.0,249.399093,0.0,17.979999
2026-07-07 19:00:00+00:00,7125.079101,0.0,0.0,0.0,1816.35,1899.900024,1485.3,0.0,9.38724,0.0,19.25
2026-07-07 20:00:00+00:00,6961.048828,0.0,0.0,0.0,2296.32,1934.400024,1595.88,0.0,0.0,0.0,20.579999
2026-07-07 21:00:00+00:00,6444.283203,0.0,0.0,0.0,2581.82,1969.800048,1374.42,0.0,0.0,0.0,17.1
2026-07-07 22:00:00+00:00,5763.143066,0.0,0.0,0.0,993.62,1640.599975,832.62,0.0,0.0,0.0,12.0
2026-07-07 23:00:00+00:00,5791.879394,0.0,0.0,0.0,262.38,1642.900024,662.82,0.0,0.0,0.0,10.829999
2026-07-08 00:00:00+00:00,5187.663574,0.0,0.0,0.0,105.78,1646.5,538.65,0.0,0.0,0.0,14.229999
2026-07-08 01:00:00+00:00,6056.074218,0.0,0.0,0.0,83.1,1651.599975,535.75,0.0,0.0,0.0,11.079999
2026-07-08 02:00:00+00:00,5153.134277,0.0,0.0,0.0,362.68,1658.300048,565.58,0.0,0.0,0.0,11.199999
2026-07-08 03:00:00+00:00,5707.618164,0.0,0.0,0.0,509.92,1666.699951,773.98,0.0,4.9677,0.0,11.149999
2026-07-08 04:00:00+00:00,6708.141113,0.0,0.0,0.0,1241.98,1676.800048,1193.85,0.0,265.001098,0.0,11.0
2026-07-08 05:00:00+00:00,7038.966308,0.0,0.0,0.0,1853.72,1688.900024,1304.6,0.0,874.383728,0.0,10.329999
2026-07-08 06:00:00+00:00,6937.318359,0.0,0.0,0.0,2040.25,1702.900024,1519.0,0.0,1655.60083,0.0,9.6
2026-07-08 07:00:00+00:00,7507.104003,0.0,0.0,0.0,1854.7,1719.0,1360.82,0.0,2585.520019,0.0,11.449999
2026-07-08 08:00:00+00:00,7315.101562,0.0,0.0,0.0,1355.3,1737.300048,1272.58,0.0,3395.186523,0.0,15.5
2026-07-08 09:00:00+00:00,7606.399902,0.0,0.0,0.0,931.25,1757.900024,1193.12,0.0,3890.757568,0.0,18.95
2026-07-08 10:00:00+00:00,7266.377441,0.0,0.0,0.0,321.65,1780.900024,939.42,0.0,4205.003906,0.0,20.379999
2026-07-08 11:00:00+00:00,6665.402832,0.0,0.0,0.0,180.8,1806.400024,650.42,0.0,4330.84082,0.0,21.68
2026-07-08 12:00:00+00:00,6833.395996,0.0,0.0,0.0,350.72,1834.199951,661.58,0.0,4029.284423,0.0,22.879999
2026-07-08 13:00:00+00:00,7406.549316,0.0,0.0,0.0,387.65,1864.099975,666.85,0.0,3634.026611,0.0,26.799999
2026-07-08 14:00:00+00:00,8161.036132,0.0,0.0,0.0,485.18,1895.800048,725.9,0.0,3005.170654,0.0,30.7
2026-07-08 15:00:00+00:00,6493.800292,0.0,0.0,0.0,564.45,1929.099975,863.8,0.0,2372.148681,0.0,30.75
2026-07-08 16:00:00+00:00,8149.773437,0.0,0.0,0.0,877.98,1963.800048,916.98,0.0,1544.153076,0.0,28.6
2026-07-08 17:00:00+00:00,7121.745605,0.0,0.0,0.0,1910.28,1999.699951,1285.52,0.0,811.22882,0.0,25.579999
2026-07-08 18:00:00+00:00,7001.362304,0.0,0.0,0.0,2099.75,2036.599975,1558.6,0.0,266.803161,0.0,22.049999
2026-07-08 19:00:00+00:00,6804.985839,0.0,0.0,0.0,2073.25,2074.199951,1657.35,0.0,9.510576,0.0,20.6
2026-07-08 20:00:00+00:00,6555.443359,0.0,0.0,0.0,2415.05,2112.399902,1635.48,0.0,0.0,0.0,21.93
2026-07-08 21:00:00+00:00,6273.649414,0.0,0.0,0.0,2864.3,2150.800048,1286.2,0.0,0.0,0.0,20.25
2026-07-08 22:00:00+00:00,6278.140136,0.0,0.0,0.0,1717.25,1723.5,1123.62,0.0,0.0,0.0,20.5
2026-07-08 23:00:00+00:00,5814.001464,0.0,0.0,0.0,365.28,1718.900024,982.15,0.0,0.0,0.0,23.229999
2026-07-09 00:00:00+00:00,5458.591308,0.0,0.0,0.0,93.42,1715.300048,756.4,0.0,0.0,0.0,23.579999
2026-07-09 01:00:00+00:00,6087.847167,0.0,0.0,0.0,66.65,1713.099975,770.22,0.0,0.0,0.0,24.049999
2026-07-09 02:00:00+00:00,5391.242675,0.0,0.0,0.0,89.2,1712.5,760.95,0.0,0.0,0.0,21.78
2026-07-09 03:00:00+00:00,5614.464843,0.0,0.0,0.0,378.88,1713.5,778.08,0.0,4.097496,0.0,20.2
2026-07-09 04:00:00+00:00,6530.480957,0.0,0.0,0.0,1719.98,1716.5,1255.7,0.0,243.108963,0.0,17.5
2026-07-09 05:00:00+00:00,6853.304199,0.0,0.0,0.0,1420.88,1721.599975,1127.48,0.0,878.7005,0.0,12.899999
2026-07-09 06:00:00+00:00,6680.370117,0.0,0.0,0.0,149.98,1729.0,831.6,0.0,1658.389526,0.0,7.949999
2026-07-09 07:00:00+00:00,6194.314941,0.0,0.0,0.0,79.95,1739.0,634.58,0.0,2531.163085,0.0,6.73
2026-07-09 08:00:00+00:00,6845.041992,0.0,0.0,0.0,34.55,1751.599975,601.42,0.0,3286.068359,0.0,7.75
2026-07-09 09:00:00+00:00,6966.315917,0.0,0.0,0.0,92.8,1767.199951,529.15,0.0,3808.341552,0.0,9.329999
2026-07-09 10:00:00+00:00,6797.785156,0.0,0.0,0.0,104.3,1785.900024,453.6,0.0,4129.494628,0.0,11.079999
2026-07-09 11:00:00+00:00,6834.496582,0.0,0.0,0.0,158.65,1807.800048,434.7,0.0,4232.363769,0.0,14.25
2026-07-09 12:00:00+00:00,7394.35498,0.0,0.0,0.0,100.6,1832.800048,489.45,0.0,4099.263671,0.0,18.329999
2026-07-09 13:00:00+00:00,7063.040527,0.0,0.0,0.0,166.35,1860.5,533.9,0.0,3759.67871,0.0,21.45
2026-07-09 14:00:00+00:00,7290.924316,0.0,0.0,0.0,216.45,1890.599975,555.75,0.0,3307.686523,0.0,22.25
2026-07-09 15:00:00+00:00,7111.446289,0.0,0.0,0.0,203.82,1923.0,704.35,0.0,2575.276123,0.0,22.75
2026-07-09 16:00:00+00:00,7074.119628,0.0,0.0,0.0,591.72,1957.400024,887.68,0.0,1711.341796,0.0,22.85
2026-07-09 17:00:00+00:00,6959.03125,0.0,0.0,0.0,2693.52,1993.300048,1438.38,0.0,918.428405,0.0,22.85
2026-07-09 18:00:00+00:00,7754.835937,0.0,0.0,0.0,3424.0,2030.699951,1762.5,0.0,286.413604,0.0,23.18
2026-07-09 19:00:00+00:00,6548.629394,0.0,0.0,0.0,3272.05,2069.100097,1683.0,0.0,9.065196,0.0,25.629999
2026-07-09 20:00:00+00:00,6582.022949,0.0,0.0,0.0,2781.8,2108.399902,1466.8,0.0,0.0,0.0,25.28
2026-07-09 21:00:00+00:00,6623.911621,0.0,0.0,0.0,2874.0,2148.300048,1298.4,0.0,0.0,0.0,21.2
2026-07-09 22:00:00+00:00,6334.165039,0.0,0.0,0.0,1673.98,1790.400024,1191.85,0.0,0.0,0.0,18.35
2026-07-09 23:00:00+00:00,5638.739746,0.0,0.0,0.0,833.32,1792.699951,1103.52,0.0,0.0,0.0,19.6
2026-07-10 00:00:00+00:00,5655.895507,0.0,0.0,0.0,515.75,1796.0,851.7,0.0,0.0,0.0,25.95
2026-07-10 01:00:00+00:00,6314.743652,0.0,0.0,0.0,271.6,1800.5,960.8,0.0,0.0,0.0,25.28
2026-07-10 02:00:00+00:00,5195.263183,0.0,0.0,0.0,374.95,1806.099975,987.8,0.0,0.0,0.0,23.229999
2026-07-10 03:00:00+00:00,5715.003417,0.0,0.0,0.0,1151.45,1813.099975,1068.55,0.0,3.412296,0.0,20.229999
2026-07-10 04:00:00+00:00,6902.30664,0.0,0.0,0.0,2597.65,1821.400024,1345.85,0.0,234.633041,0.0,18.45
2026-07-10 05:00:00+00:00,6544.374511,0.0,0.0,0.0,2190.65,1831.199951,1303.08,0.0,851.189697,0.0,14.979999
2026-07-10 06:00:00+00:00,7389.827636,0.0,0.0,0.0,622.12,1842.599975,1009.55,0.0,1671.120605,0.0,10.13
2026-07-10 07:00:00+00:00,6752.119628,0.0,0.0,0.0,203.22,1855.699951,934.92,0.0,2489.708496,0.0,9.05
2026-07-10 08:00:00+00:00,7696.661621,0.0,0.0,0.0,78.95,1870.5,580.05,0.0,3191.510742,0.0,9.199999
2026-07-10 09:00:00+00:00,6886.407714,0.0,0.0,0.0,69.85,1887.099975,501.95,0.0,3711.009033,0.0,10.6
2026-07-10 10:00:00+00:00,7235.520996,0.0,0.0,0.0,86.55,1905.699951,362.38,0.0,4024.830566,0.0,12.829999
2026-07-10 11:00:00+00:00,7563.199218,0.0,0.0,0.0,38.82,1926.300048,435.3,0.0,4141.554199,0.0,13.43
2026-07-10 12:00:00+00:00,7169.309082,0.0,0.0,0.0,98.0,1948.800048,467.72,0.0,3948.63623,0.0,13.079999
2026-07-10 13:00:00+00:00,7938.501953,0.0,0.0,0.0,187.62,1972.900024,494.82,0.0,3453.339599,0.0,12.949999
2026-07-10 14:00:00+00:00,7641.71289,0.0,0.0,0.0,159.1,1998.400024,564.92,0.0,2973.411621,0.0,12.55
2026-07-10 15:00:00+00:00,6928.988281,0.0,0.0,0.0,174.1,2025.300048,577.38,0.0,2197.265136,0.0,13.949999
2026-07-10 16:00:00+00:00,7612.329589,0.0,0.0,0.0,508.22,2053.300048,830.35,0.0,1514.141235,0.0,13.899999
2026-07-10 17:00:00+00:00,7554.231933,0.0,0.0,0.0,2040.68,2082.100097,1259.08,0.0,801.889587,0.0,12.88
2026-07-10 18:00:00+00:00,7553.300292,0.0,0.0,0.0,2815.08,2111.699951,1572.6,0.0,248.419265,0.0,15.899999
2026-07-10 19:00:00+00:00,6434.165039,0.0,0.0,0.0,1947.92,2141.899902,1502.25,0.0,8.003135,0.0,20.6
2026-07-10 20:00:00+00:00,6048.525878,0.0,0.0,0.0,1860.2,2172.399902,1493.92,0.0,0.0,0.0,20.1
2026-07-10 21:00:00+00:00,6279.754394,0.0,0.0,0.0,1787.7,2203.0,1249.78,0.0,0.0,0.0,14.449999
2026-07-10 22:00:00+00:00,5911.41748,0.0,0.0,0.0,1088.98,1874.699951,1166.95,0.0,0.0,0.0,9.199999
2026-07-10 23:00:00+00:00,5500.327636,0.0,0.0,0.0,455.22,1870.800048,979.1,0.0,0.0,0.0,7.48
2026-07-11 00:00:00+00:00,5214.479003,0.0,0.0,0.0,231.9,1867.699951,993.88,0.0,0.0,0.0,13.479999
2026-07-11 01:00:00+00:00,6038.54541,0.0,0.0,0.0,249.0,1865.5,903.6,0.0,0.0,0.0,8.979999
2026-07-11 02:00:00+00:00,5582.115234,0.0,0.0,0.0,340.58,1864.300048,944.72,0.0,0.0,0.0,12.029999
2026-07-11 03:00:00+00:00,5646.633789,0.0,0.0,0.0,418.6,1864.400024,1008.2,0.0,3.15192,0.0,13.579999
2026-07-11 04:00:00+00:00,6572.721191,0.0,0.0,0.0,548.8,1865.900024,1189.08,0.0,220.565887,0.0,10.38
2026-07-11 05:00:00+00:00,6548.036621,0.0,0.0,0.0,388.7,1868.800048,975.82,0.0,812.18811,0.0,8.479999
2026-07-11 06:00:00+00:00,7047.544921,0.0,0.0,0.0,159.42,1873.400024,815.22,0.0,1604.532836,0.0,6.949999
2026-07-11 07:00:00+00:00,7530.691406,0.0,0.0,0.0,85.08,1879.900024,622.52,0.0,2453.564208,0.0,6.53
2026-07-11 08:00:00+00:00,7779.755371,0.0,0.0,0.0,65.38,1888.199951,417.8,0.0,3150.138427,0.0,6.0
2026-07-11 09:00:00+00:00,7617.685058,0.0,0.0,0.0,107.52,1898.699951,346.3,0.0,3630.210205,0.0,5.25
2026-07-11 10:00:00+00:00,7337.853515,0.0,0.0,0.0,52.0,1911.400024,295.12,0.0,3798.851562,0.0,5.0
2026-07-11 11:00:00+00:00,5862.546386,0.0,0.0,0.0,33.0,1926.5,296.95,0.0,3834.6875,0.0,5.63
2026-07-11 12:00:00+00:00,6730.90039,0.0,0.0,0.0,26.4,1943.699951,339.9,0.0,3689.548583,0.0,7.429999
2026-07-11 13:00:00+00:00,7417.791992,0.0,0.0,0.0,32.18,1963.0,432.42,0.0,3281.546142,0.0,9.729999
2026-07-11 14:00:00+00:00,7717.580566,0.0,0.0,0.0,64.35,1984.0,484.05,0.0,2889.645996,0.0,11.75
2026-07-11 15:00:00+00:00,8084.819824,0.0,0.0,0.0,98.95,2006.699951,578.52,0.0,2014.371459,0.0,16.149999
2026-07-11 16:00:00+00:00,7555.063476,0.0,0.0,0.0,309.58,2030.800048,989.42,0.0,1356.661743,0.0,17.95
2026-07-11 17:00:00+00:00,7180.490234,0.0,0.0,0.0,918.32,2056.199951,1087.98,0.0,762.716674,0.0,15.899999
2026-07-11 18:00:00+00:00,7927.274414,0.0,0.0,0.0,1774.42,2082.600097,1079.05,0.0,251.043579,0.0,17.18
2026-07-11 19:00:00+00:00,6558.024414,0.0,0.0,0.0,1370.05,2109.800048,1161.5,0.0,7.571459,0.0,19.649999
2026-07-11 20:00:00+00:00,7602.870117,0.0,0.0,0.0,1446.72,2137.699951,1136.12,0.0,0.0,0.0,16.28
2026-07-11 21:00:00+00:00,6103.78955,0.0,0.0,0.0,1276.78,2166.0,1005.65,0.0,0.0,0.0,11.329999
2026-07-11 22:00:00+00:00,6017.441406,0.0,0.0,0.0,255.48,1768.699951,951.45,0.0,0.0,0.0,9.43
2026-07-11 23:00:00+00:00,6589.906738,0.0,0.0,0.0,209.32,1759.099975,799.62,0.0,0.0,0.0,9.199999
2026-07-12 00:00:00+00:00,5388.590332,0.0,0.0,0.0,169.62,1750.800048,793.65,0.0,0.0,0.0,12.25
2026-07-12 01:00:00+00:00,6232.015136,0.0,0.0,0.0,280.95,1743.900024,654.62,0.0,0.0,0.0,15.18
2026-07-12 02:00:00+00:00,4641.004882,0.0,0.0,0.0,125.28,1738.599975,729.78,0.0,0.0,0.0,18.079999
2026-07-12 03:00:00+00:00,5994.768554,0.0,0.0,0.0,147.78,1735.099975,700.45,0.0,2.692836,0.0,18.579999
2026-07-12 04:00:00+00:00,5777.001953,0.0,0.0,0.0,99.78,1733.5,622.48,0.0,228.329193,0.0,15.13
2026-07-12 05:00:00+00:00,6949.829101,0.0,0.0,0.0,51.45,1734.0,655.7,0.0,870.957702,0.0,11.88
2026-07-12 06:00:00+00:00,6210.889648,0.0,0.0,0.0,44.32,1736.900024,669.28,0.0,1703.544189,0.0,8.699999
2026-07-12 07:00:00+00:00,6391.504882,0.0,0.0,0.0,98.12,1742.199951,458.68,0.0,2566.745605,0.0,8.6
2026-07-12 08:00:00+00:00,7076.46582,0.0,0.0,0.0,91.02,1750.199951,408.08,0.0,3341.638183,0.0,12.199999
2026-07-12 09:00:00+00:00,7803.029296,0.0,0.0,0.0,103.6,1761.099975,287.3,0.0,3871.414306,0.0,16.299999
2026-07-12 10:00:00+00:00,7484.464355,0.0,0.0,0.0,90.98,1774.900024,295.42,0.0,4177.082031,0.0,18.43
2026-07-12 11:00:00+00:00,7572.374023,0.0,0.0,0.0,94.02,1791.900024,314.6,0.0,4476.95996,0.0,19.93
2026-07-12 12:00:00+00:00,7295.769042,0.0,0.0,0.0,48.95,1811.900024,352.68,0.0,4162.932617,0.0,20.7
2026-07-12 13:00:00+00:00,7082.136718,0.0,0.0,0.0,86.5,1834.5,410.82,0.0,3811.356445,0.0,21.399999
2026-07-12 14:00:00+00:00,7225.339843,0.0,0.0,0.0,73.48,1859.5,416.98,0.0,3303.643798,0.0,23.03
2026-07-12 15:00:00+00:00,6001.10791,0.0,0.0,0.0,85.38,1886.800048,556.02,0.0,2489.400146,0.0,24.879999
2026-07-12 16:00:00+00:00,6474.253906,0.0,0.0,0.0,192.7,1915.900024,674.25,0.0,1735.269042,0.0,24.75
2026-07-12 17:00:00+00:00,5870.185058,0.0,0.0,0.0,266.38,1946.699951,725.28,0.0,901.997253,0.0,22.479999
2026-07-12 18:00:00+00:00,6099.240722,0.0,0.0,0.0,323.32,1978.900024,922.52,0.0,280.555145,0.0,18.629999
2026-07-12 19:00:00+00:00,6157.432617,0.0,0.0,0.0,918.12,2012.300048,1081.6,0.0,7.571459,0.0,21.579999
2026-07-12 20:00:00+00:00,6443.085449,0.0,0.0,0.0,890.98,2046.5,1065.6,0.0,0.0,0.0,26.399999
2026-07-12 21:00:00+00:00,7397.738281,0.0,0.0,0.0,498.38,2081.399902,989.32,0.0,0.0,0.0,25.35
2026-07-12 22:00:00+00:00,6340.593261,0.0,0.0,0.0,633.18,1709.400024,662.0,0.0,0.0,0.0,25.2
2026-07-12 23:00:00+00:00,6014.60791,0.0,0.0,0.0,248.38,1712.300048,676.78,0.0,0.0,0.0,25.45
2026-07-13 00:00:00+00:00,5370.85205,0.0,0.0,0.0,165.88,1716.300048,718.82,0.0,0.0,0.0,24.549999
2026-07-13 01:00:00+00:00,6314.408203,0.0,0.0,0.0,162.62,1721.5,646.12,0.0,0.0,0.0,22.829999
2026-07-13 02:00:00+00:00,5749.966796,0.0,0.0,0.0,254.7,1728.0,553.3,0.0,0.0,0.0,20.7
2026-07-13 03:00:00+00:00,5497.908203,0.0,0.0,0.0,431.62,1735.699951,797.88,0.0,2.178936,0.0,16.5
2026-07-13 04:00:00+00:00,6913.832031,0.0,0.0,0.0,1074.42,1744.900024,1176.82,0.0,213.234237,0.0,12.449999
2026-07-13 05:00:00+00:00,6646.521972,0.0,0.0,0.0,1249.38,1755.400024,1210.32,0.0,767.08142,0.0,10.18
2026-07-13 06:00:00+00:00,6910.518554,0.0,0.0,0.0,295.52,1767.5,879.9,0.0,1547.866821,0.0,8.13
2026-07-13 07:00:00+00:00,8316.183593,0.0,0.0,0.0,140.88,1781.099975,686.92,0.0,2439.96289,0.0,6.65
2026-07-13 08:00:00+00:00,7259.750976,0.0,0.0,0.0,81.22,1796.400024,571.08,0.0,3074.649902,0.0,5.849999
2026-07-13 09:00:00+00:00,7888.863769,0.0,0.0,0.0,79.35,1813.300048,517.2,0.0,3420.861083,0.0,5.13
2026-07-13 10:00:00+00:00,6895.875488,0.0,0.0,0.0,54.0,1831.900024,558.25,0.0,3629.607177,0.0,5.13
2026-07-13 11:00:00+00:00,6764.941406,0.0,0.0,0.0,141.12,1852.400024,690.2,0.0,3609.565185,0.0,5.199999
2026-07-13 12:00:00+00:00,7134.743164,0.0,0.0,0.0,191.92,1874.5,705.35,0.0,3283.259033,0.0,7.28
2026-07-13 13:00:00+00:00,7406.246093,0.0,0.0,0.0,340.62,1898.199951,684.22,0.0,2999.963134,0.0,9.329999
2026-07-13 14:00:00+00:00,7062.890136,0.0,0.0,0.0,421.1,1923.400024,747.38,0.0,2310.891845,0.0,8.949999
2026-07-13 15:00:00+00:00,7021.046875,0.0,0.0,0.0,487.8,1949.900024,843.1,0.0,1696.109863,0.0,9.63
2026-07-13 16:00:00+00:00,7115.472656,0.0,0.0,0.0,1475.85,1977.800048,1061.15,0.0,997.171569,0.0,9.55
2026-07-13 17:00:00+00:00,6862.861816,0.0,0.0,0.0,2370.5,2006.800048,1383.75,0.0,470.903686,0.0,8.399999
2026-07-13 18:00:00+00:00,7750.6333,0.0,0.0,0.0,2565.68,2036.800048,1481.15,0.0,196.364608,0.0,7.28
2026-07-13 19:00:00+00:00,6668.046875,0.0,0.0,0.0,2623.28,2067.800048,1377.6,0.0,6.084576,0.0,6.429999
2026-07-13 20:00:00+00:00,7590.335937,0.0,0.0,0.0,2179.25,2099.699951,1277.5,0.0,0.0,0.0,5.8
2026-07-13 21:00:00+00:00,6385.655761,0.0,0.0,0.0,2023.7,2132.300048,943.35,0.0,0.0,0.0,6.75
2026-07-13 22:00:00+00:00,6417.379394,0.0,0.0,0.0,1038.2,1821.599975,930.1,0.0,0.0,0.0,9.449999
2026-07-13 23:00:00+00:00,5816.291992,0.0,0.0,0.0,491.85,1820.699951,709.65,0.0,0.0,0.0,10.729999
2026-07-14 00:00:00+00:00,5300.762207,0.0,0.0,0.0,262.45,1821.5,784.1,0.0,0.0,0.0,8.479999
2026-07-14 01:00:00+00:00,5129.39746,0.0,0.0,0.0,184.02,1824.0,674.9,0.0,0.0,0.0,6.03
2026-07-14 02:00:00+00:00,5345.771972,0.0,0.0,0.0,204.6,1828.5,645.95,0.0,0.0,0.0,5.4
2026-07-14 03:00:00+00:00,5960.015625,0.0,0.0,0.0,624.58,1835.300048,722.75,0.0,1.562255,0.0,5.25
2026-07-14 04:00:00+00:00,6329.973144,0.0,0.0,0.0,1789.0,1844.599975,1004.85,0.0,170.361282,0.0,6.199999
2026-07-14 05:00:00+00:00,6913.467773,0.0,0.0,0.0,1490.38,1856.599975,1079.65,0.0,683.898132,0.0,7.9
2026-07-14 06:00:00+00:00,7278.304199,0.0,0.0,0.0,762.22,1871.5,922.8,0.0,1470.151367,0.0,7.199999
2026-07-14 07:00:00+00:00,6989.283691,0.0,0.0,0.0,196.1,1889.599975,810.42,0.0,2397.26123,0.0,5.73
2026-07-14 08:00:00+00:00,7270.958984,0.0,0.0,0.0,138.82,1911.099975,758.15,0.0,3146.219238,0.0,5.28
2026-07-14 09:00:00+00:00,8212.648437,0.0,0.0,0.0,149.1,1936.199951,695.65,0.0,3522.805175,0.0,5.949999
2026-07-14 10:00:00+00:00,6530.982421,0.0,0.0,0.0,142.85,1965.199951,566.35,0.0,3854.510498,0.0,8.0
2026-07-14 11:00:00+00:00,7907.4458,0.0,0.0,0.0,148.4,1998.099975,606.6,0.0,3906.48291,0.0,9.579999
2026-07-14 12:00:00+00:00,7246.506347,0.0,0.0,0.0,195.75,2034.699951,756.1,0.0,3573.729003,0.0,11.8
2026-07-14 13:00:00+00:00,7388.391113,0.0,0.0,0.0,487.38,2074.600097,830.88,0.0,3189.900634,0.0,15.029999
2026-07-14 14:00:00+00:00,7177.45166,0.0,0.0,0.0,967.08,2117.300048,1005.4,0.0,2516.773925,0.0,17.399999
2026-07-14 15:00:00+00:00,8311.324218,0.0,0.0,0.0,1263.58,2162.5,1058.88,0.0,1972.279663,0.0,17.329999
2026-07-14 16:00:00+00:00,7252.135742,0.0,0.0,0.0,1871.45,2209.600097,1098.82,0.0,1209.446533,0.0,15.25
2026-07-14 17:00:00+00:00,7647.109863,0.0,0.0,0.0,3091.72,2258.399902,1299.4,0.0,612.794921,0.0,10.55
2026-07-14 18:00:00+00:00,6471.725097,0.0,0.0,0.0,3392.52,2308.300048,1618.42,0.0,197.920013,0.0,9.5
2026-07-14 19:00:00+00:00,7223.828125,0.0,0.0,0.0,3257.85,2358.899902,1570.92,0.0,5.10474,0.0,9.949999
2026-07-14 20:00:00+00:00,6351.709472,0.0,0.0,0.0,2921.65,2409.899902,1468.25,0.0,0.0,0.0,8.529999
2026-07-14 21:00:00+00:00,6176.319335,0.0,0.0,0.0,3034.72,2460.899902,1058.8,0.0,0.0,0.0,7.949999
2026-07-14 22:00:00+00:00,5978.488769,0.0,0.0,0.0,1241.72,2167.399902,942.72,0.0,0.0,0.0,9.88
2026-07-14 23:00:00+00:00,5940.493652,0.0,0.0,0.0,973.15,2182.300048,827.85,0.0,0.0,0.0,13.05
2026-07-15 00:00:00+00:00,5243.538574,0.0,0.0,0.0,455.8,2197.100097,679.35,0.0,0.0,0.0,6.949999
2026-07-15 01:00:00+00:00,5323.225097,0.0,0.0,0.0,201.82,2211.5,799.18,0.0,0.0,0.0,7.65
2026-07-15 02:00:00+00:00,5165.57666,0.0,0.0,0.0,305.45,2225.699951,799.1,0.0,0.0,0.0,7.4
2026-07-15 03:00:00+00:00,5812.000488,0.0,0.0,0.0,846.92,2239.300048,1065.8,0.0,1.288175,0.0,6.78
2026-07-15 04:00:00+00:00,6783.077636,0.0,0.0,0.0,1657.38,2252.5,1213.85,0.0,173.513198,0.0,6.53
2026-07-15 05:00:00+00:00,7308.794921,0.0,0.0,0.0,1762.3,2265.100097,1063.9,0.0,731.094665,0.0,6.699999
2026-07-15 06:00:00+00:00,7297.366699,0.0,0.0,0.0,1092.68,2276.899902,1095.2,0.0,1404.029663,0.0,7.5
2026-07-15 07:00:00+00:00,7397.654785,0.0,0.0,0.0,340.42,2288.100097,1024.68,0.0,2223.083496,0.0,7.179999
2026-07-15 08:00:00+00:00,7063.855468,0.0,0.0,0.0,457.68,2298.300048,949.75,0.0,3054.313232,0.0,5.5
2026-07-15 09:00:00+00:00,7112.395507,0.0,0.0,0.0,579.75,2307.699951,918.38,0.0,3485.1875,0.0,4.15
2026-07-15 10:00:00+00:00,7109.904785,0.0,0.0,0.0,622.65,2316.0,745.55,0.0,3310.201171,0.0,3.18
2026-07-15 11:00:00+00:00,6519.359375,0.0,0.0,0.0,670.55,2323.300048,825.4,0.0,3146.801513,0.0,2.849999
2026-07-15 12:00:00+00:00,7400.30664,0.0,0.0,0.0,781.48,2329.600097,811.0,0.0,2799.645019,0.0,5.429999
2026-07-15 13:00:00+00:00,7528.953613,0.0,0.0,0.0,591.88,2334.800048,1019.05,0.0,2277.467773,0.0,7.88
2026-07-15 14:00:00+00:00,7517.558593,0.0,0.0,0.0,596.6,2339.100097,1025.7,0.0,1667.968627,0.0,8.18
2026-07-15 15:00:00+00:00,7135.268554,0.0,0.0,0.0,928.35,2342.399902,997.92,0.0,1659.725708,0.0,5.079999
2026-07-15 16:00:00+00:00,6836.942382,0.0,0.0,0.0,2182.98,2344.800048,1215.62,0.0,1173.713378,0.0,4.23
2026-07-15 17:00:00+00:00,6797.491699,0.0,0.0,0.0,3378.48,2346.399902,1275.85,0.0,701.151428,0.0,8.43
2026-07-15 18:00:00+00:00,6529.990722,0.0,0.0,0.0,3033.98,2347.199951,1615.28,0.0,175.260452,0.0,10.25
2026-07-15 19:00:00+00:00,6798.783203,0.0,0.0,0.0,3119.2,2347.199951,1687.65,0.0,3.446556,0.0,8.399999
2026-07-15 20:00:00+00:00,6481.578125,0.0,0.0,0.0,3215.7,2346.5,1398.7,0.0,0.0,0.0,8.25
2026-07-15 21:00:00+00:00,6252.837402,0.0,0.0,0.0,3173.78,2345.100097,1185.72,0.0,0.0,0.0,9.93
2026-07-15 22:00:00+00:00,6126.641113,0.0,0.0,0.0,1826.45,2378.899902,1200.2,0.0,0.0,0.0,13.579999
2026-07-15 23:00:00+00:00,5867.25,0.0,0.0,0.0,998.1,2374.0,891.02,0.0,0.0,0.0,14.649999
2026-07-16 00:00:00+00:00,6160.286621,0.0,0.0,0.0,949.5,2368.5,898.5,0.0,0.0,0.0,7.8
2026-07-16 01:00:00+00:00,6041.790527,0.0,0.0,0.0,771.62,2362.399902,897.12,0.0,0.0,0.0,7.05
2026-07-16 02:00:00+00:00,6166.155273,0.0,0.0,0.0,823.1,2355.800048,955.82,0.0,0.0,0.0,8.38
2026-07-16 03:00:00+00:00,5734.85791,0.0,0.0,0.0,1191.92,2348.699951,1024.35,0.0,1.027799,0.0,11.449999
2026-07-16 04:00:00+00:00,6622.081542,0.0,0.0,0.0,2112.15,2341.199951,1188.6,0.0,197.029266,0.0,10.149999
2026-07-16 05:00:00+00:00,7508.522949,0.0,0.0,0.0,1929.9,2333.399902,1211.38,0.0,805.452575,0.0,7.949999
2026-07-16 06:00:00+00:00,6990.743164,0.0,0.0,0.0,1023.65,2325.199951,972.2,0.0,1593.192749,0.0,6.25
2026-07-16 07:00:00+00:00,7157.97998,0.0,0.0,0.0,168.55,2316.899902,735.62,0.0,2421.7229,0.0,3.95
2026-07-16 08:00:00+00:00,7014.992187,0.0,0.0,0.0,239.98,2308.399902,722.78,0.0,3139.003906,0.0,2.779999
2026-07-16 09:00:00+00:00,7084.879882,0.0,0.0,0.0,117.18,2299.800048,688.5,0.0,3803.922119,0.0,3.13
2026-07-16 10:00:00+00:00,6840.002929,0.0,0.0,0.0,120.45,2291.100097,626.65,0.0,4038.39746,0.0,4.929999
2026-07-16 11:00:00+00:00,7168.069335,0.0,0.0,0.0,141.9,2282.5,649.18,0.0,4085.162353,0.0,7.53
2026-07-16 12:00:00+00:00,7270.502929,0.0,0.0,0.0,176.38,2273.800048,677.82,0.0,3941.544433,0.0,8.88
2026-07-16 13:00:00+00:00,7172.923339,0.0,0.0,0.0,353.52,2265.199951,770.85,0.0,3191.079101,0.0,9.13
2026-07-16 14:00:00+00:00,7199.500976,0.0,0.0,0.0,949.1,2256.600097,1064.02,0.0,1967.366821,0.0,14.93
2026-07-16 15:00:00+00:00,6818.171386,0.0,0.0,0.0,1899.6,2248.0,1118.15,0.0,1464.820556,0.0,14.05
2026-07-16 16:00:00+00:00,6808.565917,0.0,0.0,0.0,3097.12,2239.399902,1244.1,0.0,1095.086669,0.0,8.8
2026-07-16 17:00:00+00:00,6793.655761,0.0,0.0,0.0,3348.78,2230.800048,1746.18,0.0,533.496704,0.0,9.399999
2026-07-16 18:00:00+00:00,6733.530761,0.0,0.0,0.0,3422.0,2222.199951,1687.55,0.0,191.924514,0.0,14.55
2026-07-16 19:00:00+00:00,6611.608886,0.0,0.0,0.0,3047.45,2213.600097,1644.58,0.0,2.46672,0.0,20.03
2026-07-16 20:00:00+00:00,6350.794921,0.0,0.0,0.0,2712.12,2205.0,1357.32,0.0,0.0,0.0,21.229999
2026-07-16 21:00:00+00:00,6338.146484,0.0,0.0,0.0,2772.65,2196.399902,1120.58,0.0,0.0,0.0,25.1
2026-07-16 22:00:00+00:00,6147.395507,0.0,0.0,0.0,1538.62,2649.899902,1069.58,0.0,0.0,0.0,28.729999
2026-07-16 23:00:00+00:00,5809.624511,0.0,0.0,0.0,760.32,2679.0,1003.25,0.0,0.0,0.0,31.729999
2026-07-17 00:00:00+00:00,5462.547363,0.0,0.0,0.0,612.52,2706.699951,865.7,0.0,0.0,0.0,28.979999
2026-07-17 01:00:00+00:00,5383.524902,0.0,0.0,0.0,271.0,2732.5,796.6,0.0,0.0,0.0,35.25
2026-07-17 02:00:00+00:00,5901.897949,0.0,0.0,0.0,278.08,2756.199951,788.18,0.0,0.0,0.0,36.729999
2026-07-17 03:00:00+00:00,5345.267578,0.0,0.0,0.0,713.62,2777.199951,887.68,0.0,0.431676,0.0,32.529998
2026-07-17 04:00:00+00:00,6383.732421,0.0,0.0,0.0,1032.75,2795.399902,1190.8,0.0,140.603042,0.0,26.799999
2026-07-17 05:00:00+00:00,6486.443359,0.0,0.0,0.0,1274.92,2810.300048,1121.72,0.0,749.081176,0.0,21.78
2026-07-17 06:00:00+00:00,6462.440917,0.0,0.0,0.0,559.28,2821.5,816.32,0.0,1575.055541,0.0,16.899999
2026-07-17 07:00:00+00:00,6345.68457,0.0,0.0,0.0,191.95,2828.699951,742.3,0.0,2370.538574,0.0,15.199999
2026-07-17 08:00:00+00:00,7459.522949,0.0,0.0,0.0,224.58,2831.5,745.28,0.0,3057.999755,0.0,15.18
2026-07-17 09:00:00+00:00,7355.461425,0.0,0.0,0.0,122.6,2829.5,729.05,0.0,3442.773681,0.0,13.25
2026-07-17 10:00:00+00:00,6996.755371,0.0,0.0,0.0,84.1,2822.399902,730.68,0.0,3753.717529,0.0,12.279999
2026-07-17 11:00:00+00:00,7001.758789,0.0,0.0,0.0,45.1,2809.899902,704.5,0.0,3999.567138,0.0,15.85
2026-07-17 12:00:00+00:00,6700.09375,0.0,0.0,0.0,133.38,2792.300048,693.95,0.0,3981.491699,0.0,19.379999
2026-07-17 13:00:00+00:00,6835.003906,0.0,0.0,0.0,145.1,2770.0,715.42,0.0,3517.220703,0.0,18.45
2026-07-17 14:00:00+00:00,6719.398925,0.0,0.0,0.0,249.45,2743.199951,700.85,0.0,2948.107177,0.0,17.379999
2026-07-17 15:00:00+00:00,6761.349121,0.0,0.0,0.0,487.05,2712.5,816.65,0.0,2080.23291,0.0,15.579999
2026-07-17 16:00:00+00:00,7194.21582,0.0,0.0,0.0,1014.88,2678.100097,869.98,0.0,1500.86206,0.0,15.199999
2026-07-17 17:00:00+00:00,7297.296875,0.0,0.0,0.0,2037.42,2640.5,1240.25,0.0,814.586303,0.0,17.0
2026-07-17 18:00:00+00:00,6572.565917,0.0,0.0,0.0,2544.22,2600.100097,1473.35,0.0,232.748733,0.0,17.899999
2026-07-17 19:00:00+00:00,6285.287597,0.0,0.0,0.0,1958.8,2557.199951,1435.5,0.0,4.282499,0.0,19.629999
2026-07-17 20:00:00+00:00,6646.855468,0.0,0.0,0.0,1727.02,2512.100097,1009.72,0.0,0.0,0.0,20.95
2026-07-17 21:00:00+00:00,6087.132324,0.0,0.0,0.0,2001.5,2465.300048,1058.95,0.0,0.0,0.0,16.549999
2026-07-17 22:00:00+00:00,5909.560546,0.0,0.0,0.0,1486.18,2691.300048,1131.3,0.0,0.0,0.0,12.699999
2026-07-17 23:00:00+00:00,5779.895507,0.0,0.0,0.0,870.15,2667.800048,781.92,0.0,0.0,0.0,14.85
2026-07-18 00:00:00+00:00,5680.57373,0.0,0.0,0.0,854.18,2642.800048,759.3,0.0,0.0,0.0,7.849999
2026-07-18 01:00:00+00:00,6296.916503,0.0,0.0,0.0,606.75,2616.399902,685.72,0.0,0.0,0.0,7.449999
2026-07-18 02:00:00+00:00,6682.371093,0.0,0.0,0.0,665.95,2588.699951,707.38,0.0,0.0,0.0,7.3
2026-07-18 03:00:00+00:00,5184.312988,0.0,0.0,0.0,462.82,2560.0,703.02,0.0,0.513899,0.0,7.949999
2026-07-18 04:00:00+00:00,6011.254394,0.0,0.0,0.0,489.45,2530.300048,691.08,0.0,160.083282,0.0,7.75
2026-07-18 05:00:00+00:00,6521.131347,0.0,0.0,0.0,114.3,2499.800048,667.58,0.0,668.330383,0.0,7.15
2026-07-18 06:00:00+00:00,6955.249511,0.0,0.0,0.0,163.42,2468.5,804.12,0.0,1424.996704,0.0,5.599999
2026-07-18 07:00:00+00:00,5906.208496,0.0,0.0,0.0,30.0,2436.600097,632.2,0.0,2260.152832,0.0,4.65
2026-07-18 08:00:00+00:00,6155.248535,0.0,0.0,0.0,30.0,2404.300048,606.15,0.0,3029.851562,0.0,5.4
2026-07-18 09:00:00+00:00,7526.182617,0.0,0.0,0.0,30.0,2371.600097,598.6,0.0,3497.897949,0.0,7.599999
2026-07-18 10:00:00+00:00,6801.611328,0.0,0.0,0.0,30.0,2338.800048,589.45,0.0,3482.940185,0.0,12.149999
2026-07-18 11:00:00+00:00,6834.253906,0.0,0.0,0.0,30.0,2305.800048,597.38,0.0,3541.935791,0.0,12.05
2026-07-18 12:00:00+00:00,7544.835937,0.0,0.0,0.0,30.0,2272.899902,592.12,0.0,3560.490966,0.0,9.5
2026-07-18 13:00:00+00:00,7446.398437,0.0,0.0,0.0,30.0,2240.100097,607.7,0.0,3401.833007,0.0,12.829999
2026-07-18 14:00:00+00:00,7541.961914,0.0,0.0,0.0,30.0,2207.399902,589.25,0.0,2888.117919,0.0,16.25
2026-07-18 15:00:00+00:00,7455.516113,0.0,0.0,0.0,30.0,2175.0,599.0,0.0,2245.044189,0.0,16.35
2026-07-18 16:00:00+00:00,6372.346191,0.0,0.0,0.0,37.0,2143.0,595.0,0.0,1418.555908,0.0,14.75
2026-07-18 17:00:00+00:00,7192.022949,0.0,0.0,0.0,96.0,2111.399902,596.8,0.0,743.853149,0.0,10.229999
2026-07-18 18:00:00+00:00,5871.227539,0.0,0.0,0.0,425.0,2080.399902,679.2,0.0,217.777114,0.0,6.48
2026-07-18 19:00:00+00:00,7130.049804,0.0,0.0,0.0,1142.0,2049.899902,677.3,0.0,3.480815,0.0,4.13
2026-07-18 20:00:00+00:00,7800.11914,0.0,0.0,0.0,1156.0,2020.199951,738.88,0.0,0.0,0.0,4.63
2026-07-18 21:00:00+00:00,5340.832519,0.0,0.0,0.0,1075.0,1991.300048,716.55,0.0,0.0,0.0,6.65
2026-07-18 22:00:00+00:00,5588.24707,0.0,0.0,0.0,989.0,2095.899902,629.2,0.0,0.0,0.0,8.35
2026-07-18 23:00:00+00:00,6734.590332,0.0,0.0,0.0,524.0,2081.699951,617.65,0.0,0.0,0.0,9.0
2026-07-19 00:00:00+00:00,5878.492187,0.0,0.0,0.0,51.0,2068.0,543.95,0.0,0.0,0.0,4.9
2026-07-19 01:00:00+00:00,6705.267578,0.0,0.0,0.0,35.0,2054.899902,544.78,0.0,0.0,0.0,3.349999
2026-07-19 02:00:00+00:00,5734.751464,0.0,0.0,0.0,35.0,2042.400024,553.52,0.0,0.0,0.0,3.75
2026-07-19 03:00:00+00:00,5065.343261,0.0,0.0,0.0,90.0,2030.400024,559.45,0.0,0.411119,0.0,6.0
2026-07-19 04:00:00+00:00,4842.520507,0.0,0.0,0.0,55.0,2018.800048,556.08,0.0,168.319381,0.0,8.18
2026-07-19 05:00:00+00:00,5704.538574,0.0,0.0,0.0,26.0,2007.699951,575.62,0.0,712.91632,0.0,8.949999
2026-07-19 06:00:00+00:00,6463.298339,0.0,0.0,0.0,23.68,1997.0,582.0,0.0,1311.472778,0.0,6.599999
2026-07-19 07:00:00+00:00,5673.375488,0.0,0.0,0.0,25.82,1986.599975,565.68,0.0,2020.79187,0.0,3.73
2026-07-19 08:00:00+00:00,6488.527832,0.0,0.0,0.0,23.25,1976.599975,472.3,0.0,2622.041015,0.0,4.98
2026-07-19 09:00:00+00:00,6348.714843,0.0,0.0,0.0,20.0,1966.900024,480.4,0.0,3353.971679,0.0,9.399999
2026-07-19 10:00:00+00:00,6375.877929,0.0,0.0,0.0,20.65,1957.400024,495.75,0.0,3681.305419,0.0,10.529999
2026-07-19 11:00:00+00:00,7779.84375,0.0,0.0,0.0,25.45,1948.199951,455.92,0.0,3854.078613,0.0,10.68
2026-07-19 12:00:00+00:00,6593.776367,0.0,0.0,0.0,20.3,1939.099975,455.05,0.0,3752.429199,0.0,13.5
2026-07-19 13:00:00+00:00,6738.750976,0.0,0.0,0.0,26.0,1930.300048,531.48,0.0,3449.009033,0.0,14.449999
2026-07-19 14:00:00+00:00,6949.854003,0.0,0.0,0.0,24.0,1921.599975,542.68,0.0,2896.806396,0.0,13.55
2026-07-19 15:00:00+00:00,6086.940917,0.0,0.0,0.0,38.0,1913.099975,583.8,0.0,2277.351318,0.0,12.529999
2026-07-19 16:00:00+00:00,6260.427734,0.0,0.0,0.0,70.0,1904.800048,649.82,0.0,1613.920043,0.0,12.579999
2026-07-19 17:00:00+00:00,6915.629394,0.0,0.0,0.0,262.0,1896.599975,637.85,0.0,868.011352,0.0,10.63
2026-07-19 18:00:00+00:00,6677.469238,0.0,0.0,0.0,879.0,1888.699951,660.5,0.0,239.258132,0.0,10.029999
2026-07-19 19:00:00+00:00,6605.737304,0.0,0.0,0.0,1144.0,1880.800048,722.48,0.0,3.049139,0.0,14.579999
2026-07-19 20:00:00+00:00,6132.57373,0.0,0.0,0.0,1043.0,1873.099975,707.95,0.0,0.0,0.0,19.799999
2026-07-19 21:00:00+00:00,5633.597656,0.0,0.0,0.0,1418.0,1865.5,665.98,0.0,0.0,0.0,23.379999
2026-07-19 22:00:00+00:00,6343.203125,0.0,0.0,0.0,376.0,1818.900024,582.42,0.0,0.0,0.0,24.0
2026-07-19 23:00:00+00:00,5990.088378,0.0,0.0,0.0,166.0,1809.5,591.58,0.0,0.0,0.0,22.45
2026-07-20 00:00:00+00:00,6128.980957,0.0,0.0,0.0,143.0,1800.400024,564.65,0.0,0.0,0.0,22.75
2026-07-20 01:00:00+00:00,6428.583007,0.0,0.0,0.0,140.0,1791.5,559.22,0.0,0.0,0.0,19.329999
2026-07-20 02:00:00+00:00,6682.670898,0.0,0.0,0.0,164.0,1782.800048,567.48,0.0,0.0,0.0,17.079999
2026-07-20 03:00:00+00:00,5444.573242,0.0,0.0,0.0,570.6,1774.300048,620.55,0.0,0.27408,0.0,13.35
2026-07-20 04:00:00+00:00,5921.387695,0.0,0.0,0.0,1022.35,1766.199951,639.1,0.0,169.2444,0.0,10.699999
2026-07-20 05:00:00+00:00,6779.890625,0.0,0.0,0.0,960.3,1758.300048,927.15,0.0,785.03363,0.0,10.38
2026-07-20 06:00:00+00:00,6759.369628,0.0,0.0,0.0,500.02,1750.599975,661.55,0.0,1572.348999,0.0,8.85
2026-07-20 07:00:00+00:00,6946.094726,0.0,0.0,0.0,219.75,1743.300048,527.55,0.0,2418.194091,0.0,8.449999
2026-07-20 08:00:00+00:00,8153.627441,0.0,0.0,0.0,146.12,1736.300048,489.5,0.0,3256.550048,0.0,8.699999
2026-07-20 09:00:00+00:00,6966.125,0.0,0.0,0.0,140.02,1729.5,381.72,0.0,3811.856689,0.0,8.8
2026-07-20 10:00:00+00:00,7254.319335,0.0,0.0,0.0,129.25,1723.099975,444.52,0.0,4135.901367,0.0,9.05
2026-07-20 11:00:00+00:00,6876.047363,0.0,0.0,0.0,127.9,1717.099975,440.78,0.0,4225.936523,0.0,9.229999
2026-07-20 12:00:00+00:00,7105.170898,0.0,0.0,0.0,202.1,1711.400024,454.75,0.0,4099.229492,0.0,9.63
2026-07-20 13:00:00+00:00,6999.289062,0.0,0.0,0.0,251.05,1706.0,569.15,0.0,3686.842041,0.0,11.35
2026-07-20 14:00:00+00:00,6912.520507,0.0,0.0,0.0,227.58,1701.0,555.75,0.0,3241.030273,0.0,14.729999
2026-07-20 15:00:00+00:00,6817.429199,0.0,0.0,0.0,338.52,1696.300048,670.3,0.0,2462.09497,0.0,16.7
2026-07-20 16:00:00+00:00,6954.688964,0.0,0.0,0.0,1007.5,1692.0,956.0,0.0,1647.82373,0.0,17.85
2026-07-20 17:00:00+00:00,6619.558105,0.0,0.0,0.0,1706.42,1688.0,1096.82,0.0,835.156005,0.0,19.78
2026-07-20 18:00:00+00:00,6155.989746,0.0,0.0,0.0,2265.75,1684.5,1357.52,0.0,234.612472,0.0,23.78
2026-07-20 19:00:00+00:00,6417.196289,0.0,0.0,0.0,2162.8,1681.300048,1346.3,0.0,2.692836,0.0,27.129999
2026-07-20 20:00:00+00:00,5890.037109,0.0,0.0,0.0,1950.65,1678.400024,1099.1,0.0,0.0,0.0,28.549999
2026-07-20 21:00:00+00:00,6119.206542,0.0,0.0,0.0,1816.82,1676.0,904.1,0.0,0.0,0.0,28.35
2026-07-20 22:00:00+00:00,5911.141113,0.0,0.0,0.0,1100.7,1684.800048,792.9,0.0,0.0,0.0,26.549999
2026-07-20 23:00:00+00:00,5565.216308,0.0,0.0,0.0,730.22,1682.199951,771.78,0.0,0.0,0.0,24.03
2026-07-21 00:00:00+00:00,5321.79541,0.0,0.0,0.0,781.28,1680.0,841.48,0.0,0.0,0.0,23.799999
2026-07-21 01:00:00+00:00,5981.921875,0.0,0.0,0.0,622.15,1678.199951,851.92,0.0,0.0,0.0,21.399999
2026-07-21 02:00:00+00:00,6396.211425,0.0,0.0,0.0,695.42,1676.800048,836.05,0.0,0.0,0.0,21.579999
2026-07-21 03:00:00+00:00,5763.159667,0.0,0.0,0.0,1182.62,1675.900024,868.72,0.0,0.205559,0.0,21.649999
2026-07-21 04:00:00+00:00,6662.289062,0.0,0.0,0.0,1514.22,1675.300048,946.85,0.0,157.308212,0.0,19.479999
2026-07-21 05:00:00+00:00,6516.464843,0.0,0.0,0.0,868.65,1675.300048,914.85,0.0,732.293823,0.0,14.35
2026-07-21 06:00:00+00:00,6251.64746,0.0,0.0,0.0,500.52,1675.599975,692.65,0.0,1542.796264,0.0,11.479999
2026-07-21 07:00:00+00:00,6315.047851,0.0,0.0,0.0,265.2,1676.5,554.1,0.0,2422.901367,0.0,12.149999
2026-07-21 08:00:00+00:00,6697.94873,0.0,0.0,0.0,168.78,1677.800048,475.25,0.0,3174.380859,0.0,12.399999
2026-07-21 09:00:00+00:00,7129.436035,0.0,0.0,0.0,98.42,1679.699951,353.02,0.0,3722.520263,0.0,13.279999
2026-07-21 10:00:00+00:00,6659.250488,0.0,0.0,0.0,78.18,1682.0,335.62,0.0,4101.04541,0.0,17.079999
2026-07-21 11:00:00+00:00,6804.600097,0.0,0.0,0.0,139.68,1684.900024,408.35,0.0,4131.242187,0.0,21.229999
2026-07-21 12:00:00+00:00,6646.752929,0.0,0.0,0.0,101.65,1688.300048,457.9,0.0,4007.001708,0.0,23.93
2026-07-21 13:00:00+00:00,6815.802246,0.0,0.0,0.0,160.7,1692.099975,537.5,0.0,3497.178466,0.0,24.1
2026-07-21 14:00:00+00:00,6850.429199,0.0,0.0,0.0,244.45,1696.300048,728.02,0.0,2894.6958,0.0,22.799999
2026-07-21 15:00:00+00:00,6567.295898,0.0,0.0,0.0,441.22,1700.800048,839.32,0.0,2311.885253,0.0,23.899999
2026-07-21 16:00:00+00:00,7089.356445,0.0,0.0,0.0,491.3,1705.699951,981.8,0.0,1513.832885,0.0,25.549999
2026-07-21 17:00:00+00:00,6937.16455,0.0,0.0,0.0,1735.0,1710.800048,1138.28,0.0,781.539123,0.0,26.649999
2026-07-21 18:00:00+00:00,6978.648925,0.0,0.0,0.0,2345.3,1716.199951,1666.78,0.0,219.832717,0.0,26.68
2026-07-21 19:00:00+00:00,6448.216796,0.0,0.0,0.0,957.58,1721.699951,1081.62,0.0,2.329679,0.0,26.2
2026-07-21 20:00:00+00:00,5681.262207,0.0,0.0,0.0,906.82,1727.400024,721.08,0.0,0.0,0.0,26.799999
2026-07-21 21:00:00+00:00,6210.21875,0.0,0.0,0.0,1318.0,1733.099975,659.25,0.0,0.0,0.0,26.579999
2026-07-21 22:00:00+00:00,5706.341308,0.0,0.0,0.0,740.0,1577.699951,561.58,0.0,0.0,0.0,25.299999
2026-07-21 23:00:00+00:00,5592.71582,0.0,0.0,0.0,383.0,1569.800048,562.72,0.0,0.0,0.0,20.95
2026-07-22 00:00:00+00:00,6103.541992,0.0,0.0,0.0,40.0,1562.400024,556.22,0.0,0.0,0.0,23.5
2026-07-22 01:00:00+00:00,5393.07373,0.0,0.0,0.0,27.0,1555.5,561.52,0.0,0.0,0.0,18.75
2026-07-22 02:00:00+00:00,5559.474121,0.0,0.0,0.0,83.58,1549.199951,633.4,0.0,0.0,0.0,16.85
2026-07-22 03:00:00+00:00,5683.943359,0.0,0.0,0.0,689.5,1543.699951,837.2,0.0,0.123336,0.0,16.95
2026-07-22 04:00:00+00:00,6124.362304,0.0,0.0,0.0,1535.58,1539.099975,970.35,0.0,164.948196,0.0,16.5
2026-07-22 05:00:00+00:00,6822.357421,0.0,0.0,0.0,1088.72,1535.300048,865.9,0.0,747.676513,0.0,13.699999
2026-07-22 06:00:00+00:00,6069.243164,0.0,0.0,0.0,1027.02,1532.599975,631.35,0.0,1586.238037,0.0,9.779999
2026-07-22 07:00:00+00:00,6050.004882,0.0,0.0,0.0,196.58,1530.900024,577.35,0.0,2484.315917,0.0,8.25
2026-07-22 08:00:00+00:00,7412.348632,0.0,0.0,0.0,108.48,1530.5,524.38,0.0,3273.337402,0.0,8.55
2026-07-22 09:00:00+00:00,7460.380371,0.0,0.0,0.0,128.6,1531.300048,472.88,0.0,3839.504394,0.0,8.949999
2026-07-22 10:00:00+00:00,7076.571289,0.0,0.0,0.0,195.42,1533.5,346.68,0.0,4061.88623,0.0,9.479999
2026-07-22 11:00:00+00:00,6941.941894,0.0,0.0,0.0,153.48,1537.099975,412.05,0.0,4153.120605,0.0,10.479999
2026-07-22 12:00:00+00:00,6881.214843,0.0,0.0,0.0,135.32,1542.099975,450.25,0.0,4092.548828,0.0,12.55
2026-07-22 13:00:00+00:00,6705.520996,0.0,0.0,0.0,84.9,1548.300048,523.45,0.0,3853.585449,0.0,13.829999
2026-07-22 14:00:00+00:00,7488.437988,0.0,0.0,0.0,87.85,1555.699951,579.52,0.0,3161.841796,0.0,13.0
2026-07-22 15:00:00+00:00,6755.845703,0.0,0.0,0.0,363.62,1564.300048,723.32,0.0,2525.599121,0.0,12.279999
2026-07-22 16:00:00+00:00,6826.671875,0.0,0.0,0.0,1102.05,1573.800048,891.18,0.0,1726.121582,0.0,13.25
2026-07-22 17:00:00+00:00,6613.727539,0.0,0.0,0.0,1580.12,1584.199951,977.85,0.0,862.276245,0.0,14.6
2026-07-22 18:00:00+00:00,6098.106933,0.0,0.0,0.0,1979.68,1595.400024,1282.25,0.0,228.068817,0.0,15.05
2026-07-22 19:00:00+00:00,6185.742187,0.0,0.0,0.0,1851.98,1607.300048,1283.62,0.0,1.850039,0.0,15.68
2026-07-22 20:00:00+00:00,5890.24121,0.0,0.0,0.0,1354.45,1619.800048,1079.45,0.0,0.0,0.0,12.479999
2026-07-22 21:00:00+00:00,6097.075195,0.0,0.0,0.0,779.1,1632.900024,715.1,0.0,0.0,0.0,8.1
2026-07-22 22:00:00+00:00,5830.726562,0.0,0.0,0.0,504.38,1431.199951,732.9,0.0,0.0,0.0,6.5
2026-07-22 23:00:00+00:00,6077.38623,0.0,0.0,0.0,262.95,1426.800048,623.45,0.0,0.0,0.0,5.829999
2026-07-23 00:00:00+00:00,6628.168457,0.0,0.0,0.0,89.48,1423.300048,525.3,0.0,0.0,0.0,11.75
2026-07-23 01:00:00+00:00,5989.298828,0.0,0.0,0.0,41.5,1420.800048,579.95,0.0,0.0,0.0,11.899999
2026-07-23 02:00:00+00:00,5387.490722,0.0,0.0,0.0,55.15,1419.400024,583.52,0.0,0.0,0.0,11.35
2026-07-23 03:00:00+00:00,6027.725585,0.0,0.0,0.0,476.02,1419.199951,819.4,0.0,0.089075,0.0,15.8
2026-07-23 04:00:00+00:00,6165.578613,0.0,0.0,0.0,1389.8,1420.300048,985.95,0.0,155.197799,0.0,17.25
2026-07-23 05:00:00+00:00,6149.888671,0.0,0.0,0.0,1784.82,1422.699951,1148.1,0.0,706.77008,0.0,12.729999
2026-07-23 06:00:00+00:00,6424.622558,0.0,0.0,0.0,901.15,1426.599975,828.55,0.0,1486.630493,0.0,7.53
2026-07-23 07:00:00+00:00,6815.770996,0.0,0.0,0.0,317.18,1432.0,561.28,0.0,2439.312011,0.0,5.98
2026-07-23 08:00:00+00:00,7515.312011,0.0,0.0,0.0,97.85,1439.0,617.32,0.0,3224.311279,0.0,6.829999
2026-07-23 09:00:00+00:00,6649.205566,0.0,0.0,0.0,70.35,1447.599975,554.9,0.0,3851.427001,0.0,9.449999
2026-07-23 10:00:00+00:00,6975.276855,0.0,0.0,0.0,41.85,1458.099975,281.12,0.0,4085.916015,0.0,12.38
2026-07-23 11:00:00+00:00,6293.308593,0.0,0.0,0.0,49.32,1470.400024,219.25,0.0,4016.265625,0.0,14.85
2026-07-23 12:00:00+00:00,6897.381835,0.0,0.0,0.0,46.88,1484.400024,255.2,0.0,3962.121093,0.0,17.129999
2026-07-23 13:00:00+00:00,6744.233398,0.0,0.0,0.0,27.38,1499.900024,452.28,0.0,3596.375,0.0,18.799999
2026-07-23 14:00:00+00:00,6587.958496,0.0,0.0,0.0,163.08,1516.900024,555.38,0.0,3062.796142,0.0,19.0
2026-07-23 15:00:00+00:00,7167.645507,0.0,0.0,0.0,139.1,1535.099975,655.12,0.0,2499.849365,0.0,18.979999
2026-07-23 16:00:00+00:00,6296.617187,0.0,0.0,0.0,223.3,1554.5,848.1,0.0,1591.877197,0.0,18.549999
2026-07-23 17:00:00+00:00,6929.338378,0.0,0.0,0.0,465.62,1574.800048,858.85,0.0,820.067932,0.0,18.299999
2026-07-23 18:00:00+00:00,7022.72998,0.0,0.0,0.0,1292.18,1596.0,1058.2,0.0,213.371276,0.0,21.25
2026-07-23 19:00:00+00:00,6669.463867,0.0,0.0,0.0,2108.82,1617.900024,1192.92,0.0,1.43892,0.0,23.93
2026-07-23 20:00:00+00:00,6097.985839,0.0,0.0,0.0,1619.28,1640.300048,913.58,0.0,0.0,0.0,24.1
2026-07-23 21:00:00+00:00,5525.766601,0.0,0.0,0.0,1346.68,1663.099975,834.82,0.0,0.0,0.0,25.45
2026-07-23 22:00:00+00:00,5567.841308,0.0,0.0,0.0,522.08,1325.900024,693.72,0.0,0.0,0.0,27.03
2026-07-23 23:00:00+00:00,5430.842773,0.0,0.0,0.0,151.75,1319.599975,592.98,0.0,0.0,0.0,25.229999
2026-07-24 00:00:00+00:00,5536.313964,0.0,0.0,0.0,69.95,1314.300048,570.75,0.0,0.0,0.0,26.729999
2026-07-24 01:00:00+00:00,5862.302734,0.0,0.0,0.0,69.88,1310.300048,553.38,0.0,0.0,0.0,20.129999
2026-07-24 02:00:00+00:00,5966.001953,0.0,0.0,0.0,243.4,1307.599975,574.55,0.0,0.0,0.0,16.75
2026-07-24 03:00:00+00:00,5909.550781,0.0,0.0,0.0,405.08,1306.5,796.92,0.0,0.054816,0.0,14.35
2026-07-24 04:00:00+00:00,6348.266113,0.0,0.0,0.0,1081.98,1306.900024,747.5,0.0,157.822113,0.0,9.579999
2026-07-24 05:00:00+00:00,5887.473632,0.0,0.0,0.0,1028.85,1309.199951,791.62,0.0,770.219604,0.0,7.9
2026-07-24 06:00:00+00:00,7571.615234,0.0,0.0,0.0,453.7,1313.300048,549.65,0.0,1599.619995,0.0,6.849999
2026-07-24 07:00:00+00:00,7081.85205,0.0,0.0,0.0,147.65,1319.5,359.68,0.0,2505.728515,0.0,6.949999
2026-07-24 08:00:00+00:00,7482.82666,0.0,0.0,0.0,64.9,1328.0,300.48,0.0,3292.351806,0.0,7.579999
2026-07-24 09:00:00+00:00,8141.741699,0.0,0.0,0.0,23.2,1338.699951,264.3,0.0,3841.388916,0.0,7.929999
2026-07-24 10:00:00+00:00,7066.089843,0.0,0.0,0.0,37.78,1352.0,236.0,0.0,4174.032714,0.0,8.579999
2026-07-24 11:00:00+00:00,6963.626464,0.0,0.0,0.0,22.8,1367.699951,276.6,0.0,4295.09375,0.0,9.35
2026-07-24 12:00:00+00:00,6524.588867,0.0,0.0,0.0,28.4,1385.900024,282.2,0.0,4136.552246,0.0,9.779999
2026-07-24 13:00:00+00:00,6367.125,0.0,0.0,0.0,38.18,1406.300048,345.15,0.0,3852.283447,0.0,10.1
2026-07-24 14:00:00+00:00,8005.738769,0.0,0.0,0.0,89.58,1428.5,393.52,0.0,3356.383789,0.0,10.5
2026-07-24 15:00:00+00:00,6901.999023,0.0,0.0,0.0,84.3,1452.400024,514.4,0.0,2586.787597,0.0,10.079999
2026-07-24 16:00:00+00:00,6627.263183,0.0,0.0,0.0,253.8,1477.800048,584.05,0.0,1671.052001,0.0,9.029999
2026-07-24 17:00:00+00:00,7840.47705,0.0,0.0,0.0,1300.55,1504.400024,972.58,0.0,823.713195,0.0,8.63
2026-07-24 18:00:00+00:00,5783.886718,0.0,0.0,0.0,2727.22,1531.900024,1549.8,0.0,216.214859,0.0,8.68
2026-07-24 19:00:00+00:00,6377.629394,0.0,0.0,0.0,2979.12,1560.300048,1490.28,0.0,1.151136,0.0,8.479999
2026-07-24 20:00:00+00:00,6088.590332,0.0,0.0,0.0,2469.32,1589.099975,1204.75,0.0,0.0,0.0,8.43
2026-07-24 21:00:00+00:00,5723.267089,0.0,0.0,0.0,1829.22,1618.199951,1012.55,0.0,0.0,0.0,9.05
2026-07-24 22:00:00+00:00,5896.254394,0.0,0.0,0.0,935.12,1321.099975,1016.12,0.0,0.0,0.0,9.6
2026-07-24 23:00:00+00:00,5475.739257,0.0,0.0,0.0,472.35,1320.099975,793.95,0.0,0.0,0.0,10.529999
2026-07-25 00:00:00+00:00,5399.397949,0.0,0.0,0.0,272.0,1319.699951,622.8,0.0,0.0,0.0,8.38
2026-07-25 01:00:00+00:00,5518.654296,0.0,0.0,0.0,297.45,1320.0,591.88,0.0,0.0,0.0,9.199999
2026-07-25 02:00:00+00:00,6258.954589,0.0,0.0,0.0,162.32,1321.099975,622.4,0.0,0.0,0.0,11.399999
2026-07-25 03:00:00+00:00,5596.091796,0.0,0.0,0.0,55.2,1322.900024,457.82,0.0,0.020555,0.0,15.1
2026-07-25 04:00:00+00:00,5973.673828,0.0,0.0,0.0,76.12,1325.599975,399.88,0.0,141.000457,0.0,17.299999
2026-07-25 05:00:00+00:00,5703.208984,0.0,0.0,0.0,35.72,1329.199951,456.15,0.0,696.080993,0.0,19.149999
2026-07-25 06:00:00+00:00,7277.549316,0.0,0.0,0.0,28.08,1333.699951,473.02,0.0,1462.730712,0.0,15.529999
2026-07-25 07:00:00+00:00,7008.093261,0.0,0.0,0.0,23.0,1339.300048,416.05,0.0,2337.833984,0.0,9.729999
2026-07-25 08:00:00+00:00,6834.077636,0.0,0.0,0.0,23.0,1346.0,326.28,0.0,3021.786865,0.0,9.479999
2026-07-25 09:00:00+00:00,7615.660644,0.0,0.0,0.0,23.0,1353.800048,376.88,0.0,3427.665039,0.0,12.479999
2026-07-25 10:00:00+00:00,7530.290039,0.0,0.0,0.0,23.0,1362.800048,422.8,0.0,3727.851074,0.0,17.53
2026-07-25 11:00:00+00:00,7410.455078,0.0,0.0,0.0,23.0,1373.0,419.9,0.0,3877.635986,0.0,20.899999
2026-07-25 12:00:00+00:00,7078.347656,0.0,0.0,0.0,18.0,1384.300048,337.12,0.0,3483.337646,0.0,19.799999
2026-07-25 13:00:00+00:00,7165.558105,0.0,0.0,0.0,18.0,1396.800048,368.8,0.0,3137.051269,0.0,17.03
2026-07-25 14:00:00+00:00,7482.120605,0.0,0.0,0.0,18.0,1410.199951,384.58,0.0,2238.582763,0.0,16.7
2026-07-25 15:00:00+00:00,6323.450683,0.0,0.0,0.0,18.0,1424.5,478.98,0.0,1763.533447,0.0,12.5
2026-07-25 16:00:00+00:00,6030.840332,0.0,0.0,0.0,38.0,1439.5,519.62,0.0,1139.076538,0.0,12.25
2026-07-25 17:00:00+00:00,6480.580566,0.0,0.0,0.0,445.0,1455.300048,543.38,0.0,569.94934,0.0,20.53
2026-07-25 18:00:00+00:00,7019.073242,0.0,0.0,0.0,668.0,1471.699951,736.02,0.0,154.910018,0.0,19.03
2026-07-25 19:00:00+00:00,6114.807128,0.0,0.0,0.0,892.0,1488.599975,697.08,0.0,0.582419,0.0,13.8
2026-07-25 20:00:00+00:00,7181.25,0.0,0.0,0.0,546.0,1505.900024,720.7,0.0,0.0,0.0,14.829999
2026-07-25 21:00:00+00:00,5234.673339,0.0,0.0,0.0,117.0,1523.5,651.78,0.0,0.0,0.0,11.529999
2026-07-25 22:00:00+00:00,5484.159667,0.0,0.0,0.0,18.0,1488.900024,633.2,0.0,0.0,0.0,10.0
2026-07-25 23:00:00+00:00,6656.244628,0.0,0.0,0.0,18.0,1502.599975,644.32,0.0,0.0,0.0,11.43
2026-07-26 00:00:00+00:00,6641.799316,0.0,0.0,0.0,18.0,1516.599975,650.52,0.0,0.0,0.0,25.299999
2026-07-26 01:00:00+00:00,6168.153808,0.0,0.0,0.0,18.0,1530.699951,627.02,0.0,0.0,0.0,19.049999
2026-07-26 02:00:00+00:00,5068.845703,0.0,0.0,0.0,94.0,1544.900024,554.35,0.0,0.0,0.0,18.6
2026-07-26 03:00:00+00:00,6397.614257,0.0,0.0,0.0,88.0,1559.199951,476.48,0.0,0.020555,0.0,15.68
2026-07-26 04:00:00+00:00,5473.265136,0.0,0.0,0.0,23.0,1573.5,479.12,0.0,103.931137,0.0,12.35
2026-07-26 05:00:00+00:00,5766.219726,0.0,0.0,0.0,21.48,1587.699951,469.95,0.0,533.222656,0.0,10.279999
2026-07-26 06:00:00+00:00,5569.914062,0.0,0.0,0.0,18.08,1601.900024,430.52,0.0,832.860595,0.0,9.699999
2026-07-26 07:00:00+00:00,5895.660156,0.0,0.0,0.0,20.5,1616.0,425.52,0.0,1431.951538,0.0,9.68
2026-07-26 08:00:00+00:00,7212.916992,0.0,0.0,0.0,23.0,1629.900024,416.45,0.0,2457.606933,0.0,9.63
2026-07-26 09:00:00+00:00,6177.77539,0.0,0.0,0.0,23.0,1643.5,403.35,0.0,3119.873291,0.0,11.729999
2026-07-26 10:00:00+00:00,6737.440917,0.0,0.0,0.0,23.0,1656.900024,412.62,0.0,3021.766357,0.0,16.049999
2026-07-26 11:00:00+00:00,6809.213378,0.0,0.0,0.0,23.0,1669.900024,367.18,0.0,3468.824951,0.0,22.979999
2026-07-26 12:00:00+00:00,5865.595214,0.0,0.0,0.0,18.0,1682.599975,405.42,0.0,3517.460449,0.0,28.479999
2026-07-26 13:00:00+00:00,7044.875,0.0,0.0,0.0,18.0,1695.0,392.4,0.0,3258.125976,0.0,30.899999
2026-07-26 14:00:00+00:00,7523.549804,0.0,0.0,0.0,18.0,1707.0,445.75,0.0,2767.111572,0.0,32.549999
2026-07-26 15:00:00+00:00,7042.152343,0.0,0.0,0.0,40.0,1718.699951,510.75,0.0,2170.473876,0.0,34.099998
2026-07-26 16:00:00+00:00,6469.973632,0.0,0.0,0.0,145.0,1730.0,525.58,0.0,1378.985595,0.0,34.2
2026-07-26 17:00:00+00:00,6513.257812,0.0,0.0,0.0,239.0,1741.0,615.45,0.0,707.606018,0.0,31.979999
2026-07-26 18:00:00+00:00,6645.002441,0.0,0.0,0.0,360.0,1751.599975,656.02,0.0,178.22052,0.0,28.35
2026-07-26 19:00:00+00:00,5585.751464,0.0,0.0,0.0,26.0,1761.800048,478.7,0.0,0.500195,0.0,28.629999
2026-07-26 20:00:00+00:00,6778.409179,0.0,0.0,0.0,19.0,1771.699951,497.55,0.0,0.0,0.0,29.35
2026-07-26 21:00:00+00:00,6876.030761,0.0,0.0,0.0,157.0,1781.199951,473.5,0.0,0.0,0.0,29.45
2026-07-26 22:00:00+00:00,5594.142578,0.0,0.0,0.0,198.0,1517.300048,472.48,0.0,0.0,0.0,29.43
2026-07-26 23:00:00+00:00,5568.286132,0.0,0.0,0.0,127.0,1505.699951,461.08,0.0,0.0,0.0,28.68
2026-07-27 00:00:00+00:00,5018.173828,0.0,0.0,0.0,162.0,1494.5,445.52,0.0,0.0,0.0,32.029998
2026-07-27 01:00:00+00:00,4802.083496,0.0,0.0,0.0,224.0,1483.900024,366.98,0.0,0.0,0.0,30.95
2026-07-27 02:00:00+00:00,5453.091308,0.0,0.0,0.0,163.0,1474.199951,413.75,0.0,0.0,0.0,29.899999
2026-07-27 03:00:00+00:00,5700.849121,0.0,0.0,0.0,181.0,1465.5,449.95,0.0,0.0,0.0,28.6
2026-07-27 04:00:00+00:00,6273.138183,0.0,0.0,0.0,155.0,1458.099975,526.82,0.0,89.781753,0.0,26.0
2026-07-27 05:00:00+00:00,5957.929687,0.0,0.0,0.0,466.65,1452.099975,709.98,0.0,496.80426,0.0,25.43
2026-07-27 06:00:00+00:00,6872.08789,0.0,0.0,0.0,307.92,1447.699951,628.0,0.0,1155.439086,0.0,27.079999
2026-07-27 07:00:00+00:00,6742.429687,0.0,0.0,0.0,331.0,1445.099975,510.25,0.0,2105.194824,0.0,26.53
2026-07-27 08:00:00+00:00,6603.725097,0.0,0.0,0.0,138.0,1444.5,441.72,0.0,2808.072998,0.0,22.6
2026-07-27 09:00:00+00:00,7032.993652,0.0,0.0,0.0,33.58,1446.099975,375.22,0.0,3267.10205,0.0,18.629999
2026-07-27 10:00:00+00:00,6464.557128,0.0,0.0,0.0,23.0,1450.099975,372.8,0.0,3557.270507,0.0,20.799999
2026-07-27 11:00:00+00:00,7022.87207,0.0,0.0,0.0,23.0,1456.699951,429.75,0.0,3500.227783,0.0,22.629999
2026-07-27 12:00:00+00:00,6978.449218,0.0,0.0,0.0,18.0,1465.699951,432.92,0.0,3369.971191,0.0,23.479999
2026-07-27 13:00:00+00:00,6892.133789,0.0,0.0,0.0,18.0,1477.0,479.88,0.0,3102.332031,0.0,23.28
2026-07-27 14:00:00+00:00,6988.742187,0.0,0.0,0.0,18.0,1490.5,545.55,0.0,2793.217773,0.0,21.479999
2026-07-27 15:00:00+00:00,7322.449218,0.0,0.0,0.0,82.0,1506.099975,637.35,0.0,2229.675048,0.0,19.75
2026-07-27 16:00:00+00:00,7482.278808,0.0,0.0,0.0,237.0,1523.5,771.08,0.0,1434.466186,0.0,18.729999
2026-07-27 17:00:00+00:00,6851.643554,0.0,0.0,0.0,583.0,1542.699951,883.85,0.0,741.078063,0.0,17.2
2026-07-27 18:00:00+00:00,6791.870605,0.0,0.0,0.0,743.0,1563.5,1270.0,0.0,176.391036,0.0,14.5
2026-07-27 19:00:00+00:00,6401.729492,0.0,0.0,0.0,748.0,1585.800048,1310.38,0.0,0.363155,0.0,10.479999
2026-07-27 20:00:00+00:00,6355.300292,0.0,0.0,0.0,679.0,1609.400024,919.52,0.0,0.0,0.0,8.38
2026-07-27 21:00:00+00:00,6283.86621,0.0,0.0,0.0,783.0,1634.199951,658.82,0.0,0.0,0.0,8.35
2026-07-27 22:00:00+00:00,5353.908691,0.0,0.0,0.0,390.0,1439.199951,724.28,0.0,0.0,0.0,8.85
2026-07-27 23:00:00+00:00,6066.583984,0.0,0.0,0.0,288.0,1443.0,632.38,0.0,0.0,0.0,10.25
2026-07-28 00:00:00+00:00,5536.378906,0.0,0.0,0.0,274.0,1448.300048,629.05,0.0,0.0,0.0,10.5
2026-07-28 01:00:00+00:00,6118.41748,0.0,0.0,0.0,163.0,1455.199951,617.8,0.0,0.0,0.0,13.3
2026-07-28 02:00:00+00:00,5810.338867,0.0,0.0,0.0,171.25,1463.800048,726.78,0.0,0.0,0.0,13.3
2026-07-28 03:00:00+00:00,5879.607421,0.0,0.0,0.0,615.3,1474.199951,860.75,0.0,0.0,0.0,12.899999
2026-07-28 04:00:00+00:00,6369.856933,0.0,0.0,0.0,784.18,1486.400024,933.02,0.0,120.581497,0.0,15.279999
2026-07-28 05:00:00+00:00,6969.57666,0.0,0.0,0.0,804.4,1500.5,808.0,0.0,682.925109,0.0,15.93
2026-07-28 06:00:00+00:00,6339.842773,0.0,0.0,0.0,267.12,1516.699951,618.92,0.0,1453.26123,0.0,12.75
2026-07-28 07:00:00+00:00,6990.873046,0.0,0.0,0.0,63.28,1535.0,500.85,0.0,2348.591552,0.0,10.979999
2026-07-28 08:00:00+00:00,7972.95996,0.0,0.0,0.0,63.98,1555.400024,500.4,0.0,3073.395996,0.0,11.229999
2026-07-28 09:00:00+00:00,6779.291503,0.0,0.0,0.0,63.7,1578.199951,457.22,0.0,3582.794433,0.0,11.05
2026-07-28 10:00:00+00:00,6582.470214,0.0,0.0,0.0,65.2,1603.199951,415.4,0.0,3846.356445,0.0,10.979999
2026-07-28 11:00:00+00:00,6692.631835,0.0,0.0,0.0,73.12,1630.699951,448.08,0.0,4006.521972,0.0,10.68
2026-07-28 12:00:00+00:00,7199.102539,0.0,0.0,0.0,116.7,1660.300048,321.4,0.0,3886.954589,0.0,10.729999
2026-07-28 13:00:00+00:00,6891.702636,0.0,0.0,0.0,140.6,1691.900024,418.62,0.0,3481.555908,0.0,11.1
2026-07-28 14:00:00+00:00,6467.451171,0.0,0.0,0.0,207.4,1725.199951,608.15,0.0,2998.661376,0.0,10.949999
2026-07-28 15:00:00+00:00,6602.791503,0.0,0.0,0.0,283.52,1760.0,888.95,0.0,2315.427734,0.0,9.579999
2026-07-28 16:00:00+00:00,7113.034667,0.0,0.0,0.0,1108.62,1795.900024,1168.92,0.0,1519.739379,0.0,7.579999
2026-07-28 17:00:00+00:00,6686.604003,0.0,0.0,0.0,1945.08,1832.800048,1624.82,0.0,750.965515,0.0,6.829999
2026-07-28 18:00:00+00:00,6607.900878,0.0,0.0,0.0,2521.35,1870.400024,2068.9,0.0,165.475799,0.0,7.699999
2026-07-28 19:00:00+00:00,6842.673828,0.0,0.0,0.0,2564.75,1908.400024,2067.52,0.0,0.157596,0.0,8.899999
2026-07-28 20:00:00+00:00,6478.529296,0.0,0.0,0.0,2347.65,1946.699951,1621.85,0.0,0.0,0.0,10.829999
2026-07-28 21:00:00+00:00,5701.35791,0.0,0.0,0.0,1517.72,1984.900024,848.9,0.0,0.0,0.0,11.63
2026-07-28 22:00:00+00:00,6008.55957,0.0,0.0,0.0,530.88,1462.329956,836.9,0.0,0.0,0.0,9.899999
2026-07-28 23:00:00+00:00,5441.433105,0.0,0.0,0.0,123.22,1458.849975,801.92,0.0,0.0,0.0,10.1
2026-07-29 00:00:00+00:00,5108.965332,0.0,0.0,0.0,50.3,1455.349975,694.05,0.0,0.0,0.0,9.38
2026-07-29 01:00:00+00:00,5119.086425,0.0,0.0,0.0,61.1,1451.75,670.72,0.0,0.0,0.0,9.199999
2026-07-29 02:00:00+00:00,5133.720703,0.0,0.0,0.0,69.6,1448.25,805.78,0.0,0.0,0.0,8.88
2026-07-29 03:00:00+00:00,5411.260253,0.0,0.0,0.0,412.65,1444.680053,1114.72,0.0,0.0,0.0,14.3
2026-07-29 04:00:00+00:00,6733.845703,0.0,0.0,0.0,953.85,1581.75,942.25,0.0,106.911758,0.0,17.329999
2026-07-29 05:00:00+00:00,7177.393066,0.0,0.0,0.0,975.4,1575.800048,1062.4,0.0,593.41748,0.0,17.879999
2026-07-29 06:00:00+00:00,6866.099121,0.0,0.0,0.0,329.48,1569.880004,839.52,0.0,1353.324829,0.0,15.18
2026-07-29 07:00:00+00:00,8160.114746,0.0,0.0,0.0,113.92,1564.050048,640.02,0.0,2190.721435,0.0,13.329999
2026-07-29 08:00:00+00:00,7223.277343,0.0,0.0,0.0,104.05,1551.050048,485.22,0.0,2865.746337,0.0,14.529999
2026-07-29 09:00:00+00:00,8189.404785,0.0,0.0,0.0,138.48,1545.329956,411.1,0.0,3451.557861,0.0,14.68
2026-07-29 10:00:00+00:00,6674.207519,0.0,0.0,0.0,98.22,1539.930053,419.15,0.0,3597.025878,0.0,14.149999
2026-07-29 11:00:00+00:00,7563.836425,0.0,0.0,0.0,130.45,1534.829956,403.98,0.0,3688.260253,0.0,12.279999
2026-07-29 12:00:00+00:00,8037.279785,0.0,0.0,0.0,178.82,1556.5,399.38,0.0,3593.243652,0.0,12.5
2026-07-29 13:00:00+00:00,8265.550781,0.0,0.0,0.0,196.72,1551.900024,397.25,0.0,3444.932128,0.0,15.699999
2026-07-29 14:00:00+00:00,8234.120117,0.0,0.0,0.0,272.98,1547.599975,455.52,0.0,2910.476074,0.0,20.03
2026-07-29 15:00:00+00:00,7998.357421,0.0,0.0,0.0,500.18,1543.530029,740.38,0.0,2209.701416,0.0,24.379999
2026-07-29 16:00:00+00:00,6753.99707,0.0,0.0,0.0,1179.48,1539.72998,906.92,0.0,1435.240478,0.0,25.28
2026-07-29 17:00:00+00:00,6517.078613,0.0,0.0,0.0,2541.28,1536.180053,1734.2,0.0,715.335083,0.0,21.85
2026-07-29 18:00:00+00:00,7155.773925,0.0,0.0,0.0,2014.08,1532.800048,2006.9,0.0,160.939773,0.0,16.95
2026-07-29 19:00:00+00:00,7056.347167,0.0,0.0,0.0,764.0,1529.630004,1586.15,0.0,0.123336,0.0,13.55
2026-07-29 20:00:00+00:00,6718.833984,0.0,0.0,0.0,0.0,1526.599975,0.0,0.0,0.0,0.0,10.68
